"Wavenumber (cm-1)",FT,FT,FT,UV-FT,UV-FT,UV-FT,UV,UV,UV,H,H,H,C,C,C,"Reference AF Paint","Reference AF Paint","Reference AF Paint"
935,0.02670899587206,0.03267069969240,0.04000797242114,0.28480899082336,0.06946653190999,0.12433739688659,0.31608487141373,0.10600778377109,0.17648739011376,0.03728787072337,0.05725950831317,0.01995699028113,0.00825014432841,0.04860961037892,0.04031582986460,0.127,,
937,0.02953073724372,0.02900387695812,0.04084671281112,0.29181715099186,0.09650079337049,0.07958097533530,0.32792621422508,0.10035207856959,0.24658660592315,0.04071026478488,0.06008682612228,0.02454867040067,0.01255428446440,0.05583443903272,0.03785974112149,0.123,,
939,0.02919308808446,0.02783294991116,0.04157202507315,0.31440617493068,0.08500364704734,0.10489999994290,0.33909326277817,0.10897862481033,0.27482402159893,0.05010941244515,0.06551105106957,0.02472162237783,0.01991383894391,0.05968220350503,0.03281383671183,0.148,,
941,0.03602170706776,0.03091052078683,0.04830478337695,0.33868853423072,0.10965472314332,0.13431034526191,0.34181204558974,0.12805437227106,0.27663660984316,0.05665211531531,0.06614528846930,0.02868801708216,0.02324410975923,0.06180111909531,0.03668295639838,0.154,,
943,0.04747557111829,0.03821384664023,0.04942420504022,0.36466479321117,0.10768967045501,0.16183864756702,0.36670885979972,0.13465859603613,0.29465663890967,0.06578118547508,0.06798864619696,0.03250358249515,0.03118394173022,0.06720457278538,0.04177929184000,0.165,,
945,0.05417796300578,0.04483374142701,0.04946987463289,0.37596208475735,0.11109035929558,0.19847449513567,0.36761179167330,0.14345643535135,0.29666820254274,0.06762556585260,0.07395109470572,0.03221315788175,0.03180436466521,0.07132624974919,0.04340876222270,0.183,,
947,0.05289766928948,0.04778619327161,0.05250691953599,0.37397555801116,0.13063055420037,0.20507579859009,0.37287208023540,0.16266764152697,0.31107061098804,0.06852047945078,0.08376111054235,0.03334082783097,0.03481819145440,0.07219111198654,0.04751256454517,0.176,,
949,0.05542636000517,0.05449204597392,0.05574530577682,0.38020574809373,0.17272791885342,0.20078425623010,0.37460461787497,0.17715354012587,0.33434203328936,0.06786011251559,0.08762397094574,0.03509430013036,0.03678277917996,0.07358641261101,0.05040197532110,0.188,,
951,0.05828396917877,0.05295127694399,0.05632059118381,0.38647098664133,0.20378189129522,0.21531267213901,0.36889552402614,0.19892673810601,0.33027354422402,0.07042920652007,0.09151305913522,0.03476461399038,0.03935789067370,0.07664859326552,0.05110920767084,0.189,,
953,0.06040992647236,0.05321235844590,0.05863894540016,0.39532768392000,0.21083614349029,0.21602730812191,0.35488098114206,0.20818923857861,0.33687183139867,0.07357004372516,0.09308342281805,0.03585509048012,0.04071124146180,0.08000297295207,0.04987774238911,0.191,,
955,0.06094311061312,0.05421767213368,0.05879139322644,0.40232885675974,0.21350986964701,0.20932637866617,0.35958194511662,0.21021335517810,0.34546837886082,0.07285357160290,0.09546564597313,0.03712833046398,0.04087384123150,0.07854389054672,0.05158802770301,0.195,,
957,0.05953985421307,0.05432322477339,0.05852791912206,0.41270964377745,0.21387652269385,0.20564208707263,0.35300263862578,0.22293601906754,0.35153325187100,0.07392469271345,0.10153609915975,0.03695604238015,0.04043506504852,0.07866321682769,0.05261452711389,0.182,,
959,0.06216323986404,0.05810697349305,0.06051403325888,0.42992847447180,0.22550295102908,0.21337424188770,0.35310477129121,0.23759537962152,0.35441830286156,0.07853249241992,0.10422890289378,0.04010259195224,0.04406005796427,0.08233105160628,0.05241838893241,0.189,,
961,0.06438170681101,0.06126722023214,0.06132429189568,0.44809601696710,0.24339396971491,0.22540425165431,0.35551698445163,0.25626281519215,0.35644503259210,0.08284670429214,0.10810749576984,0.04367913484766,0.04676242512472,0.08732400298334,0.05697177991877,0.207,,
963,0.06772214026039,0.06418054577181,0.06431101454129,0.46678406919626,0.25696546038531,0.23099762228020,0.34633185534013,0.27172492229349,0.36197183789715,0.08621131705773,0.11425332583993,0.04420510538213,0.04962494653223,0.08945682149461,0.05619275611751,0.207,,
965,0.06981827619284,0.06643035785653,0.06753580818946,0.49667649804508,0.26753464241834,0.23152673885440,0.34115012141592,0.29385261240793,0.36764040706994,0.09175864512936,0.11658890347897,0.04595885133074,0.05368234416137,0.09650006568429,0.05784335603921,0.203,,
967,0.07448492602583,0.06962147838045,0.06981511186210,0.52530513553806,0.27755584039093,0.23934126351151,0.33546861386422,0.31982894726413,0.37687635692532,0.09875603859851,0.12342349549262,0.05065746487761,0.05847959195960,0.10291583337630,0.06208707729295,0.210,,
969,0.07674959714762,0.07152853856442,0.07228106434169,0.54479748721571,0.29285867458882,0.25254250671338,0.33196726215403,0.34752963772819,0.38777137575037,0.10240490887014,0.12880400698101,0.05409333565422,0.06054546868232,0.10812296989971,0.06111862308353,0.240,,
971,0.07831287756316,0.07396425120264,0.07388355863653,0.56708870382093,0.30655180556782,0.25864940328778,0.33013173332907,0.37980933851935,0.39782310889489,0.10448276117550,0.13251169795283,0.05534863118246,0.06169636072100,0.11299507981765,0.06298794046234,0.238,,
973,0.08188855814310,0.07621054863256,0.07779331998798,0.57990680665730,0.30735822610919,0.26481303986333,0.32716416379380,0.41488709600221,0.40903333032207,0.11001286313218,0.13913582805592,0.05859406160833,0.06474532148058,0.12052272290413,0.06288658936971,0.231,,
975,0.08317318847489,0.07825470629062,0.08159258366064,0.59570723626489,0.30815488207453,0.27161611769743,0.32608977871359,0.45751265094544,0.42410178546061,0.11623671221109,0.14081305286694,0.06062900362769,0.06836433056304,0.12944117345470,0.06350299815482,0.228,,
977,0.08543990003009,0.08283713137587,0.08523302023950,0.61641689257653,0.30713041618294,0.28205160464836,0.32027066946982,0.48954740629137,0.43988015657027,0.11974128133817,0.14554483607536,0.06236770249424,0.07119344325600,0.13466459961126,0.06621534306534,0.232,,
979,0.08938543050567,0.08489043833705,0.08870757783833,0.63351535425847,0.30354240847573,0.28446001823303,0.31777590409192,0.52750095147163,0.45037792758710,0.11966858257389,0.14983361120520,0.06418066647324,0.07206438231097,0.13759825980848,0.06372042473141,0.244,,
981,0.08954298307784,0.08508702552985,0.09204589440077,0.64566066847737,0.30105263554887,0.29318354284417,0.32114979759650,0.55932366102166,0.46083792676601,0.12269635403501,0.15202407128954,0.06522684220184,0.07142019904923,0.14608992126261,0.06511084644958,0.247,,
983,0.08958531837330,0.08722331384738,0.09593475820977,0.65384336745540,0.30353056602824,0.29800734598404,0.32493025676335,0.58552286153799,0.47359641089856,0.12487011880841,0.15778419055006,0.06568943606346,0.07259728359661,0.15113753761797,0.06567618766078,0.256,,
985,0.09244637382227,0.08693360488404,0.09963658511094,0.65541167041374,0.31317056832041,0.30870586440818,0.33095540403979,0.61394230569153,0.48819333778915,0.12408558059424,0.16484004184517,0.06452965798846,0.07249696117646,0.15416099349336,0.06384332460237,0.259,,
987,0.09463372562079,0.08662062580126,0.10296277569515,0.65885049288682,0.31646749684665,0.31991324564108,0.33981226888381,0.63902540655337,0.50454348891040,0.12499262707111,0.17330012964141,0.06384360522346,0.07131400027721,0.15856613864859,0.06644384827714,0.265,,
989,0.09850538867646,0.09077650532438,0.10859645227145,0.67464592225851,0.31715781113131,0.33273356385182,0.35251527784284,0.65969468438583,0.52144464940456,0.13072471225966,0.18199622188220,0.06404348469759,0.07417325012251,0.16578018368296,0.06738423379079,0.272,,
991,0.10216362036956,0.09498833044735,0.11456174199799,0.68914130756963,0.34216380214736,0.34484606958392,0.36879977244825,0.68072827545112,0.54096751739877,0.13685980689943,0.19111249933199,0.06419833720410,0.07939861339934,0.17245524083429,0.06938211644287,0.280,,
993,0.10571882576046,0.09933671327127,0.12223124578031,0.69589107393752,0.34489726647681,0.35730056085294,0.37996084244870,0.69554953361899,0.56092697992503,0.13993740194733,0.20497123233914,0.06360283766019,0.08294071576439,0.17442725132790,0.07348148649546,0.281,,
995,0.11162545431684,0.10363081429046,0.12838471489565,0.70307112072704,0.36335269113370,0.37143975891211,0.40483683493855,0.71151907730175,0.58411463392495,0.14760241106975,0.21333336005349,0.06509196248868,0.08839672946687,0.18360902755270,0.07396717301735,0.296,,
997,0.11541316774099,0.10819775684624,0.13421453350958,0.71386299275007,0.39533774762074,0.39118457687164,0.43634353096708,0.73281015841264,0.61352321582047,0.15691396525267,0.22669660676928,0.06611378655792,0.09688390489428,0.19232154025484,0.07850793287549,0.310,,
999,0.12052838776446,0.11269592054415,0.14114223020497,0.73647592930217,0.39825800758885,0.41602017129680,0.47959836073587,0.75451298013051,0.64592936014043,0.16352955955092,0.24096411058342,0.06756709055388,0.10322348223318,0.19801989980566,0.08382149549938,0.309,,
1001,0.12535957612328,0.11683846510283,0.14613387921558,0.73932480862713,0.42577595653059,0.43967168322411,0.53581297876616,0.76496971683690,0.67990015643010,0.16970731056534,0.24505376394954,0.07163178326355,0.10814369629905,0.20601589109902,0.08529344635867,0.315,,
1003,0.12947050497987,0.12181375165236,0.15130796049206,0.75617524380658,0.43914916196435,0.46573563495469,0.60030916037367,0.78498279201179,0.72388825488873,0.17737346777824,0.26176962649868,0.07806964224529,0.11627649918020,0.21212738496529,0.09005604913855,0.331,,
1005,0.13507922040891,0.12614479730197,0.15810300663267,0.78446462681945,0.44378351247293,0.49978882941158,0.63918351952113,0.81337685121186,0.76874819950548,0.18715041204068,0.27398819436126,0.08421454372806,0.12441937722036,0.22190424943790,0.09460074595176,0.337,,
1007,0.13930414750611,0.13028223231794,0.16341637876352,0.81050089616777,0.47018243378169,0.52988304710512,0.68623660649589,0.84155301175761,0.80830901152834,0.19752482473378,0.27173001230923,0.09422405305208,0.13312354780726,0.23296591175313,0.09777119704662,0.344,,
1009,0.14532758981114,0.13509288788768,0.16782342125176,0.83254775369638,0.48288696450190,0.56191847314793,0.73720008871825,0.86620554304755,0.84546083039232,0.20569834758652,0.28156183647728,0.10774841306842,0.14159967739128,0.24206272884929,0.10365026926472,0.349,,
1011,0.15283052037557,0.13843827066295,0.16672391308603,0.85321992195213,0.49202997432973,0.60282819081573,0.77131387530325,0.88874002093585,0.87968593432022,0.21926269707006,0.29591176398617,0.11547765911445,0.15190281299754,0.25648037648567,0.10782645144331,0.356,,
1013,0.16023860130727,0.14433272708152,0.16949275785062,0.87601334675368,0.51458332277505,0.63689960990449,0.81452399457627,0.91599220548576,0.90715872835561,0.23372161447071,0.30729584000712,0.11382592506127,0.16429525266131,0.26919949913954,0.11216740138140,0.361,,
1015,0.16893526410214,0.14708577853843,0.17259083697398,0.89648955184327,0.52938334396577,0.66138379291668,0.85204105111286,0.93800619232631,0.92583206935493,0.24563156887573,0.30833185196991,0.10425029863603,0.17461989046590,0.27991465447761,0.11699745791344,0.373,,
1017,0.17778068552515,0.14954485618330,0.17204553532961,0.90912794044820,0.56156356148236,0.69359326656360,0.87542038097422,0.94750115185727,0.94073534647039,0.26087021859038,0.30355871526077,0.10489031616856,0.18675919249485,0.29072522864759,0.12124949857847,0.381,,
1019,0.18601307132350,0.15377412528246,0.16824299378905,0.91572981242941,0.55167123648113,0.71788728016425,0.89806313179581,0.96122716486101,0.95212291631377,0.26736376972613,0.29584406271417,0.12523137189544,0.19629057602745,0.29359097620437,0.12786125373357,0.381,,
1021,0.19619360960905,0.15633079970926,0.17081148254666,0.92884870961381,0.57283178175582,0.73978737170055,0.91942354402323,0.97928423265162,0.96485479809016,0.27647237226856,0.29977155963058,0.13458967649660,0.20635087263118,0.29852233791257,0.13303249228992,0.376,,
1023,0.20591125545470,0.15904369675879,0.17360974768087,0.94150459988183,0.59341884822486,0.76112774727705,0.94090641078519,0.99042398337560,0.97194488363717,0.28836959736317,0.31346251762944,0.14226619522822,0.21713727702892,0.30658368626777,0.13802681162800,0.380,,
1025,0.21075411979129,0.16125520043533,0.17898903569599,0.95160213336565,0.58936705362801,0.77227289213062,0.95609816221200,0.99654319223448,0.98069345808688,0.28990643948212,0.30616697745665,0.15828109623936,0.22013718495797,0.30957053365669,0.14412921268432,0.388,,
1027,0.21569816917684,0.16396839960986,0.18986058300928,0.96577515326125,0.62891928570388,0.77982408960771,0.96261073637754,1.00000000000000,0.98733887678635,0.28810916116741,0.27755546056590,0.16399448879145,0.22037899876324,0.30963081090805,0.14698385308169,0.386,,
1029,0.22134669589407,0.16707742463510,0.18857819661338,0.97990955034911,0.63095349948158,0.78686515038776,0.98000065818881,0.99956637615172,0.98825291282830,0.29262059252578,0.29326007183757,0.16474648110074,0.22401344662650,0.31698696973939,0.15228292666491,0.382,,
1031,0.22396753986013,0.16810837782662,0.18044712972130,0.99121041563085,0.61896815666364,0.79290153824632,0.99078720435471,0.99631958725112,0.99457074658722,0.30027228667518,0.32355642970678,0.16771223977447,0.23141383573181,0.32017965027177,0.15744709129104,0.380,,
1033,0.22592644865452,0.16944338270311,0.17548646097208,0.99936611944847,0.65676066780971,0.79360093765566,0.99840627239446,0.99262238429841,1.00000000000000,0.31093451897904,0.34313895847650,0.17345431098725,0.24375343699128,0.31880363043174,0.16059603540298,0.396,,
1035,0.22747946531984,0.17174736609156,0.16598728322414,0.99932760781290,0.66292258364782,0.78560917522111,0.99681936085008,0.98161099411869,0.99541958689811,0.32921654821085,0.29903517618169,0.17561632594964,0.26015950555696,0.32262162937351,0.16364462162221,0.395,,
1037,0.22771105620788,0.17608598258744,0.15383818610223,0.99995375645422,0.64940938263225,0.78041352349237,0.99076086227873,0.97197885756713,0.98779684381610,0.36545540976624,0.26214565032402,0.17326423819610,0.29012663910911,0.32603887336628,0.16388492347874,0.401,,
1039,0.22951670304761,0.17785498541387,0.14786459369423,1.00000000000000,0.66275709693052,0.77168539933238,1.00000000000000,0.95906828985393,0.98070355858642,0.39387058303763,0.30751543999208,0.17049502533005,0.31619250143683,0.32510737515518,0.16359986197134,0.390,,
1041,0.23252430435228,0.17935375786541,0.14141302194750,0.98814127144474,0.65867471001110,0.76039521135769,0.97966889348957,0.94361082624593,0.96632645176945,0.38015475678864,0.33482880285284,0.16762226308238,0.30688607477198,0.32094232908811,0.16378749461780,0.388,,
1043,0.23295677933357,0.18006102193564,0.13832234030244,0.98404116426751,0.65695356789516,0.74314321654157,0.96823049893279,0.92836214765765,0.94390851898471,0.33985604478246,0.34203257779031,0.16415093135381,0.27376902392930,0.31881954127035,0.16146809538361,0.389,,
1045,0.23243489911021,0.17799345845135,0.13394878265378,0.98257743382205,0.64540909864815,0.72391393613289,0.96234822144414,0.90330723079984,0.91894010286279,0.30627809481891,0.34365962590007,0.15937958728532,0.24421857852069,0.31890445160864,0.15935621737978,0.380,,
1047,0.23094645456103,0.17737065685536,0.13195897705801,0.97060402917045,0.63889706525947,0.70337595142944,0.93888461384708,0.87872636396559,0.89276837525076,0.33850935676463,0.33715277992831,0.15498538064661,0.27390922195577,0.31260649134938,0.15581440444927,0.375,,
1049,0.22723088693434,0.17320164577739,0.13151536446537,0.95681098229444,0.62229787197764,0.67131662266863,0.91316446154602,0.85249741072596,0.86070011285085,0.34178801222012,0.31361675645265,0.14949487613374,0.28272135140096,0.30768683673692,0.14802343473750,0.377,,
1051,0.22003206266254,0.17031807344164,0.12834787764647,0.93842212204738,0.58314521534129,0.64450031762384,0.87426002901077,0.82272186001599,0.82407887893359,0.32916770144143,0.27375250339425,0.14042455027224,0.27474609672855,0.29524960276214,0.14124983420540,0.367,,
1053,0.21187635167487,0.16516758300001,0.12420827218419,0.91448382683759,0.56272234391371,0.62044037093026,0.83486732519696,0.79320101037421,0.78598466741121,0.30817163128274,0.24953438652874,0.13203824047925,0.25712427531038,0.28616457263974,0.13640581604839,0.359,,
1055,0.20497129598797,0.16046080655387,0.11800524929423,0.88603574584667,0.54084231233377,0.58704900963727,0.80809679909660,0.76446087996886,0.75187359684607,0.28074735156891,0.23723412026845,0.12418526847529,0.23703979204798,0.27653648551830,0.13201339262353,0.360,,
1057,0.19880408761923,0.16079363284856,0.11382813657737,0.85430780436848,0.54435009060718,0.55518811112108,0.76899721663098,0.74047900433252,0.72039697932028,0.26395575991446,0.24524843598802,0.11681250416370,0.22490088136837,0.26444623303931,0.12821206809287,0.361,,
1059,0.19469291697571,0.16022691346246,0.10850991174826,0.82727117379515,0.53519350584983,0.53814525622985,0.74170863056310,0.71648907719449,0.69439386127676,0.30160356675065,0.27479339749776,0.11158297652055,0.26027321504903,0.26361758533865,0.12746976986314,0.363,,
1061,0.19202794851983,0.16336487104203,0.10651473090599,0.80254762077548,0.49895743708012,0.51878127082001,0.71607154556691,0.69689285709881,0.66959802404040,0.34546609141857,0.30287925047425,0.10863039878164,0.30137179759727,0.25624925093777,0.12931729151863,0.364,,
1063,0.19295726928984,0.17092320808081,0.10505956840012,0.77420245853268,0.50276114803506,0.50467215626425,0.68639963337887,0.68000214537264,0.64937268873949,0.37248721544994,0.31657469405428,0.10562328203901,0.32831329701215,0.25360449607787,0.12860667407536,0.365,,
1065,0.19522709182234,0.18376780001202,0.10307434464131,0.74180789608553,0.50571897140458,0.49588337459177,0.66616927548223,0.66073667555447,0.63132907094690,0.36035076451363,0.29034422196027,0.10414935955937,0.31757524578066,0.25753069563052,0.12890751975055,0.370,,
1067,0.20056375237311,0.20051603735764,0.10496491924591,0.71313809808606,0.48637532107239,0.48483716325689,0.64296687027954,0.64634420295469,0.61167124617257,0.34304268482350,0.26929893617982,0.10344914055616,0.30022808456817,0.26674395415888,0.13029394059124,0.369,,
1069,0.20538014389180,0.21471967512506,0.10919165748045,0.68353914673880,0.50024811303100,0.48011756337358,0.62344644560240,0.63632329295652,0.59402777945207,0.45042807276416,0.27371026371860,0.10586286295811,0.39529107055228,0.26760537257401,0.13318970200759,0.371,,
1071,0.20662309245993,0.22448844597208,0.11698519315647,0.64789879273989,0.48212778001062,0.46667572930932,0.60743207698571,0.62384407138573,0.57365425877454,0.50325666193995,0.27709172681531,0.10743779118320,0.44307727117678,0.26867597037410,0.13766870539327,0.372,,
1073,0.21118792672918,0.23464552769773,0.12450029272776,0.61631941592662,0.47324123064635,0.45339577982731,0.59281445424005,0.61039873028685,0.55502359915188,0.48530437661530,0.28562873045726,0.10678705336850,0.42789358342964,0.27487290479602,0.13815010852748,0.366,,
1075,0.21397422012498,0.23017113410517,0.13663867910468,0.58485259362152,0.49938214803819,0.44311593986935,0.58629811226914,0.59792159901427,0.53674874482729,0.43529221568860,0.30928698807689,0.10774722780899,0.38109346058232,0.27625611279456,0.13931905389989,0.357,,
1077,0.21540877743308,0.20795973426363,0.14934663103330,0.55570887069698,0.46964689643480,0.43109486119387,0.58296065996953,0.58712119460587,0.51865996089534,0.36991207355700,0.33310927752579,0.10694595824520,0.32242818397027,0.27529568535422,0.14228036120259,0.353,,
1079,0.21433286928294,0.16392097949212,0.15585219452729,0.52841629610992,0.45447500610095,0.41778168386472,0.57848072869866,0.57410448247256,0.50356264405679,0.35057108002879,0.34490537332939,0.10393874734044,0.30793987504340,0.26971991827513,0.14002806163290,0.351,,
1081,0.21030810842221,0.18732615497033,0.15983522756453,0.50268148918956,0.46845433207781,0.40260731916884,0.58210090315942,0.55871563935129,0.49069873641427,0.37585142005884,0.35156935851460,0.10031550466463,0.32942785993701,0.26554894223636,0.13606340424421,0.347,,
1083,0.20939482524670,0.21131658630409,0.16246216506509,0.47820338163531,0.45651907126829,0.38731629096929,0.58654134337218,0.54508424343950,0.47830806218929,0.34846372544897,0.37579406863137,0.09675039123818,0.30472814624377,0.25932571326464,0.13641023694746,0.340,,
1085,0.20413262366764,0.18195466220401,0.16928114411918,0.45392403947716,0.45621751555545,0.37336129881276,0.59082359387890,0.53091692123352,0.46400056985226,0.32311161740825,0.40960612380667,0.09403039243228,0.28279095868096,0.25150908267442,0.13580472413818,0.339,,
1087,0.20179294737092,0.20269829160131,0.17488486548639,0.43754240117028,0.44751896530834,0.36146859513073,0.59382067870870,0.51556742399950,0.45166372563093,0.31598824551479,0.42182639240702,0.08979388972554,0.27766733686816,0.24191619714999,0.13212960223837,0.346,,
1089,0.20050039965385,0.18220714897249,0.17120639539843,0.41740773063737,0.43756969521042,0.34851772773491,0.59417761228389,0.49744547895595,0.44305405513489,0.30070246581879,0.41666008860139,0.08671395897422,0.26473016816529,0.23333754015258,0.12939103958796,0.349,,
1091,0.19884503626561,0.17307657536418,0.16642756016110,0.40323164785390,0.43931526227280,0.33531788224409,0.59449280571706,0.48452260675845,0.43573001771917,0.28186177014814,0.41281892053376,0.08581593405257,0.24958566398346,0.22608661046968,0.13149456177713,0.345,,
1093,0.19841879247459,0.16806347011219,0.15846062212656,0.39772091023243,0.42518411715748,0.32893652778437,0.58713576676729,0.47152179136294,0.42640831437664,0.26336231551699,0.40452778106736,0.08259850696369,0.23408960191475,0.22036508326983,0.13228642599101,0.335,,
1095,0.19557535013141,0.16417426054308,0.15417490673884,0.38944740053886,0.42677751451804,0.32661595856343,0.58107865888277,0.45654518009098,0.41800626637961,0.25236785134630,0.39241496150270,0.08122263066866,0.22649831976385,0.21569226038343,0.13079769502608,0.330,,
1097,0.19411326584041,0.17451838168376,0.15376954314925,0.38127533431133,0.42100534625311,0.32160145973074,0.57500242076027,0.44326388148669,0.40952860675300,0.24064512494218,0.37553795035953,0.08114120913416,0.21617726226357,0.20726669674107,0.13123763375397,0.333,,
1099,0.19325229839922,0.19071259938821,0.15450191959631,0.38177630893609,0.40585698541607,0.32374628229304,0.56619666998548,0.43400396021204,0.40454539132970,0.22945652246813,0.36340960792227,0.08107525486131,0.20818609370369,0.20310400167851,0.13085371736847,0.333,,
1101,0.19238874677462,0.19060164333936,0.15542509490520,0.38224159467286,0.40931940264496,0.32859489991166,0.55971857780052,0.42495349534505,0.39889588493127,0.22677898218883,0.35883781285256,0.08115269439545,0.20952035936032,0.20096216057755,0.13001004468985,0.336,,
1103,0.19215156325623,0.17928666293284,0.15330805567793,0.38136791299957,0.39669815716157,0.33152790699638,0.55561704728159,0.41551576050941,0.39467516431426,0.21945653184677,0.34526695100712,0.08190957658910,0.20411876878053,0.19692405191489,0.12960759240006,0.332,,
1105,0.19202877143235,0.18630077388588,0.15281160471096,0.38029638064066,0.38214928389861,0.33585965864967,0.55118195232937,0.41091880540673,0.39058374321348,0.21044054033914,0.33563814961768,0.08269550225872,0.19862024448474,0.19357400217849,0.13064553911750,0.330,,
1107,0.19260347318720,0.18861436673308,0.15014904422308,0.38356807143797,0.39016554262997,0.34198931733236,0.54602147325581,0.40647824492622,0.38615809797709,0.20329951558627,0.32895759570389,0.08319105812536,0.19574486647918,0.19219244182609,0.13120175023717,0.324,,
1109,0.19084130903046,0.18267850366269,0.14425751533620,0.38630220924039,0.38352869587414,0.34747973298338,0.54518914079503,0.40155863169173,0.38085006004890,0.19827625051346,0.32119594706107,0.08333309186875,0.19225059659847,0.19287595547696,0.13143645474863,0.319,,
1111,0.18805331785898,0.19533607282499,0.13810819650264,0.38418828932593,0.38520872852637,0.34796680473321,0.54361302876087,0.39649393412174,0.37629285068015,0.19369540928467,0.31091860933806,0.08425083821621,0.18992831284740,0.19065743881421,0.13149233214808,0.315,,
1113,0.18652200681909,0.20463597110379,0.13263203783201,0.38055102712217,0.37660369392566,0.34904795171996,0.53830031101015,0.38834183552506,0.36858577926440,0.18913546381915,0.29895796660665,0.08493173963331,0.18716709088618,0.18823377509545,0.13061092580700,0.311,,
1115,0.18415885496760,0.20878132158812,0.12702726769987,0.37566741063692,0.36395339951291,0.34851681431767,0.53503853084955,0.37994030716919,0.36000140957656,0.18539166022033,0.28606570576404,0.08392766575368,0.18307044959283,0.18957415206636,0.12868435080215,0.301,,
1117,0.18207174535006,0.20514095664145,0.12087333632013,0.36838496850880,0.36574458547369,0.34789947505540,0.53303884138409,0.36877122784889,0.35124646552056,0.18224623636977,0.27259495740060,0.08432934550855,0.18117744846803,0.18807009466408,0.12880483637313,0.302,,
1119,0.17934107052246,0.20743808500994,0.11518343469568,0.36004304186227,0.34807510688228,0.34586533583094,0.52660290219747,0.35752491935377,0.34081855150813,0.17587532327927,0.26011214403960,0.08512881524141,0.17558951218399,0.18592284085558,0.12732718926784,0.307,,
1121,0.17701521994972,0.20794787435219,0.11140022388487,0.34953072663634,0.34334447905577,0.34336087495767,0.51835499685418,0.34689071169103,0.33090708971003,0.16912010413849,0.24930350494334,0.08570029868552,0.17072979520604,0.18516114389126,0.12659337475345,0.313,,
1123,0.17690834522372,0.20604028760014,0.10697021926486,0.34107215597832,0.34494224224458,0.34422160598005,0.51466574882876,0.33632213723690,0.32103682250817,0.16682024911907,0.23678247769421,0.08722135701185,0.16995991576035,0.18630247389647,0.12780498383156,0.317,,
1125,0.17657322429270,0.20013308347688,0.10570630691762,0.33402684369910,0.31714352737436,0.33934324071175,0.50978281155259,0.32511071280398,0.31096637315323,0.16295264315709,0.22968402896211,0.08905493834156,0.16640912465130,0.18611515129743,0.12829216392498,0.314,,
1127,0.17748152778321,0.19830830060855,0.10326965609310,0.32799576299736,0.31244694516307,0.33624975363488,0.50099690417591,0.31249383175499,0.30127029862050,0.16044874262105,0.22205155031565,0.09191003459165,0.16511311462502,0.18429544315056,0.12976901783929,0.306,,
1129,0.17819890294278,0.20176800293895,0.10197258925722,0.32050747269542,0.31261238200617,0.33385804370043,0.49153975104251,0.30417308840006,0.29381285013733,0.15912492236773,0.21108311268321,0.09525455927188,0.16382298666807,0.18689494689463,0.13095954015165,0.303,,
1131,0.17773284764711,0.20369654982745,0.10056877629624,0.31035684339765,0.30512576198875,0.32930724593255,0.48270642416913,0.29696494404164,0.28696761928104,0.15948621726205,0.20487503612937,0.09807754090052,0.16412909315698,0.18884962955668,0.13145408040125,0.296,,
1133,0.17380694127204,0.20633000155301,0.09837428620750,0.30394065440077,0.30429993671010,0.32934200824335,0.47577649613550,0.28746793848753,0.27933816858159,0.15934179821049,0.19734073414655,0.10304125440960,0.16611280485323,0.18658512677076,0.13419863220083,0.298,,
1135,0.17064975893179,0.20616164652997,0.09654433759867,0.29915036141551,0.29738414121578,0.32118281464747,0.46843409367933,0.28097593479355,0.27171692727667,0.15511428701208,0.18719089999210,0.10586225367379,0.16305413997719,0.18453743932018,0.13423479959680,0.297,,
1137,0.16709289689280,0.20439401853570,0.09309255356496,0.29583840409517,0.29543085210271,0.31883547184701,0.45933988363798,0.27517863115619,0.26766839176516,0.15238952584094,0.17594637707532,0.10790057359565,0.16085257024709,0.18540473438304,0.13275927123420,0.287,,
1139,0.16212908173302,0.20476607213040,0.09161824292055,0.29313368421120,0.29110953583518,0.31810265025183,0.45186744557320,0.26959715625552,0.26457993644384,0.15243091927918,0.16715577006318,0.11175863117724,0.16066924821760,0.18555588070049,0.13558911127595,0.287,,
1141,0.15827758706902,0.20304213960844,0.08898661247012,0.28993526174507,0.28572276321257,0.31469805142613,0.44366950321641,0.26616724558904,0.25962896986173,0.15176061381917,0.16031388872456,0.11121446829402,0.15878687661408,0.18465688265484,0.13729303756800,0.295,,
1143,0.15618807509529,0.20115940637921,0.08794103251535,0.28766523001904,0.28925454391544,0.31339709362371,0.43883310639705,0.26261040898395,0.25531584601795,0.14892924534643,0.15186449177870,0.11180173134612,0.15596379812708,0.18193022138843,0.13708280905067,0.296,,
1145,0.15406967640290,0.19880686874296,0.08802966909347,0.28302247592071,0.28487785542374,0.30914180294480,0.43093887576730,0.25909761001691,0.25231175476464,0.14468919329705,0.14533812776647,0.11189956234259,0.15153317352244,0.18283951342283,0.13799448737092,0.295,,
1147,0.15475106023346,0.19842425298926,0.08878645259364,0.27964092565089,0.27893388969958,0.30809060169655,0.42634844510118,0.25395957162970,0.24864965105606,0.14691487440528,0.14159082577220,0.11085448055630,0.15211218456671,0.18234508206225,0.14065734726193,0.299,,
1149,0.15604117997979,0.19876102067309,0.08989965517651,0.27850955031050,0.28213388881313,0.30350073699360,0.42541979313932,0.25036357572512,0.24508317357206,0.14879985182315,0.13954517185954,0.10982202654011,0.15287310437974,0.18278864191660,0.14208536446066,0.318,,
1151,0.16018314797095,0.19718147434766,0.09098181025541,0.27506725197943,0.28102237136973,0.29836069201850,0.42123142787879,0.24846484996123,0.24428091471239,0.14795300010322,0.13933977436148,0.10795923083269,0.15079797958905,0.18680395490275,0.14227359587677,0.333,,
1153,0.16823021502484,0.20096402015907,0.09480867458784,0.27152539424727,0.28687135590379,0.29747813853285,0.41993803677703,0.24472271016508,0.24159952697969,0.15227642996560,0.13881719266041,0.10695447337129,0.15449751762115,0.18797904036734,0.14390220920197,0.344,,
1155,0.17599835153368,0.20227634535884,0.09733838063749,0.27061257211420,0.29275844601825,0.29544424824232,0.42058534632880,0.24306370480367,0.23772035977506,0.15695662727004,0.14219150661435,0.10543139441141,0.15905550458532,0.19000031828694,0.14625253662574,0.354,,
1157,0.18487431661205,0.20308780530217,0.10017522641153,0.26888797697736,0.29393507493369,0.29372809704863,0.42004405446954,0.24020480537116,0.23640485974839,0.15974451501481,0.14344738591066,0.10319452738427,0.16139174186266,0.19043954620499,0.14559741123153,0.342,,
1159,0.19003127305558,0.20548352147762,0.10248537113299,0.26673977876359,0.31013199289073,0.29813007112074,0.42232794316333,0.23721685140039,0.23723575840404,0.15891197370993,0.14063004038724,0.10330981319332,0.16016972643494,0.18843938695519,0.14539810626495,0.320,,
1161,0.18766200834583,0.20424506115018,0.09939361247203,0.26523388401684,0.31724259361716,0.30106621675146,0.42508841033217,0.23554451760607,0.23686905860241,0.15546012052418,0.13940424894934,0.10333918515411,0.15573615340239,0.18873561201229,0.14655170458930,0.316,,
1163,0.18226914478219,0.20420033396232,0.09783519372355,0.26131970708259,0.31164746098715,0.30252967647845,0.42305478444628,0.23506133450436,0.23422596653704,0.15339161296730,0.13554016869647,0.10284855441969,0.15328775625808,0.18433838605059,0.14591988491753,0.308,,
1165,0.17391793056062,0.20163719296813,0.09483400620754,0.25841853066663,0.32756016995058,0.30495304291642,0.42310757930763,0.23152172183469,0.23463677439184,0.14541105491676,0.13106840018683,0.10273141094805,0.14679230779517,0.17942516533222,0.14657951228721,0.289,,
1167,0.16428723168177,0.20031142002320,0.09589326318261,0.25643860819717,0.33051897979466,0.30395558654792,0.42544809405878,0.22899716259060,0.23539956667137,0.14008476443294,0.12767872279198,0.10419672217565,0.14123085741682,0.17729885256208,0.14735895177965,0.286,,
1169,0.15431125263625,0.19770031303026,0.09659973035913,0.25291382366506,0.33416267804261,0.30326751800332,0.42694111594581,0.22745134700610,0.23356464649330,0.13756000844404,0.12265587490070,0.10402445030583,0.13731033581356,0.17293894656256,0.14648686861040,0.277,,
1171,0.14484811115638,0.19309107327655,0.09640686407154,0.24879989470776,0.33726487900574,0.29749315173308,0.42490771799101,0.22420253714812,0.23170108007536,0.13363174343629,0.11935229431345,0.10333131919277,0.13374895789978,0.17039687360571,0.14711333793795,0.265,,
1173,0.13769507415554,0.19170352605072,0.09664066755271,0.24648332800151,0.33382927304477,0.29208000905957,0.42315212736410,0.22129072070253,0.23177417437129,0.13277538402975,0.11573928417728,0.10279000066027,0.13331458641772,0.16788246534422,0.14587795386091,0.258,,
1175,0.13150912748072,0.18820572904493,0.09614700957335,0.24430795174804,0.33566624352964,0.29295243687036,0.42314044451338,0.21794501639812,0.23009588727101,0.13091213849335,0.11353452027192,0.10122529871868,0.13034612286610,0.16672341088069,0.14312594124412,0.250,,
1177,0.12751900867552,0.18532439460200,0.09491920634175,0.24219108011790,0.32718554076029,0.29587038025486,0.41973716288877,0.21469916055341,0.22641552182176,0.12979189743939,0.11069740317323,0.09994217317218,0.12757835219446,0.16632733531581,0.14198330661759,0.241,,
1179,0.12466758974498,0.18336347268059,0.09289411385812,0.24022323113601,0.32431521462188,0.29711150727229,0.41815941257686,0.21262733640532,0.22364909997399,0.13204758088500,0.10857797347629,0.09868958707090,0.12858622014526,0.16578673450120,0.14128003569671,0.233,,
1181,0.12332787950815,0.18072404172764,0.09220944254411,0.23903699651028,0.32646234174430,0.29348752378647,0.41478060927686,0.21027468632669,0.22167106880435,0.13277343666470,0.10899213957764,0.09834837780337,0.12765312163843,0.16628562456666,0.14045790204602,0.227,,
1183,0.12140132250383,0.17905279758496,0.09223138310297,0.23646817603685,0.32306768172702,0.29164798791923,0.40733276758166,0.20862911188677,0.22039038052837,0.13293288810431,0.10716647208606,0.09926552287280,0.12637644528825,0.16745385619464,0.13977906845292,0.222,,
1185,0.12041999135381,0.17754218070675,0.08998156723162,0.23383479322851,0.32029023105230,0.29078698714175,0.40228272334541,0.20924216252461,0.21708713511424,0.13365447968488,0.10681527776548,0.09740158782887,0.12658573668174,0.17003447107471,0.13939330792845,0.222,,
1187,0.12111005905800,0.17505140191739,0.09073300354716,0.23205643716030,0.32712646743664,0.29458032276733,0.39872516686332,0.20540983638701,0.21474822988522,0.13325603316497,0.10752799585523,0.09691059225398,0.12564014637622,0.17163814271855,0.13823485876541,0.221,,
1189,0.12121330066671,0.17416721045757,0.09111582684061,0.23117313463367,0.32843193473035,0.29220307398417,0.39114514974735,0.20516193446879,0.21497955194517,0.13512677835449,0.11057673866102,0.09751023553556,0.12665201759091,0.17432076727413,0.13734128643776,0.224,,
1191,0.12281695939001,0.17368644718044,0.09175624648413,0.23070409397788,0.33618941050843,0.29482691758461,0.38287254988281,0.20432566399375,0.21317131016112,0.13441623374267,0.11510014329284,0.09601292459450,0.12600061345736,0.17797798151398,0.13786419985268,0.212,,
1193,0.12608123136594,0.17578230081633,0.09494977842024,0.22974714986627,0.32656323889399,0.30010425207936,0.37373246603701,0.20581983614079,0.21328267024819,0.13716038975067,0.11907638008032,0.09686691981102,0.12913717646914,0.18114064207193,0.13959918097777,0.224,,
1195,0.13085824910016,0.17834061095059,0.09652844058984,0.22839417531588,0.32818029684413,0.30876815059730,0.36569160446158,0.20745390400795,0.21537567055011,0.14099441083873,0.12367523066441,0.09710903016644,0.13349228004849,0.18324221255973,0.13902725447396,0.221,,
1197,0.13179612722235,0.17824171155573,0.09630221263988,0.22897188478172,0.33966103653778,0.30709611942122,0.35575242558267,0.20549046719829,0.21394939671290,0.13974893631004,0.12768175319112,0.09400283377213,0.13362820835836,0.18173245281652,0.13555634495410,0.212,,
1199,0.13075943343316,0.17717722679131,0.09532857506295,0.22734765872912,0.33086106543171,0.30602815539520,0.34704104255530,0.20229483274171,0.21161432536216,0.13884350512604,0.12937486452064,0.09120816367261,0.13438240967910,0.17851893003546,0.13411973882510,0.208,,
1201,0.12923177185335,0.17270011785898,0.09388876288900,0.22573034992075,0.32397318583782,0.31264515378829,0.33703610882527,0.20007478651506,0.21167267440499,0.13445272812056,0.12825366441619,0.08835181984992,0.12937898537843,0.17438682536277,0.13194579381670,0.195,,
1203,0.12417407402815,0.16556034725437,0.08874698902617,0.22049706502148,0.31567785256945,0.31053852562696,0.32503636980600,0.19819898645931,0.21014032107015,0.12992138935990,0.12213417264224,0.08269972243387,0.12461191948634,0.17087796080285,0.12734719119667,0.191,,
1205,0.12004943795996,0.15987408351672,0.08434378692899,0.21576306211385,0.30593398449914,0.31279402823713,0.31647343874014,0.19909886447695,0.21002259043950,0.12808330909668,0.11915713729741,0.07994028467879,0.12225325056419,0.17042134615940,0.12536498696662,0.193,,
1207,0.11667720978288,0.15540165614536,0.08515131036596,0.21501084963885,0.30790007419801,0.31798246594363,0.30694463530260,0.19742798029260,0.20986415143316,0.12075390847369,0.11874335763216,0.07866010071673,0.11325910799040,0.16966586180545,0.12422832251928,0.195,,
1209,0.11217387871806,0.15123638605785,0.08391466787373,0.21565862140596,0.30783176337666,0.31571192997926,0.29433775742980,0.20303774258775,0.20901501657807,0.11918158220797,0.11597973066722,0.07579426306094,0.11135342198809,0.16779870447227,0.12256323500968,0.197,,
1211,0.11167835326921,0.14822818819483,0.08154286261159,0.21269741039875,0.31377922895879,0.31790610258724,0.27760644168089,0.20608888152028,0.20619309130783,0.11986352240153,0.11430823572273,0.07499084493905,0.11097454910009,0.16605483541317,0.12134353019281,0.200,,
1213,0.11087132296336,0.14383009458312,0.07718026368860,0.20455137050059,0.28860097501094,0.33147930773264,0.27924323305071,0.17700472730322,0.21935691297429,0.11943487132837,0.11537522406273,0.07402249956776,0.10770685070711,0.16628415196134,0.12277871667453,0.236,,
1215,0.11013067615527,0.13979376248724,0.07317651747764,0.19707537393695,0.26549374724130,0.34393602583293,0.28074539423722,0.15031289374752,0.23143793001860,0.11904148252879,0.11635444363187,0.07313380591107,0.10470793597078,0.16649461306473,0.12409585261533,0.204,,
1217,0.10944854676092,0.13607633239721,0.06948908839338,0.19019002796174,0.24421214107721,0.35540861910357,0.28212887255280,0.12572986028158,0.24256448109146,0.11867916840451,0.11725630351980,0.07231532446793,0.10194594609738,0.16668843220813,0.12530892101284,0.176,,
1219,0.11113376859728,0.13539989256056,0.06947794643358,0.19333161726053,0.25900534851243,0.35914913840514,0.27650809363378,0.12577880988617,0.24591863560084,0.11805902996266,0.11751633307958,0.07476324093845,0.10210844581176,0.16661148385210,0.12784580253222,0.189,,
1221,0.11339422987757,0.13680057637379,0.07221133696024,0.19523862459555,0.27163396081961,0.35577545544703,0.27051548132719,0.12718577465369,0.24928964638060,0.11806325053214,0.11744042698460,0.07855273056849,0.10127643691437,0.16805408521929,0.12945464159628,0.166,,
1223,0.11516844142305,0.13757744769387,0.07332646616791,0.20020295166737,0.27413295385737,0.35580382977289,0.26951389641738,0.12967012570103,0.25324074038948,0.12258549765529,0.11859695225632,0.08189923194835,0.10549081373490,0.16992567284668,0.13407278815565,0.162,,
1225,0.11882208461223,0.13838286285763,0.07462514448099,0.20199100863916,0.27412980991716,0.35192319104232,0.26577106295991,0.12984035979338,0.25602338243744,0.12529441735360,0.11893312154809,0.08358467785428,0.10854809784766,0.16924168467718,0.13375516561566,0.184,,
1227,0.12313757494562,0.13821862325530,0.07633079680192,0.20345139156666,0.27683107530070,0.34768466309516,0.26385306534886,0.12968402502454,0.25500732812817,0.12855215196707,0.12064827718990,0.08627164078573,0.11171806310077,0.17084963100420,0.13686920298310,0.196,,
1229,0.12822019111022,0.14076621018900,0.07935068524412,0.20888912905198,0.28111412553606,0.34305461109344,0.26174905864285,0.12862131532979,0.25743698740589,0.13447020163002,0.12215439638116,0.09119456492484,0.11703016641260,0.17482019286776,0.14253089773981,0.200,,
1231,0.13283773182586,0.14218761102784,0.08263990632532,0.21143817689306,0.28183727798675,0.34042186799026,0.26371834849029,0.13082442114538,0.26118398786930,0.13941514000856,0.12452799067581,0.09421637717738,0.11985361827513,0.17839392628369,0.14418825234291,0.209,,
1233,0.13580140129100,0.14275447007793,0.08233148967261,0.21601458694953,0.28813389522025,0.34469455809200,0.26319290502993,0.13520234939961,0.26552260197156,0.14415928042129,0.12617561684486,0.09753486177571,0.12410707331538,0.18041231525268,0.14793545443463,0.189,,
1235,0.13839830178580,0.14457277627076,0.08330185963065,0.22038678186990,0.29493971170602,0.34283630225579,0.26584631155258,0.13982462269177,0.26768472186291,0.14441427205698,0.12731427454577,0.10076532309280,0.12519190916683,0.17926018975427,0.15062191135879,0.189,,
1237,0.14123522612790,0.14525153318759,0.08647216292290,0.22728401918616,0.28771285883028,0.33654974684901,0.26746775078662,0.13974590186910,0.27081283602652,0.14749077499902,0.12866465190727,0.10469307205055,0.12694975340985,0.18137103982310,0.15295129877572,0.178,,
1239,0.14310185363524,0.14615481035291,0.08853477389341,0.23580665935759,0.29430927679405,0.34020429629151,0.26954131388576,0.14037964137578,0.27099825816414,0.15388203160393,0.12956088460926,0.10923836491227,0.13188819052144,0.18552659577657,0.15869964697049,0.173,,
1241,0.14696224953578,0.14735986191026,0.08885928497131,0.24142671126820,0.29907200646518,0.34849410257132,0.27055775581096,0.14199604604738,0.27435836150572,0.15416670825704,0.13093587444495,0.11332851178382,0.13100259860452,0.18865363988992,0.16179510485019,0.179,,
1243,0.14951857045019,0.14835540948507,0.08991651797490,0.24413242835201,0.30039311705430,0.34575808317986,0.27105445021845,0.14302948158774,0.27516441698629,0.15581968823013,0.13267433608874,0.11750823608999,0.13269417005451,0.19031506951863,0.16472833851208,0.175,,
1245,0.15086971776401,0.14978428555176,0.09301177945251,0.24959770879816,0.31257975320353,0.34614060742190,0.27191133952027,0.14231932438142,0.27852563863512,0.15792249249177,0.13239899445328,0.12174882022121,0.13541363175509,0.19184467320794,0.16574312182382,0.180,,
1247,0.15277402391375,0.15148485612100,0.09323102782661,0.25405511070698,0.31452493869010,0.35407198060363,0.27407085979562,0.14045188913781,0.28408584963477,0.16075923858644,0.13436537191377,0.12450609166839,0.13675031921025,0.19499915175207,0.16941538783383,0.177,,
1249,0.15362935687546,0.15272278622425,0.09448094634190,0.25806363503494,0.31301623273029,0.34972048289967,0.27597446936411,0.13964556626661,0.28210246254081,0.16246266668098,0.13415139118554,0.12623236453361,0.13892368346339,0.19500739991353,0.17140364024628,0.195,,
1251,0.15403391632638,0.15225857745253,0.09358770547936,0.25981741056697,0.31979183850038,0.34780245140285,0.27567959202496,0.13690496581239,0.28087359834512,0.15923291678246,0.13280419836875,0.12826927406297,0.13619831961671,0.19268317068918,0.16835892884775,0.219,,
1253,0.15187789960066,0.15224970214374,0.09232297203892,0.25942272649452,0.31755018260528,0.34447247544370,0.27256618959773,0.13414809017402,0.28066767504045,0.16071650317683,0.13307979897474,0.12754617759150,0.13675781254795,0.19082409101027,0.16719759744929,0.229,,
1255,0.15014703065183,0.15157264833612,0.09187340707840,0.25952011615377,0.31352168798763,0.34195695445008,0.27065238665599,0.13099932777926,0.27741025351078,0.15634278897937,0.13038961815895,0.12551888936659,0.13349787332106,0.18929865410405,0.16419330182796,0.237,,
1257,0.14726364800970,0.14928077222825,0.08887365427253,0.26084841260444,0.31389389283411,0.34629595438278,0.27069569675788,0.13057278969755,0.27507594792811,0.15152277833609,0.12742332911901,0.12577212925693,0.12976302519494,0.18642073140950,0.16017776935895,0.223,,
1259,0.14536045663404,0.14783971300563,0.08834073373488,0.26238781655255,0.30813075559125,0.33930992755528,0.27124614628627,0.12779525224732,0.27094283862938,0.15294307960748,0.12690634448291,0.12448977667068,0.13160959487262,0.18299535769063,0.15877612344800,0.228,,
1261,0.14225137300732,0.14522366060851,0.08692199352565,0.26269519884694,0.31091823212511,0.33592395802862,0.27135347614919,0.12434085524712,0.26651376618253,0.14993905016352,0.12501352373150,0.12305741876202,0.12898019198747,0.18190484655850,0.15648626890802,0.225,,
1263,0.13894471100739,0.14428887744977,0.08465062232207,0.26214489256018,0.30404039631860,0.33948037413004,0.27037041992360,0.12291815607198,0.26383915179491,0.14791183469722,0.12263825173864,0.12297322181152,0.12769092112171,0.17910789077537,0.15353512004291,0.221,,
1265,0.13750207537527,0.14316230217112,0.08511009735677,0.26468179845173,0.29931447778458,0.33610591469135,0.27133233716863,0.12297538170434,0.26212635369770,0.14906729122339,0.12161264482609,0.12255384514167,0.12896890847576,0.17643848499631,0.15271858815151,0.220,,
1267,0.13468983227562,0.14136744795773,0.08364282623169,0.26447832969763,0.30613997154100,0.33606266483814,0.27169881055080,0.11997638508848,0.25668348142323,0.14948781320365,0.12112422240124,0.12392455530987,0.12902576315607,0.17612669905270,0.15347937898145,0.220,,
1269,0.13178474905882,0.14055416347882,0.08242799147721,0.26455161488260,0.30783900163449,0.33430189769157,0.26929969009625,0.11935680387927,0.25065958649469,0.14964705825988,0.12005573110456,0.12657470601255,0.12875205888114,0.17725162055764,0.15539312662078,0.228,,
1271,0.13044788420166,0.13888577902834,0.08123617456222,0.26562708663096,0.30408571922048,0.33296310437176,0.26553871442985,0.11756114396640,0.24967075368193,0.14788667705831,0.11807636252890,0.12680964559501,0.12699347215871,0.17807261637548,0.15393036589201,0.232,,
1273,0.12966463790749,0.13988837587089,0.08078142583393,0.26465601163455,0.30227848032197,0.33426379906804,0.26239039898040,0.11727196545206,0.24903104643427,0.15084159791806,0.11939752294697,0.12827325707041,0.13012627989261,0.17674387439420,0.15399123535731,0.226,,
1275,0.12936308552981,0.14054016890634,0.08188076498554,0.26506238155748,0.29945224099919,0.33057902347978,0.25864040873244,0.11806293916724,0.24501379388393,0.15212899423528,0.12059300056931,0.12863073697372,0.13147615841643,0.17687459326738,0.15341722209996,0.228,,
1277,0.13026723311368,0.14078472226995,0.08068574814807,0.26436392514615,0.31073959275461,0.33445286047055,0.25459788312193,0.11824121153731,0.24560389550575,0.15102972322195,0.11962407678709,0.13127445287862,0.13115373443435,0.17837559760210,0.15245580958017,0.235,,
1279,0.13132117960111,0.14205401655197,0.08262116292813,0.26086137714439,0.31664768225748,0.33810362551925,0.25179120184937,0.11782948964767,0.24774060504283,0.15651346020983,0.12081428473548,0.13365551542518,0.13660060518444,0.17988516943766,0.15439786537283,0.237,,
1281,0.13065480737605,0.14150449119212,0.08240838640679,0.25943151307494,0.30843378370627,0.34437662138947,0.24871717485590,0.11808226222075,0.24930026452342,0.15819627984034,0.12278775578450,0.13342993689212,0.13862674417673,0.18038611992433,0.15296451733070,0.240,,
1283,0.13190028817695,0.14379106454182,0.08312766079924,0.25762465450015,0.31419120388477,0.34757458713769,0.24763615016146,0.11672847848858,0.25046068398036,0.15645152653652,0.12266828429215,0.13469224744816,0.13761599121568,0.18152881709588,0.14988820021542,0.239,,
1285,0.13287196967658,0.14448454923481,0.08408018325972,0.25637868471530,0.31730933198711,0.34788939928236,0.24756988352824,0.11549303084141,0.25053261896248,0.15730174312416,0.12430613795136,0.13347984843175,0.13856160636251,0.18366233067548,0.14917664287816,0.242,,
1287,0.13184220624664,0.14565709590227,0.08375030642795,0.25698235867492,0.31713685433752,0.35404249826874,0.24666936601627,0.11370994424914,0.25145215152265,0.15946617480331,0.12472431991628,0.13303532805808,0.14008668985074,0.18713144797441,0.14956167441345,0.252,,
1289,0.13348461419230,0.14695283235809,0.08600139034010,0.25701048617950,0.31693368702343,0.34997902309418,0.24825031447785,0.11452914712187,0.25130407217726,0.16145665668468,0.12605599070826,0.13496681060302,0.14184855549576,0.19088323429595,0.15250989846544,0.259,,
1291,0.13593947183323,0.14802762189028,0.08796206809797,0.25699754362276,0.32470757833496,0.34563174898443,0.24957330725448,0.11356117065325,0.25090281568570,0.16354696593784,0.13187554961683,0.13388564435542,0.14448707659056,0.19509481397447,0.15436737620277,0.263,,
1293,0.13931076428555,0.15136050136208,0.09134765377561,0.25770912170157,0.33537578642265,0.34769933501205,0.25220700013386,0.11372715665900,0.25179053243386,0.17085326552705,0.13571253775135,0.13717402237733,0.15066580925149,0.20362536967866,0.15703719123114,0.264,,
1295,0.14215216417501,0.15367617755552,0.09467304323517,0.25651126958267,0.33116788290372,0.34664333108762,0.25592028315486,0.11276774160488,0.25283137748841,0.17758746553923,0.13896432672439,0.13976186469406,0.15758606778615,0.20850237136990,0.16030571337240,0.272,,
1297,0.14637089532901,0.15755972116267,0.09769643294344,0.25484970185088,0.33042603177573,0.34361231257503,0.25853410756984,0.11104438871000,0.25524954803077,0.18313268334456,0.14381606086725,0.14110324993218,0.16370695050394,0.21280491657262,0.16201644737239,0.276,,
1299,0.15169817027571,0.16036110814508,0.10289361628283,0.25226972615955,0.33267528377159,0.33945081081110,0.26197219163017,0.10987313206406,0.25638525447913,0.19120452561643,0.14601881399829,0.14679923966227,0.17136535606587,0.22046535423826,0.16574588020959,0.277,,
1301,0.15582203552633,0.16166292250065,0.10531193798195,0.25130661138459,0.32694631896521,0.33516894535471,0.26457475379181,0.10804787287964,0.25656856536514,0.19770377416506,0.15106878552521,0.14939009932115,0.17692604937546,0.22726737819775,0.16957113054912,0.281,,
1303,0.15945830873148,0.16416857690268,0.10938108550881,0.25041349227041,0.32699865945110,0.33597371789500,0.26555362075454,0.10625280934481,0.25799382106825,0.20402129865049,0.15301057080825,0.15121064206702,0.18203967354337,0.23198344272799,0.17105737412797,0.283,,
1305,0.16242563855190,0.16345866067913,0.11053421089800,0.24806470374089,0.32172051411964,0.33500137095285,0.26731925890339,0.10656567243946,0.26012713163082,0.21016909457147,0.15270583993143,0.15386460940727,0.18730375132491,0.23545421060911,0.17209354976460,0.282,,
1307,0.16377194702467,0.16261941173145,0.11030913855229,0.24886185592760,0.31354287983393,0.32774321844258,0.26896691144156,0.10466703273083,0.25968284637853,0.21094423194188,0.15373406068603,0.15550957267510,0.18888172575880,0.23699319629603,0.17385635479172,0.282,,
1309,0.16367180744620,0.16178161955616,0.11211388749269,0.24808234023428,0.31827361697460,0.32993759737583,0.27023729514219,0.10370100933117,0.26080852625631,0.21443132206430,0.15020125327178,0.15817550474816,0.19044727099018,0.23959051224583,0.17637413739796,0.290,,
1311,0.16376785389172,0.16111186776207,0.11014634675563,0.24698051167575,0.31362001694643,0.33072017665175,0.26992699123025,0.10360927605661,0.26129612602640,0.21285719779962,0.14712919329332,0.15724966770912,0.19037264221510,0.23701146245688,0.17732970344853,0.292,,
1313,0.16558410627357,0.16094794598456,0.11301078982353,0.25017804633464,0.30727600778338,0.32653583227862,0.26999309591567,0.10288284472031,0.26173911359707,0.21435940505634,0.14842233198207,0.15811923930458,0.19139011107259,0.23961947126741,0.18106810344217,0.298,,
1315,0.16779134585816,0.16147274092548,0.11391963637341,0.25065741398602,0.31008427771133,0.32673346832740,0.27046802849479,0.10140930751556,0.26562146911968,0.21834501465780,0.14860773194771,0.16311459886525,0.19330343837617,0.24404528712787,0.18482488375275,0.307,,
1317,0.17056334582994,0.16321377103801,0.11454919702056,0.25302239345649,0.30843103262322,0.32580956019934,0.27055677822619,0.10077906139311,0.26780434910517,0.21814351315924,0.15022313451192,0.16362762278759,0.19337388618649,0.24498365312184,0.18810389478359,0.319,,
1319,0.17612729229265,0.16551398104702,0.12124039258943,0.25797042343990,0.31263348222591,0.32643706693987,0.26890445942867,0.10103214950213,0.27261815755827,0.22779453848565,0.15565947856228,0.16868756175341,0.20014413976276,0.25254534544611,0.19692529139029,0.327,,
1321,0.18243729203736,0.17213103055104,0.12806719969370,0.26189195836060,0.31281497357095,0.32242550608347,0.26727847680918,0.10248586562922,0.27979914209456,0.24422392326435,0.16438819016955,0.17793823504492,0.21452418687240,0.26152820682778,0.20611356319520,0.334,,
1323,0.18941493250458,0.17910282662771,0.13659798384068,0.26606997033529,0.31317436339278,0.31922305549847,0.26555712302940,0.10471138586969,0.28658372836124,0.25897818463881,0.17775869982953,0.18468232249353,0.22788867554022,0.27046225194317,0.21550221580755,0.344,,
1325,0.19546665063930,0.18424665492077,0.14660933086857,0.26995179825774,0.32457946244086,0.32479900799698,0.26718367947002,0.10663556194546,0.29102164123487,0.27819177663422,0.18961581204421,0.19057987367497,0.24415920415522,0.28053422814594,0.22428426269958,0.344,,
1327,0.20338146832803,0.18916091200666,0.15481999384205,0.27305486032336,0.32094676593812,0.32650568214742,0.26752268414538,0.10704783233048,0.29373761928288,0.29066602507616,0.20145923851621,0.19417167393108,0.25672057332748,0.28429253704776,0.23153159752150,0.341,,
1329,0.20729036736338,0.19388808296515,0.16174806585544,0.27656584045260,0.32766388015006,0.32774736298532,0.26821098750309,0.10724969638524,0.29602044348287,0.30390453629929,0.21141439724108,0.19775517183225,0.26741576145551,0.29183304399328,0.23981564699007,0.339,,
1331,0.20845275167767,0.19633482862828,0.16879224875269,0.27954984904331,0.33191305954050,0.32444785957511,0.26942977350281,0.10906757659209,0.29746973792967,0.31178054328457,0.21491120780037,0.20233035225532,0.27561601275493,0.29345810969180,0.24527641072614,0.335,,
1333,0.20938803775170,0.19524623644869,0.16948250880273,0.28203959981905,0.32906910819546,0.32744510990210,0.26910253695265,0.10906456623939,0.29993823675048,0.31184810138424,0.21853540812680,0.20219815530665,0.27482948239695,0.29156193366600,0.25004471994942,0.324,,
1335,0.20960799674785,0.19415800179515,0.16719483713482,0.28514666690969,0.34315023964626,0.33670062151183,0.27004553923478,0.10939616851899,0.30121772517475,0.31286622124579,0.21408830849336,0.20183929152226,0.27523439720137,0.29219946089146,0.25325936751868,0.324,,
1337,0.21133190178597,0.19419258689131,0.16373250792868,0.28791125353794,0.33944473058821,0.33245652614140,0.26719204411098,0.11172387088966,0.30072054135335,0.30415191052239,0.20632909895107,0.20238332942666,0.26881901763083,0.29011895704481,0.25270721737136,0.334,,
1339,0.21616955843199,0.19785261417898,0.16379442507280,0.29071550864150,0.34998133531718,0.33686507156290,0.26471464732792,0.11493285814215,0.30207431759854,0.30057392762845,0.20270774844755,0.20400619120772,0.26525081821215,0.28769965466610,0.25355687489667,0.346,,
1341,0.22641072996527,0.20837482045360,0.18434922246842,0.29575178735550,0.36841404476847,0.34373842346615,0.26661548412391,0.11671399555418,0.30933513228414,0.33553639948809,0.21793246706479,0.21373104133422,0.29595352094619,0.29806797358414,0.26664737917052,0.358,,
1343,0.23821252063448,0.21886838111520,0.20276299749936,0.30056811075273,0.36534947362549,0.34251064864770,0.26783436412216,0.11722165304238,0.31515878425274,0.36171649652397,0.23472533307974,0.22269427779663,0.31877936658723,0.30951928348546,0.27941297715894,0.362,,
1345,0.24936840687192,0.23248160599775,0.22230032990363,0.30526019703646,0.38203897718822,0.35115774964756,0.27082453496030,0.11836447761512,0.32283078077290,0.38882679948923,0.24976935055304,0.23335787461441,0.34095958143399,0.32231477773285,0.28895095730912,0.376,,
1347,0.26334636245549,0.24695406859644,0.24142724315771,0.30926559462059,0.40293732544253,0.35954999409978,0.27361152630425,0.12006150436012,0.32857697300522,0.41168637209400,0.26720232561227,0.24536546956850,0.36193334413617,0.33506458218295,0.30122760423508,0.397,,
1349,0.28170667064584,0.26453733184991,0.26116156607391,0.31297515255595,0.41426185020884,0.37305535600887,0.27918689967899,0.12150944758159,0.33434452683920,0.44125279504163,0.28579428933003,0.25361094958407,0.38955716096383,0.35061065369492,0.31444711330459,0.421,,
1351,0.30275433260499,0.28520597187977,0.29100354974760,0.31568199737792,0.43940884644359,0.38680072827196,0.28251665048810,0.12319684778064,0.33887166973545,0.48570107783850,0.30352004122992,0.26398701556169,0.43202233869882,0.36412652335775,0.32407904178560,0.450,,
1353,0.32124202988981,0.30713467744307,0.31771711136613,0.31821621828328,0.44720996811079,0.39045889275496,0.28536351287861,0.12595278731773,0.34233844189739,0.51936829156113,0.34019134713185,0.27758693834021,0.45686878309382,0.38436137436267,0.34923797637540,0.479,,
1355,0.33333060322636,0.33653267717710,0.34474305521007,0.32158361095348,0.47056661018309,0.40211274785899,0.29197498173649,0.12785417813570,0.34686855226206,0.57026827827762,0.41277724034019,0.29274606930470,0.48349102950777,0.43751936481424,0.39696746878508,0.495,,
1357,0.34783381293852,0.37053062068657,0.38366660989991,0.32067584600327,0.48794818301306,0.41255599956970,0.29696053469540,0.13122248169581,0.35135554001959,0.61323183001950,0.47338089836930,0.30339374794006,0.50169776901228,0.50437787657930,0.43192788882261,0.482,,
1359,0.36851141499881,0.39525328346942,0.40936286253139,0.32241502929640,0.50049468107450,0.41826469737044,0.29818613798501,0.13297273291959,0.35235213818450,0.64168532620481,0.47851785751658,0.30913682950739,0.51259796833520,0.54128267035624,0.42811023731457,0.478,,
1361,0.38235491908746,0.39919710458276,0.38138999502292,0.32430517227177,0.50273724571499,0.42359843145726,0.29795467807902,0.13677915623779,0.34872639908614,0.62203435193203,0.45037453372642,0.32292211092843,0.50810219342996,0.51376508137618,0.41595656111063,0.469,,
1363,0.38292280304277,0.40287567638336,0.36844517988651,0.32451848091563,0.48902381870027,0.43031512015577,0.30244793047835,0.13798768499978,0.34785488203489,0.59428685026165,0.44036340096078,0.32673372619001,0.49565201643046,0.48857155340166,0.41368470556028,0.454,,
1365,0.38113529996294,0.40170191562420,0.37844307181732,0.32788338100498,0.50565747632409,0.43115473750937,0.30746005848217,0.13695028859849,0.34855052292232,0.57609945864905,0.42031073519069,0.31506347207671,0.48590560828580,0.48914724122069,0.39414014571587,0.453,,
1367,0.37190975796732,0.38690216068516,0.35450687714763,0.32972567513754,0.50128138205141,0.43056922723284,0.31260450115975,0.14067272622714,0.34616208283305,0.54821169668484,0.38052303627700,0.30713557471764,0.47077426540249,0.45556769915590,0.38060356392843,0.446,,
1369,0.36186805054322,0.37766259041009,0.34072223808152,0.33380218282600,0.48877454210818,0.43128920616135,0.31681695732349,0.14133862301454,0.34533694641808,0.53320714088795,0.35683139709067,0.30583763344088,0.45649321423260,0.44042233078016,0.38175774213625,0.443,,
1371,0.35914598292599,0.36921626728352,0.33836022172076,0.33955555918164,0.49436899172023,0.43549890392527,0.31937529102369,0.14079948303034,0.34487530051481,0.51513861370610,0.33835732605758,0.30383375847676,0.43903394244146,0.43618459528053,0.37481488692781,0.470,,
1373,0.37143830846386,0.36261475618317,0.31800411102934,0.34322972625840,0.47361556077186,0.45072720919701,0.32519854578721,0.14147582428101,0.34173411615717,0.48932497550076,0.32883680706734,0.30934865425248,0.41968746057574,0.41160722133142,0.38453465032174,0.494,,
1375,0.37468826165375,0.38063213584503,0.31919494691362,0.34862839991111,0.47865979738550,0.45906781067366,0.33355463189520,0.14457470519829,0.34488017431925,0.51404281167419,0.35448935840350,0.31814022548580,0.42839239808905,0.45022511329644,0.40119243060170,0.526,,
1377,0.41168731576998,0.40640967165385,0.36985283452440,0.35468929464761,0.51405891080605,0.46285979699456,0.33798839219108,0.15037551933255,0.34779330472197,0.54223737491360,0.39177245913778,0.31653218517537,0.45053460308994,0.49966409483343,0.40518864744162,0.541,,
1379,0.43274879551622,0.44030869933739,0.44507785078155,0.36263415288193,0.52801755228184,0.46088548395372,0.34458758778914,0.15327644575316,0.35188004474910,0.54777134331303,0.43998189442046,0.33059799973056,0.45196380595662,0.54285065478787,0.42577588113219,0.534,,
1381,0.38283598018027,0.46900374703542,0.47415432337462,0.36703051016567,0.55497086964543,0.46040495332231,0.34888808531623,0.15595206142929,0.35354749405204,0.55983167101842,0.47564231458585,0.33776604501255,0.47548901620090,0.56517654403944,0.42361913088688,0.506,,
1383,0.39191527896872,0.48714955734776,0.48515052183360,0.36943888154214,0.57242785661144,0.46554766538741,0.35086827285014,0.15979984643840,0.35433334115234,0.57222004907764,0.47169463412506,0.34591623497389,0.50766352006244,0.56279428131581,0.41235845483804,0.497,,
1385,0.35204980265020,0.47824857481873,0.44719090582907,0.37088135685011,0.55136849220993,0.46469829166462,0.34620904152230,0.15998331736817,0.34912835608678,0.56166975430584,0.41999212064050,0.32403591515257,0.50506898367634,0.50262639462649,0.37436355928402,0.504,,
1387,0.38585477251795,0.47108239021400,0.42606999698723,0.37287935338332,0.53372877191676,0.47770437214417,0.34226240437122,0.16292313017587,0.34328675555041,0.57226263796094,0.37591265005898,0.35849782385009,0.51012901960015,0.46813281309576,0.39915478053223,0.518,,
1389,0.45687047514380,0.48656235178809,0.46485547784538,0.37950953009558,0.54852866616589,0.48742039266678,0.34286905937189,0.16740966796374,0.34665213948142,0.62004691435292,0.37180566606328,0.34392418516108,0.54954417073184,0.50134252595958,0.36478564551260,0.527,,
1391,0.39325625911000,0.51202900381805,0.50991907907801,0.39085491952282,0.57031340973007,0.48918756160239,0.34067157499244,0.17217451304031,0.35190785996190,0.65665588074675,0.38642949099681,0.35807090965336,0.57426612069095,0.54769559711081,0.36990334263100,0.569,,
1393,0.40085835994060,0.53097608109735,0.49196573836641,0.39456763330358,0.56483070361475,0.50535813650172,0.33907480515193,0.17777308326790,0.35241185145673,0.67922286730276,0.38736440057219,0.38761980787199,0.58201889474131,0.54547594790722,0.40294181550035,0.612,,
1395,0.52583364779472,0.59449283175492,0.54904862412086,0.40901627228173,0.59105521018129,0.52519806447453,0.33992363478582,0.18286256163591,0.36010067390243,0.74114634463196,0.43798480718329,0.42390804255659,0.63335884968927,0.57656964531431,0.43640122269908,0.690,,
1397,0.59787007761447,0.65398487447247,0.58803665832080,0.42558777331206,0.62202912759862,0.54901323409763,0.34148380343955,0.18972825808194,0.37068472481338,0.80790650628615,0.49144433777762,0.46441494528937,0.68414876264473,0.62237560813952,0.48338814884078,0.744,,
1399,0.60444388233201,0.72225218148346,0.69944375370931,0.44663271634554,0.65834420764411,0.57618424129158,0.34840064872010,0.20247567547815,0.38836699966595,0.87415950477454,0.62651329700756,0.53017288507774,0.72109952716921,0.69343326093421,0.58019452068240,0.768,,
1401,0.51837223506083,0.72265880370025,0.80764727214855,0.46595256271118,0.72911484845244,0.57547504069573,0.35599516741412,0.21173485087031,0.40851513966425,0.71562433616358,0.88487168096194,0.59415651564707,0.60045048596514,0.73713090422636,0.69415231746943,0.794,,
1403,0.42979992621027,0.63560444371484,0.83820584803741,0.47454207274168,0.75569700784664,0.60107824707221,0.35638331599854,0.21901382396338,0.41705608563970,0.74088003853312,0.98755505982103,0.62954119502180,0.67949513069008,0.66061488259397,0.71730065642028,0.796,,
1405,0.43749698126033,0.61556614851275,0.94120266740414,0.48139321453237,0.75657667880157,0.61862231177961,0.35740758695735,0.22333627790985,0.42326808945515,0.76133561549648,0.98967408064075,0.65680874641824,0.75484438680315,0.66169358995636,0.73042168811147,0.758,,
1407,0.44631640564670,0.57922855275711,1.00000000000000,0.48830017512274,0.78637570844880,0.62221118637971,0.36527251732191,0.22707884686955,0.43102084146675,0.76811335498729,0.85789822378976,0.65721807999273,0.77131211539847,0.74198604546161,0.68466774102229,0.720,,
1409,0.49819273714913,0.54371180918668,0.89963265720317,0.49135981042328,0.78674306839789,0.62588840914713,0.37171987456598,0.22992653979239,0.43398582184247,0.79679334881030,0.85500292718678,0.61902780768704,0.78601666833067,0.86049562502969,0.68518780536432,0.669,,
1411,0.50807744541964,0.53633828356315,0.89340961523573,0.48968342025709,0.75205174220089,0.62601995151415,0.36577004260273,0.22782960723427,0.42914928732398,0.80182531879152,0.81480784961351,0.58056183674207,0.77332662704366,0.94246425823731,0.67374223320718,0.608,,
1413,0.44552775349192,0.58797258728813,0.81335332568341,0.48678777020828,0.73324741039056,0.62728454913527,0.36421222931886,0.22775904192452,0.42434877120326,0.79886915948401,0.71165772385942,0.55357837952007,0.74591057465701,1.00000000000000,0.63730618601788,0.535,,
1415,0.45506427741086,0.57687882638014,0.73498056424300,0.47656640452058,0.70167840040593,0.62270502296638,0.36052189213915,0.22601041025434,0.41328490215982,0.74328188735965,0.60391530741004,0.49821902203814,0.68531767646846,0.98302431222177,0.57093121325229,0.503,,
1417,0.50329843274488,0.54650379769027,0.66558804480603,0.46341999410501,0.67009990228916,0.63041249448765,0.35175518086087,0.22287889615800,0.39841017310283,0.66341017676818,0.50429658879411,0.44097241668267,0.59768558840885,0.88161034152351,0.50530321902087,0.476,,
1419,0.53287989268551,0.51645964404249,0.61550362069888,0.45784890600418,0.65370783798208,0.63864866123600,0.35270288319268,0.22596294961533,0.38390454694857,0.64125693687268,0.45196800144114,0.40167832687682,0.56149831523388,0.78485695812565,0.48594407940377,0.446,,
1421,0.48572915453325,0.50321911988883,0.57211001812847,0.45405707740781,0.61253027340963,0.62332327334521,0.35149071579576,0.22638041751759,0.37864694461883,0.61939323300719,0.42782755030386,0.38148782968741,0.54096709700467,0.74192386538621,0.48100443132092,0.431,,
1423,0.49539354592544,0.48133196640509,0.53476210237718,0.44914067779491,0.59631552063992,0.62097336420166,0.34497852401381,0.22800036864493,0.37106083022924,0.57879679712743,0.39295281124497,0.35123490745978,0.50393968025486,0.66702132627549,0.45845111047864,0.410,,
1425,0.48686449349034,0.46553973602583,0.50756679209117,0.44540458624166,0.58700443171882,0.60423911830706,0.34639058746848,0.23023205609675,0.36461148869268,0.57278552476631,0.37410410913239,0.33311112812895,0.49498564346390,0.63168018149651,0.45150376896801,0.403,,
1427,0.42876392336456,0.44700624523690,0.49183252619613,0.44344500210557,0.57146036794299,0.59539981199810,0.34642374007629,0.22777155935079,0.35933389672334,0.55189595558270,0.36640198920393,0.30720012335645,0.47309501464354,0.59940731694423,0.43918407807070,0.411,,
1429,0.44737682853862,0.43091271313809,0.47190437558981,0.44618780348716,0.57365192071283,0.60031912494098,0.34368499295868,0.22566794020441,0.35314497737055,0.51980956805228,0.35539113740366,0.28067243170635,0.44811028723799,0.54730505402731,0.42049965896976,0.422,,
1431,0.45589323099367,0.42412550011939,0.45867550630275,0.44907314027465,0.57584021451293,0.60332451513114,0.34183928022175,0.22674989523707,0.35083658312506,0.52350121006081,0.36354019719486,0.27034610397481,0.45277826866849,0.53218647328625,0.42104423425649,0.416,,
1433,0.43509133992101,0.41683996194807,0.45806157849713,0.45647700043255,0.58688791437589,0.60634227020510,0.33526860832583,0.22942391794807,0.35080371414764,0.52756273783752,0.37232909623821,0.26223781540286,0.46047408545309,0.52397846197273,0.42027574002271,0.427,,
1435,0.41130132975402,0.40223628630149,0.43092975799210,0.46088020024905,0.59196224938295,0.61145974955025,0.33051046633204,0.23284581916247,0.34673625844741,0.50027456530251,0.36762316570007,0.25261244285113,0.43678764388032,0.50048551508422,0.40927201303442,0.433,,
1437,0.38623410849163,0.39684371519834,0.42700851774937,0.46788272327600,0.60874147953589,0.61736184676068,0.32557591538136,0.23323961712563,0.34735880691349,0.47173022945363,0.38987960592155,0.24652789845832,0.41291419088224,0.50128192660549,0.41370807495368,0.430,,
1439,0.36398695864047,0.41247347769060,0.45106339444295,0.47671525904969,0.61658393302516,0.62357943964877,0.32305698230407,0.23215597308142,0.35120025008211,0.48325183459731,0.42176332901660,0.25058471062914,0.42625178257970,0.51931840143552,0.43009770745986,0.422,,
1441,0.35233031516429,0.41610044220667,0.45874432783811,0.48256984459327,0.59762816590924,0.62362939254248,0.32154771097001,0.23186198246541,0.35603362826772,0.48251944654046,0.44796123400699,0.25607705533173,0.42638461955836,0.52674801393780,0.44772208861863,0.420,,
1443,0.34322784061954,0.41554164990249,0.45324338989756,0.48327411472358,0.60071548354200,0.61416289056835,0.31650325914286,0.23119577504981,0.35681068016561,0.47416004662015,0.46248737623089,0.25270272292653,0.42083986806628,0.51894204943839,0.45169452174294,0.423,,
1445,0.34276370172513,0.41895501110227,0.43609875129691,0.48039009912642,0.59987496474376,0.61436398615446,0.31097769823409,0.23090714839247,0.35590824850920,0.48376908237164,0.47462927101084,0.24826608064168,0.42859679350840,0.51617823012472,0.45364606291611,0.425,,
1447,0.34409559266958,0.41806394539558,0.41394068764041,0.47950533614066,0.58584202874474,0.62130421282143,0.30891473497508,0.22949728945329,0.35382631950765,0.48014798135898,0.47651295528365,0.24200659611653,0.42183265924261,0.50818876076398,0.44446417944012,0.427,,
1449,0.34062822390013,0.40776461234951,0.40380687076629,0.45913314414385,0.56462057436640,0.60410467335212,0.32628507056331,0.20589373858363,0.36064711502830,0.46158831264549,0.50084932688391,0.23748931253359,0.40543439696267,0.48861317848702,0.45981860595775,0.429,,
1451,0.33722554269268,0.39765741385173,0.39386208118800,0.43914096588789,0.54379506826705,0.58722602098147,0.34333139012638,0.18273048772595,0.36734065749399,0.44337488265034,0.52473171958974,0.23305629649755,0.38934204598985,0.46940279982584,0.47488661708702,0.394,,
1453,0.33388576035795,0.38773698658144,0.38410110212162,0.41951826000959,0.52335440034993,0.57065929132746,0.36006263753283,0.15999533664144,0.37391049795493,0.42549805154402,0.54817269643948,0.22870520931334,0.37354709751542,0.45054744788856,0.48967613412112,0.400,,
1455,0.33482926509487,0.38817569667476,0.37653409422638,0.41877144181412,0.52221388006118,0.57048748527900,0.35256534269181,0.15489347706912,0.36873570542773,0.40345859394405,0.54752498933026,0.23286829099300,0.35282648493444,0.44373066216821,0.48821426844568,0.425,,
1457,0.33723771934471,0.38865984509382,0.36279603710017,0.42000922044923,0.53055739368070,0.57407665022531,0.34642270658389,0.15588762189037,0.36250163130024,0.38084999215038,0.54395851120793,0.23286875198457,0.32885012710345,0.42738350864538,0.47852500061964,0.436,,
1459,0.34662222054815,0.41341369032452,0.39232138191900,0.42176084037146,0.55590450762319,0.56211378964792,0.34689547117586,0.15973596631135,0.37483385502046,0.38515431395878,0.60052147182505,0.24890199144680,0.33856088697042,0.44070310548466,0.51838063540630,0.428,,
1461,0.35228957901045,0.43443163269833,0.42406233958251,0.41235523449790,0.55590788691672,0.53868002841251,0.34529931324740,0.15936625960313,0.38134457153190,0.38824721552762,0.63892473309131,0.24606402311063,0.34505200594641,0.45481785479486,0.54364191428865,0.413,,
1463,0.34770180564891,0.43121686276421,0.41339610176270,0.40803602809253,0.54197849495004,0.51881405233461,0.33339856237836,0.15720034544714,0.37557918284386,0.37335634134245,0.64329253029075,0.24083052177554,0.33177727855679,0.45238795152308,0.54144262351678,0.416,,
1465,0.34353848125605,0.42342723738674,0.39867598827307,0.39561127337814,0.55132159962409,0.50338102481781,0.32869856443842,0.15571875950497,0.36836093647398,0.35624605149566,0.64285491197104,0.24128456574157,0.31767781479576,0.43489952714796,0.53551094109392,0.408,,
1467,0.33372389443985,0.41808788828512,0.39323721228049,0.38005953468909,0.52826755141826,0.47723297368359,0.32395824149520,0.15022437083649,0.35465972378079,0.34589996230192,0.63406955912353,0.22904924951223,0.30827119119885,0.42252483593798,0.52388957115438,0.367,,
1469,0.32190595794564,0.40790618268433,0.36791941739365,0.36755977005065,0.51470267915770,0.44588551580657,0.31260985354698,0.14532173251951,0.34167525617270,0.32549899136950,0.60395397844874,0.22575865492905,0.28493833326332,0.41324120746212,0.50950809305484,0.342,,
1471,0.30412441123594,0.38322845282166,0.33031850577414,0.35125901254311,0.47923029877907,0.42687105626177,0.30535323882389,0.13828278811453,0.32402108322730,0.29188207013255,0.56694105036181,0.21714936897720,0.25415401464052,0.38431177701885,0.48137034321299,0.335,,
1473,0.27699501521859,0.34583014241202,0.28704006463593,0.33147846362389,0.43413543789861,0.40829380819860,0.29716532826118,0.13163641754929,0.30283085942511,0.25673336641476,0.51748373763832,0.19686683183741,0.22015173487304,0.34108907377028,0.44303333121653,0.316,,
1475,0.25144928169151,0.32132646390170,0.25546165173390,0.31429925199498,0.40069009302125,0.38457121505345,0.28431933032667,0.12971130185835,0.28439389917115,0.23072825194177,0.47048552212527,0.18464087819327,0.19318125063413,0.31100783807471,0.41601467462077,0.294,,
1477,0.22959376063346,0.30032742369591,0.22392524464548,0.29591430098900,0.37828351799661,0.35526156916552,0.27789710497351,0.12699993770218,0.27691587043687,0.20189878101495,0.42051746778586,0.17037740374645,0.17031472733419,0.29270806714691,0.38809089384639,0.272,,
1479,0.21613669424270,0.28860929594014,0.20443157983160,0.28760195252891,0.35140192209224,0.33576093081206,0.26579947902451,0.12057831600982,0.27035999141807,0.19030041386981,0.37706126717934,0.16644248494729,0.15816847617644,0.28585080701649,0.36822832647480,0.262,,
1481,0.20167742466774,0.27859824235541,0.18842558620603,0.27739289670052,0.32576083127120,0.32426059611050,0.26184620680552,0.11708089185025,0.26984913624659,0.18110889470525,0.33535155605394,0.16559678395354,0.14829297828058,0.28225623769896,0.34666786694068,0.254,,
1483,0.19252613780974,0.27498164144922,0.17217567446092,0.26860887094055,0.31347755189940,0.31679220233828,0.25783119412414,0.11819305711514,0.26643926559619,0.17036550018545,0.29214928725589,0.16130271734783,0.13873167968885,0.28295718030264,0.31877263109514,0.234,,
1485,0.18306799766096,0.26641024098431,0.16033386157065,0.26567687229839,0.31348676045922,0.31490808781224,0.25005127119423,0.11412853362227,0.26222914329826,0.16311092290268,0.25671186112050,0.16448186207032,0.13052937221173,0.28226245350445,0.30060989060040,0.230,,
1487,0.17426607089845,0.25981118206873,0.15542953287784,0.26214965485411,0.30144083894674,0.31310187609873,0.24514454411736,0.10802836268786,0.25958650921750,0.15444120736271,0.22597093142551,0.16545323855560,0.12265132418124,0.27827504536587,0.27848110698656,0.247,,
1489,0.16723695131862,0.25671028194331,0.15185331160397,0.25887045585181,0.27013753227777,0.31483455979481,0.24003454573492,0.10504010968474,0.24899040378623,0.15041420712593,0.19839234184078,0.16687967950780,0.11672738100424,0.27535183744541,0.25799541408841,0.245,,
1491,0.16733627336002,0.25256631291519,0.14816700457832,0.25840994727379,0.29048018239340,0.33135782662136,0.23978863139760,0.10703978961354,0.25090372978032,0.15212260450132,0.17573813768354,0.17616751564351,0.11636705472342,0.29093980433271,0.24882783716135,0.221,,
1493,0.16874189127728,0.25373147618807,0.14584927010561,0.25853580758491,0.29657988397575,0.32463024832915,0.24297568156714,0.10988957705126,0.26068326026168,0.15014039473549,0.16399241970352,0.17927037154839,0.11390243268229,0.29763341382410,0.23999023868414,0.215,,
1495,0.16760167509340,0.25036043399393,0.14548403891649,0.26203684345654,0.28405911336573,0.32424353544027,0.23773307573929,0.10895963622093,0.26219044506375,0.14894449049818,0.15440466053152,0.17984773073415,0.11188984081756,0.29392872077831,0.23071614406920,0.216,,
1497,0.16429032527003,0.24214335422761,0.14005250564594,0.26241488959631,0.27904192337333,0.33499640336370,0.23379752913755,0.10735160492367,0.25911438578874,0.14912902806539,0.14535655018154,0.17950856735274,0.11144991161625,0.28441152205528,0.22142531256890,0.226,,
1499,0.16284069578344,0.24158816428222,0.14231730492709,0.27463237225360,0.29187993985772,0.33764403237030,0.23694282916313,0.10961882193995,0.26958591237803,0.15537172050680,0.14277736045814,0.18728415415460,0.11478658551141,0.28009224966056,0.22672597854075,0.216,,
1501,0.16326407687791,0.23417549532053,0.14071686932178,0.28720160830583,0.30476854340964,0.33954120134092,0.23833846440151,0.10763928646074,0.27716534844058,0.15636673915017,0.14231921215301,0.18894997211708,0.11541148645548,0.27399764459896,0.22279579602920,0.170,,
1503,0.16318880870288,0.22964815789305,0.13503710128312,0.29003894613666,0.30816849099552,0.34425656670177,0.24246768628704,0.10917225970095,0.27427442320288,0.15627366858413,0.14510704067027,0.19048822958317,0.11538044068921,0.26713628953250,0.21825830367308,0.191,,
1505,0.15936587859143,0.22163912413251,0.13174729736984,0.28153688391547,0.28044994521672,0.32941582108536,0.23919031631565,0.10200836808944,0.26573070577033,0.15361791805182,0.14483386575000,0.18944537032510,0.11446773122021,0.26013937282580,0.21371259695296,0.217,,
1507,0.15997438361548,0.21225408136155,0.13787903083089,0.28133321165974,0.25530534715535,0.32404011538190,0.23644017589969,0.09933723566139,0.26410956985293,0.15256683217144,0.14899014396234,0.19115146477610,0.11018558422719,0.25756507340446,0.20730728484057,0.244,,
1509,0.16672234634902,0.21599739410917,0.14468384295443,0.30963343134347,0.32337750879772,0.35911516260590,0.25548850511927,0.11472926150356,0.28647379975432,0.16340685180150,0.16265244529776,0.19292212455827,0.11613145795097,0.26371262852797,0.20659779523099,0.244,,
1511,0.16920203394111,0.21757631334459,0.15350785963768,0.32219527559699,0.34533452010665,0.38877794928434,0.25348252930205,0.11534681086232,0.29133686527757,0.17232569744597,0.17191503087854,0.19491586906270,0.12951902758806,0.26806760337649,0.21048892442330,0.222,,
1513,0.17425705132991,0.22143576958074,0.16664680301360,0.32988659907163,0.37359477283446,0.40129301110001,0.25550688263172,0.11850278013586,0.29649517973196,0.17902732550763,0.18411531675761,0.20502893159526,0.13552282127727,0.28051896280812,0.21865041204415,0.234,,
1515,0.17271940916692,0.22330568714435,0.17251575393639,0.33807468089793,0.38203054050549,0.39778436247333,0.25255214650153,0.11613145757770,0.29684799565240,0.18267018012439,0.19126224210151,0.20647966166707,0.13472356339094,0.28665937597284,0.21582953052596,0.235,,
1517,0.18487420657772,0.23595974126474,0.18486248797645,0.35248691150935,0.38375549772771,0.40627398999083,0.26356412510469,0.11432591523715,0.31146939712776,0.19266465600205,0.20874398894808,0.22290335899987,0.14871172923932,0.30259048287069,0.23178902183729,0.231,,
1519,0.18988406190704,0.24055917017170,0.19502482357204,0.36330010671311,0.40584461504797,0.41905993079506,0.26979477497848,0.10822989175143,0.31480267410024,0.19447266544077,0.22064831394047,0.23130250001862,0.15472354733156,0.31268812064391,0.24170301931854,0.241,,
1521,0.20298227530574,0.25335330507842,0.21257273122013,0.38109441759884,0.43362600106703,0.45404184019742,0.27798214305291,0.11502185472605,0.32960294240583,0.20365742625060,0.23709678908462,0.23891642762616,0.15905101737574,0.32690360563993,0.24477134328380,0.268,,
1523,0.22328911216511,0.27422895191420,0.22877551907586,0.41701959002147,0.48932341289476,0.47317838190699,0.29419086181373,0.12913701649539,0.35479330637278,0.22411312455086,0.25902684214892,0.26092774584325,0.17283102999675,0.35542730581280,0.26546813460831,0.297,,
1525,0.23596218860998,0.28930571770615,0.24966175962429,0.44253026628258,0.52490951068182,0.50863908948030,0.30043453578061,0.13852433855283,0.37390894919605,0.23640229512603,0.27091578011230,0.27039746009736,0.18497691267495,0.37650944329941,0.27327706852676,0.310,,
1527,0.24859823471310,0.29983049991463,0.26733137559069,0.46747578262733,0.56131247221244,0.54118996403753,0.30312533627247,0.14185897666906,0.38900027603182,0.24859118315007,0.29024458009090,0.28202854024982,0.19708725452403,0.39020253897920,0.28062937801456,0.300,,
1529,0.26145039618679,0.32010966065423,0.29404972077394,0.49272990447453,0.58370311101342,0.56375114285624,0.31932328550430,0.14708402773094,0.41021510622555,0.27556965006917,0.32359847589010,0.30448680729180,0.21907824588524,0.41163366009344,0.30867672263709,0.320,,
1531,0.26642467867834,0.32183923806166,0.30781430657398,0.50852972294916,0.58856438508309,0.58544023275479,0.32435281835075,0.14927054443112,0.42604577427963,0.28417449499274,0.33993797590258,0.31171805247865,0.22559178217956,0.42334205978605,0.31640440972905,0.329,,
1533,0.28060072745150,0.33844781843039,0.32224915418497,0.53127057105433,0.61747390850912,0.62174481320940,0.33618144432749,0.15570634245894,0.44737349492495,0.29371906728875,0.35816187531160,0.32873158484907,0.23743285925217,0.44012498591954,0.32644498898929,0.302,,
1535,0.29586133307352,0.36145651158983,0.36684552611804,0.56431786621737,0.63835928471624,0.65385943728038,0.34846099713177,0.16779930149440,0.47132704891524,0.32262511249519,0.38892708804511,0.34578026159537,0.26616075997711,0.46691741025698,0.34758094984956,0.312,,
1537,0.29781937169474,0.36887272484244,0.37483311821485,0.57207835208482,0.62428323068855,0.65627933014686,0.33929064975081,0.16767042675036,0.46552005451099,0.33243881556882,0.39278202483770,0.34515064731573,0.27260910095417,0.46897079616253,0.34734137214893,0.356,,
1539,0.30588186844852,0.37799076207010,0.36837588409806,0.57972800933467,0.62278166263652,0.67958729048520,0.33625457469694,0.16850425649828,0.47336626455503,0.33313589643162,0.39821326338338,0.35346295021198,0.26324636368644,0.47767115358846,0.34965661307438,0.382,,
1541,0.32079028266534,0.39255231485141,0.37602869171350,0.60041648671725,0.67373143718608,0.73785191045790,0.34574087954099,0.17778123093314,0.51192284393031,0.33338155460427,0.41663468804489,0.36910125409256,0.26021149455904,0.49474059269090,0.36351266578737,0.411,,
1543,0.33069523725347,0.41750498835070,0.40142964275670,0.61995514265619,0.70486262501099,0.77703794822233,0.35535550172499,0.18702046263617,0.52991411767952,0.35818699970799,0.43365805479448,0.38272789952768,0.28637916850451,0.50443266556283,0.38013140087809,0.415,,
1545,0.34715249512857,0.45657183435934,0.48724508706183,0.63524547115646,0.72533751842739,0.79461536110260,0.37080486897981,0.19640475958255,0.55070091058845,0.43175191988847,0.48382403418743,0.40852294994006,0.35990732498025,0.55406604214218,0.41979041225413,0.415,,
1547,0.36216387189982,0.50655764020285,0.55449844446182,0.65314136285089,0.72277631594682,0.80085062553832,0.37486694628579,0.19679764369910,0.55605060847865,0.48022557907296,0.51888146790988,0.43383965752328,0.40930374939307,0.60254880602652,0.45722498576277,0.416,,
1549,0.36416928048258,0.51463360299390,0.55806517598438,0.65531055449739,0.73094744769449,0.81581407855317,0.37443278253049,0.20020949834013,0.56459911008703,0.47769857510591,0.52238211026567,0.43913275869855,0.40958615082388,0.60386562977502,0.46633532755397,0.416,,
1551,0.36868050277697,0.53644440539706,0.59500130239496,0.65385434335319,0.73659727512575,0.82104670732238,0.38196874861493,0.20526733327580,0.56951873711894,0.52607747791592,0.54266531866049,0.45076839539138,0.44751474028754,0.64207313436503,0.48134924127684,0.408,,
1553,0.37017956076909,0.53170700937433,0.58636208844880,0.65479806224598,0.73885094805816,0.83752992838819,0.37995093819773,0.21174401053692,0.56984871941967,0.52680166079537,0.53951210824663,0.45029551220297,0.44564790666582,0.64167643765136,0.47987167941074,0.383,,
1555,0.37186565295899,0.52535728616335,0.58849784562092,0.65073917000984,0.74661293862533,0.85504944549609,0.38050777249988,0.21892052903248,0.57546612389752,0.52682393404595,0.54621070412368,0.46016129576076,0.44817870634064,0.64471203913125,0.48942216046960,0.448,,
1557,0.36845850147140,0.51035529673729,0.55595577956873,0.64493769880892,0.73239554265283,0.86272510947399,0.37627242984294,0.21820047377336,0.57116393357210,0.49959911707570,0.53248058387491,0.45128680344853,0.41992753483154,0.62175604181133,0.47383949186132,0.481,,
1559,0.39419357594885,0.53494264374045,0.56385916489111,0.64236023349436,0.75600982743005,0.91068597963860,0.38847969875609,0.23401850011836,0.58190105807497,0.52352964051368,0.54610048929460,0.45942721313760,0.43063615435813,0.64154324774075,0.48240418442471,0.498,,
1561,0.42403501022438,0.61686584601477,0.69972562077417,0.64278843587549,0.78610404982768,0.89013030176110,0.40232067119330,0.23551250978296,0.57853328533657,0.67814418446918,0.63405393012936,0.52347038135983,0.57381613630883,0.78211692260122,0.55998108078436,0.522,,
1563,0.43288943418767,0.63602730084868,0.72941916016855,0.64336208748335,0.77800965156637,0.87901312263206,0.39674980741368,0.23845369874854,0.57540740005480,0.70634373321686,0.65720224084797,0.53436731091113,0.59802022396903,0.81918278760471,0.57068656701919,0.531,,
1565,0.45181193485245,0.65231334730268,0.78094866254986,0.63744825491238,0.79138757375270,0.87568739672497,0.39899013337683,0.24267238003600,0.58067555454196,0.74887341407539,0.67213767920057,0.56745689856320,0.64154654692241,0.87324041573059,0.57976705051085,0.580,,
1567,0.46819997427632,0.67690957438910,0.74440209685210,0.63158928717488,0.78694264103888,0.87563437932125,0.40323491889324,0.24222408193352,0.57746884312031,0.73917880630455,0.67920341531086,0.58581341770831,0.64932445046362,0.88922819586976,0.58559580641089,0.641,,
1569,0.48937254252242,0.69909205634383,0.70478796991452,0.63153663950416,0.78046165840639,0.89543941007120,0.39357598321906,0.24950983766126,0.58109645258608,0.69828290689724,0.72108830332422,0.60210208753874,0.63200062267522,0.87343216227678,0.61609035735637,0.665,,
1571,0.53714730378686,0.82172248892092,0.72967682482013,0.62767614355572,0.82317871528332,0.87404599224361,0.39091462356015,0.25111783428810,0.58038445277916,0.78140189905727,0.81725058360615,0.69479476345538,0.76968808233439,0.90060777746542,0.69078746594374,0.696,,
1573,0.55778217644839,0.89167757479390,0.87042020369433,0.62565213147536,0.83856258899490,0.87364931741950,0.38774120349779,0.24995197871926,0.57374156699582,0.79290152488810,0.88583105534893,0.73810337883398,0.83501460579451,0.85481945818425,0.74375157200474,0.782,,
1575,0.54878998661171,0.86781949446629,0.88975821554418,0.61955999735527,0.78211467319476,0.89073638223903,0.37592572171109,0.25561202615629,0.56997984829677,0.70414607484739,0.83277932929679,0.72031283069599,0.76718248279702,0.78119190746316,0.71503690934847,0.845,,
1577,0.61669243332533,0.92579218870408,0.88400755309842,0.61616242782282,0.68345983065493,0.88224664497894,0.37648462508690,0.26030257053702,0.56956993836830,0.70116774112909,0.84393817729906,0.80691853087324,0.83804641871686,0.73278836185238,0.76080485399103,0.895,,
1579,0.68856938695626,0.84550239999833,0.78720279948440,0.61671084271690,0.67177218332214,0.86446166377045,0.37433702259717,0.25966254865699,0.56748266468993,0.73033879387137,0.86874601341667,0.90344489803388,0.93392006596824,0.78516718968610,0.83683686014661,0.904,,
1581,0.72708709563850,0.80984229975326,0.84176882827101,0.61708458328989,0.77412499573241,0.84411191981582,0.37648005995277,0.25806890815983,0.56711886604327,0.74735186888844,0.91092374260190,0.93583198841254,1.00000000000000,0.73669235833709,0.92452969798825,0.896,,
1583,0.68960585807925,0.83404567445119,0.78024603844957,0.61709635686380,0.85687322148258,0.83385415192225,0.37638625543475,0.25730860827661,0.56669408034370,0.73665697888686,0.84698662108937,0.97995119238387,0.95547125493057,0.70041900378495,1.00000000000000,0.867,,
1585,0.66394700997747,0.81806586462568,0.70157892203609,0.61732373433703,0.81039552950589,0.82809018842115,0.37094202218213,0.25938678343610,0.56326600079252,0.86935902937225,0.72988745197564,0.99173643984974,0.94653036399445,0.78024351612966,0.96763529020769,0.820,,
1587,0.67899189527022,0.87202323383149,0.79245347210481,0.61769884100888,0.75375094507934,0.81528677645879,0.37125403969352,0.25907060410430,0.56034563648256,1.00000000000000,0.68086685144926,0.90150988755646,0.98834456216557,0.83943142771524,0.87514611004016,0.765,,
1589,0.65863723243816,0.84027125242073,0.82178200000195,0.61483769087097,0.75779804043073,0.81974770431845,0.36529559451541,0.26237958400327,0.55788919968041,0.93104443817039,0.66229485135290,0.83675026391085,0.93040431853336,0.76444592858531,0.82311000164969,0.703,,
1591,0.61526587461145,0.80138733870797,0.80663154948890,0.61128978137317,0.78963026290833,0.81264926334914,0.35971182479825,0.26521375640034,0.55178777870214,0.86708896422155,0.71579693380381,0.80548707248980,0.86607081330447,0.72466989984730,0.83303835714186,0.644,,
1593,0.55752126122973,0.81508279410776,0.71747772349663,0.60833207369248,0.78563254362572,0.79343214527211,0.35987470030058,0.26280196245479,0.54288598081084,0.84138311633415,0.75808565428091,0.76692704013006,0.83729111021592,0.71646493296589,0.83807798427660,0.607,,
1595,0.56458892024515,0.81246013711378,0.61696799623279,0.60450541616998,0.74829300099753,0.79465743829758,0.35679763316100,0.26726757582582,0.53646836112271,0.75354612504059,0.71723090848083,0.72635803848430,0.75694517701313,0.68915654927716,0.78744859535841,0.567,,
1597,0.56617239549667,0.78675368756505,0.54554375539619,0.59605482279657,0.72199293109345,0.77192328192252,0.35831544693456,0.26774984074712,0.52878467714945,0.71410626622774,0.62839850278839,0.70404495911329,0.69580843270377,0.66197373902164,0.71822804252551,0.523,,
1599,0.55894397198880,0.74057749034478,0.47985981756314,0.58925965232710,0.70988137524192,0.74472492565616,0.35803721163686,0.26559622076801,0.51856755895735,0.72603600149800,0.56319891561022,0.69807552539805,0.67929142695030,0.65013527977336,0.66824038256457,0.489,,
1601,0.54018099224810,0.68089942999169,0.46842146962389,0.58152374849278,0.71207675490977,0.74376974457147,0.34899229958845,0.26715717233234,0.50832692186746,0.71683649143185,0.53308255049357,0.67531625024736,0.66252094051522,0.63300618905877,0.62327557038707,0.454,,
1603,0.51516795008836,0.63304927535361,0.49060467096310,0.57462756940591,0.70200317716557,0.73137673146863,0.34565970154525,0.26593298952547,0.50259804096110,0.69039274111272,0.50607519326506,0.63870460417014,0.65231038909413,0.58226678942386,0.58246601722800,0.424,,
1605,0.49598958243590,0.58663379247211,0.47563955432035,0.56844703874438,0.66005302619791,0.71246911463919,0.34122633653471,0.26460088297987,0.49266478324337,0.62950366934371,0.47010192691500,0.61145408151527,0.60485229135454,0.54157495526794,0.54753851359586,0.406,,
1607,0.46649691587428,0.53609713456840,0.44939381065763,0.55686125998775,0.60850254778130,0.70690807875822,0.33546022157664,0.26440290400307,0.47920782338188,0.57966120637064,0.43514445093317,0.58220305510170,0.55303366260182,0.52137535810458,0.50210625962974,0.389,,
1609,0.44400166673794,0.50123276333573,0.42002234886309,0.54667458127752,0.59930774518145,0.68221213166187,0.33004605519950,0.25936975323334,0.47013179216639,0.55768373643705,0.40611843306968,0.54983428605374,0.53380703221129,0.49536701168991,0.46754618632611,0.365,,
1611,0.42661838767981,0.47770991142016,0.39378916231777,0.53656506056403,0.60611197886797,0.65528070848232,0.32298521436046,0.25656065609858,0.45894771018998,0.53104980841327,0.37898618252408,0.52588231594029,0.50717085757240,0.47426971464989,0.44420717925282,0.350,,
1613,0.40314079096480,0.45229266783794,0.36009411137481,0.52168656072933,0.57648647356695,0.63597976846404,0.32194404320214,0.25287582685388,0.44582013522234,0.50059337598043,0.35196250312010,0.49967485406050,0.47386619760127,0.45928869854445,0.41893603123205,0.347,,
1615,0.38292066765513,0.42763120128105,0.32315452790884,0.50931650597441,0.53008367893565,0.63030139014779,0.31770692452580,0.25276380591514,0.43281752678434,0.45759855804273,0.33549520291730,0.46568085810051,0.43431430782671,0.43175867018148,0.38973317044546,0.338,,
1617,0.36674087777035,0.41125347210746,0.30698053636769,0.48931129031990,0.51827315695270,0.61822763134874,0.30579731555420,0.25434358609300,0.42167686980910,0.44211887091540,0.32020345990214,0.43453008970820,0.41714916973191,0.40559898988713,0.36105677937208,0.329,,
1619,0.35360495001317,0.39700036769539,0.30408191474216,0.47068143767099,0.51353944414465,0.58448739399566,0.30426190304299,0.24562991786036,0.40728509565149,0.43807626247506,0.30354439433462,0.42269360117884,0.41197026481362,0.39721124870448,0.35233126888372,0.329,,
1621,0.34039811360524,0.38247049029364,0.28305277841079,0.45805442254572,0.49875134042329,0.57149814871939,0.29674348617802,0.24303752149357,0.39311249401546,0.39884806242393,0.29573988255193,0.40550788279229,0.37760660596659,0.38307436281939,0.34164846616162,0.321,,
1623,0.32626601038081,0.36138963847653,0.25854026375138,0.43553780611784,0.46666991655597,0.55931788370291,0.28652743715506,0.24021138724538,0.38271573268051,0.38596788967912,0.28497115419177,0.37812814956314,0.36100034364741,0.37092897205244,0.31933657738429,0.322,,
1625,0.31963378248221,0.34709582203346,0.25786265026121,0.41820531191522,0.44316884442890,0.53235597532065,0.28112653304978,0.23420577577507,0.37140776100652,0.38252706616516,0.27663079261953,0.37262014247684,0.35549633980365,0.36680784983070,0.31390761129980,0.324,,
1627,0.31191265985658,0.33731911834074,0.24704761307739,0.40477468552030,0.43025274899757,0.51776252784037,0.27264217113323,0.23430092487052,0.36377095724650,0.35394826178518,0.27305599332947,0.35728292500556,0.32937375547980,0.35534093996741,0.30049657333458,0.325,,
1629,0.30673590228354,0.32878986095732,0.24322326985016,0.38997978905195,0.41206474329305,0.49095389094967,0.26816503389205,0.22939968730868,0.35473006454534,0.36289107238954,0.26596047820047,0.34943338312128,0.33366802326183,0.35168211460943,0.29085994278534,0.313,,
1631,0.30083751464946,0.31573585855435,0.24266017108344,0.38142461950180,0.39666785776727,0.47863899229922,0.26341994897071,0.22385297430384,0.34690692502172,0.35735220810149,0.26314948610753,0.34784236173337,0.32998378268448,0.34477331027030,0.28705855444402,0.308,,
1633,0.29047277996966,0.30579996200267,0.22871096165816,0.37457490724722,0.38113740381486,0.46921807691321,0.25394152796204,0.22053384733414,0.33848097969501,0.33223740664036,0.26062697143566,0.33496383914854,0.30751253799182,0.33386251422449,0.27647153949810,0.317,,
1635,0.28804249346471,0.29597104023742,0.20071516094961,0.36914763313707,0.39784312997186,0.46848074641608,0.25076973610177,0.22236312895462,0.33308666913673,0.29833825982945,0.25378831289138,0.30722285066885,0.28234600269429,0.32021257858343,0.25606542208471,0.322,,
1637,0.28350117587781,0.28553756610322,0.20132820000343,0.36214501736195,0.38303407787938,0.46778944948380,0.24204455423678,0.22030913301455,0.32746419718636,0.29855654565125,0.25979418058113,0.29943904829729,0.28170418254511,0.31087154544262,0.24619219843550,0.327,,
1639,0.28083259901729,0.28192472584455,0.21572792073971,0.36023416034985,0.36092769680313,0.45253753363481,0.23686974524001,0.21267374802994,0.32314325878256,0.32524010341783,0.26213534735594,0.30579378435581,0.29913321101685,0.31761558948587,0.25112028365976,0.324,,
1641,0.28034865863259,0.28230348752597,0.22357182663178,0.36179032470848,0.36324826254106,0.44513878506300,0.23373443918793,0.21105328867645,0.31945134858302,0.33093515337571,0.26249888753465,0.30968394316466,0.30612552133553,0.32363036920093,0.25521221759244,0.307,,
1643,0.27909525103036,0.27968662140440,0.22314049685369,0.36418976211241,0.34886222496159,0.43616035674023,0.22609037318982,0.20934163874584,0.31664524738968,0.32460415901910,0.26297851712927,0.30615552350902,0.29914261161577,0.31959500100212,0.24871074461832,0.323,,
1645,0.27649897502551,0.27509546179269,0.20039698478106,0.36307389047626,0.34383069694622,0.44214248406691,0.21926665514635,0.20730278429069,0.31234292338289,0.30531595736919,0.26044852308106,0.29186064322474,0.28684539306283,0.30705114152471,0.23595046045900,0.332,,
1647,0.28157138252920,0.28057482587040,0.19305403839928,0.36376207152112,0.36877718502255,0.46027308368311,0.21317191245977,0.20776621368779,0.31112117307413,0.29295104601408,0.26609016558934,0.29058585198284,0.28283367161930,0.30709607399199,0.22910074365548,0.323,,
1649,0.28748060944719,0.29307327142505,0.22130286334045,0.36344799052692,0.34827956545108,0.44243719369307,0.21214177660669,0.20531222924095,0.30983192848819,0.32303301211855,0.27647174840424,0.30897169004072,0.30092376371867,0.31874004623024,0.24047534462410,0.330,,
1651,0.28392861958424,0.29459725630188,0.21730660904240,0.36263086178750,0.34120755839849,0.43117808843152,0.21017191846745,0.20023790910743,0.30268936135011,0.32372093702422,0.27483839583551,0.30819978244243,0.30115875831916,0.31536461859832,0.23997920843774,0.343,,
1653,0.29202843926287,0.30898955456729,0.20965618555092,0.36500127592378,0.37506578917320,0.46214845170185,0.21030342205058,0.20616823692872,0.30777941954357,0.32187085060377,0.28383293533945,0.31657420590392,0.30700823326961,0.31911971899425,0.23885909405360,0.349,,
1655,0.30370516418554,0.33023803327932,0.26341133005728,0.36564815440879,0.36010058087140,0.46128989135105,0.21935237456154,0.20913847759580,0.31406553841347,0.38385233619160,0.30736142907092,0.34970571433170,0.35078007486773,0.35047033521048,0.26711510900109,0.345,,
1657,0.30875128033780,0.34618572210812,0.29369578917515,0.36833315954951,0.37307224303028,0.44199653620213,0.22316015363490,0.20659591667448,0.31681796861485,0.41367913890780,0.33085381603581,0.37243601700565,0.37664925802848,0.36633893172651,0.29046034459730,0.334,,
1659,0.31419620312949,0.35649596288155,0.30838913762079,0.36821583615245,0.38194775443189,0.43167043291010,0.22244782031944,0.20816838045722,0.32120283647910,0.42957499316396,0.35083951101732,0.38884396506879,0.38522229109835,0.37479624580352,0.31010917283209,0.333,,
1661,0.30796883772719,0.35143905290363,0.30168963619364,0.36532957711738,0.36654168278667,0.44021658441762,0.21940270408090,0.20980490181864,0.32189542312824,0.42410683288368,0.35515938395576,0.39046882061952,0.37962292320760,0.37123751710718,0.31171809579431,0.327,,
1663,0.31606763931765,0.36135751059769,0.32751550552164,0.36713238335093,0.36782896741165,0.44990561762724,0.22242620962598,0.21248892881916,0.32519793321289,0.44400650981577,0.37180212036614,0.41498278729284,0.39072468058500,0.39229897957083,0.32658621838569,0.312,,
1665,0.31708733110649,0.37684186984538,0.36389290204241,0.36607395905087,0.37929853329708,0.43460783777376,0.22784731100620,0.21404295485047,0.32947090283180,0.47274257530145,0.37408671427133,0.43529301892289,0.41070820426058,0.40384624845221,0.33791050700346,0.302,,
1667,0.30685803967370,0.36469293352836,0.34736562485484,0.36201269597894,0.37114617506811,0.43341841713873,0.22272461049716,0.21533399897177,0.32592948702923,0.45123574612657,0.35897590902927,0.42709086179228,0.39313770448051,0.38329628469198,0.32623189745795,0.299,,
1669,0.30543239442519,0.34660756455964,0.32295031241209,0.35828928077634,0.34415076844422,0.44825135959697,0.21303751445898,0.21860894505368,0.32438494005641,0.42220648680121,0.35758792618338,0.42526050924148,0.36701503012331,0.37271165695161,0.31922742278556,0.284,,
1671,0.30302668165374,0.35069121698253,0.34717731877163,0.35629950103994,0.34915064769418,0.44171559190865,0.21708938413833,0.21417305606053,0.32652853967836,0.45421663234545,0.37015957890632,0.44407899707717,0.38584541454094,0.39471393399447,0.33671358404147,0.278,,
1673,0.30303227464487,0.34809123785871,0.35524764571862,0.35563342640583,0.36405749474850,0.42574882714852,0.21755596878735,0.21003020811219,0.32349187570239,0.45960920379351,0.37323960982142,0.45073253346992,0.38290656565249,0.39798496320939,0.34441472126523,0.279,,
1675,0.30440657534735,0.34979119807009,0.35824448614159,0.35288459995249,0.35162817400595,0.42220373376743,0.21575407779924,0.21137013611656,0.32579647104233,0.45845647336452,0.38140893344635,0.46040075280883,0.38020079141978,0.39853510862736,0.35507566325204,0.273,,
1677,0.30367878480664,0.35327083019780,0.37703208152375,0.34836389166133,0.35338358042560,0.40936338017211,0.21890299569944,0.20729186638882,0.32698634902035,0.47512832873279,0.40240269555958,0.47852767070925,0.38734252522599,0.41815841089871,0.37622270352979,0.260,,
1679,0.30127833528408,0.34411784299268,0.36244364020554,0.34342036446540,0.35106591214459,0.40215430238477,0.21571668407578,0.20416654962961,0.32381262384314,0.46377352384051,0.39940609474871,0.47432578768891,0.37249235025087,0.41277887778361,0.37463147293641,0.261,,
1681,0.29159838106849,0.34083873987704,0.34625598911658,0.33487227905385,0.34668946736873,0.38551755891489,0.21063518453809,0.20000573971104,0.31659317995307,0.44663315498175,0.38403292387602,0.46273907552027,0.35840107393866,0.39140595795568,0.36783938547554,0.263,,
1683,0.27747419346158,0.32061156966994,0.30154957420526,0.32355385537141,0.32284181713557,0.39116238128358,0.20775984710351,0.19986952608295,0.30940575703664,0.39875745400120,0.36053626013214,0.42750637003539,0.32760434122844,0.36035429365953,0.34355741121138,0.257,,
1685,0.27879152451853,0.31644150493966,0.30544347833371,0.31321040367869,0.33184734488532,0.40850388031432,0.21601777514821,0.19821484386492,0.30792114256880,0.40002228423654,0.36079614576953,0.42051843952240,0.32377624805922,0.36206278698754,0.34733759547481,0.256,,
1687,0.26729405490732,0.31326304334110,0.30499687942158,0.30569224616357,0.32570978474730,0.38745410872580,0.21813549089560,0.19262129382007,0.30409271410648,0.39498031852882,0.34828649437355,0.41323337942344,0.31670295832842,0.35470672055564,0.34431741784642,0.255,,
1689,0.25911493655009,0.29780973535088,0.29530516626645,0.29914242265385,0.31254324299621,0.37509150439696,0.21920286835424,0.19316277054356,0.30033109096441,0.38031549572709,0.33537686789321,0.39479399207121,0.30054313524606,0.35078040917376,0.33539238089812,0.250,,
1691,0.25062967020412,0.28047520849855,0.29242769428632,0.29305837437349,0.31003733874067,0.37050374567038,0.22097100280930,0.19299666949293,0.30254300587330,0.37571235321854,0.32945733349059,0.37840209436993,0.29481183793911,0.34295792114972,0.33149975578748,0.247,,
1693,0.23728097284170,0.26276403320524,0.27047720485199,0.28710751036910,0.30062577470556,0.36571445241035,0.22007006321320,0.18923239884310,0.29763553612413,0.34788841852091,0.31038116268819,0.35599494149917,0.27706843042512,0.32160380417659,0.31519878991185,0.242,,
1695,0.22397094226607,0.24411685240294,0.23021723824642,0.28065675655853,0.28050781638543,0.37528871700500,0.22172406747205,0.18816243391840,0.29259981911028,0.30157483830320,0.28085404954964,0.31630190515772,0.24608395813667,0.30078959528132,0.28450056062345,0.235,,
1697,0.21282838353158,0.22511837817385,0.20112311352991,0.27594399036437,0.29207938321081,0.38681829520753,0.22659460935174,0.18713845086913,0.28742675346271,0.26540004041851,0.25752858662572,0.28003315170998,0.22223818645059,0.28340607622481,0.25865833047245,0.243,,
1699,0.20868744156550,0.21999567041362,0.19032637517829,0.27394427034827,0.28266809724397,0.40083848076548,0.22682327780840,0.18619301892146,0.28524662388039,0.25430285183767,0.24865921422054,0.26605623047893,0.21470784274817,0.27947423080714,0.24853796862221,0.245,,
1701,0.21142175293767,0.21938715394453,0.19629737054008,0.27466842930785,0.27929538260070,0.42157551367706,0.22513947429343,0.18655444959019,0.29098681741654,0.26881612005607,0.25480052275381,0.27120017029128,0.22463301572331,0.29210912834663,0.25592977729360,0.247,,
1703,0.20838714992876,0.21694795615860,0.19590827424735,0.27625681329143,0.28436898928788,0.42433717556316,0.22625203224051,0.18680588332293,0.28846816348209,0.26857341601283,0.25468738958160,0.27137880238450,0.22462655238028,0.29580042045082,0.25631861128988,0.251,,
1705,0.21083139708505,0.21374636892206,0.19344318650435,0.28071149462221,0.28819316641637,0.42677692746686,0.22123518440433,0.18709193523326,0.28895578609869,0.27125061920421,0.25804856934575,0.26945814634366,0.22931696131537,0.29676107241317,0.25725898163314,0.253,,
1707,0.21842246129148,0.21660716398405,0.21122107021455,0.28690025349088,0.28764021659329,0.42869416062661,0.21293646640149,0.18653227293877,0.29477594360611,0.28469554662359,0.27056970012325,0.28377130163290,0.24049581122717,0.30518382305381,0.26758855524896,0.253,,
1709,0.21919004601997,0.22172307135115,0.21566664716534,0.29375042885821,0.30077499527139,0.43315740803507,0.20966504678318,0.18426816571838,0.29638943777682,0.28789392573316,0.27323700291417,0.28677033377679,0.24250966668039,0.31315655818464,0.26783685494910,0.242,,
1711,0.22089220141892,0.22247591186263,0.21582126274803,0.29708422533640,0.30553676373595,0.42837727740692,0.20342734608535,0.18105760916097,0.29276805333996,0.29357133942785,0.27851257837349,0.28163138430518,0.24749064872284,0.31318171889829,0.26438924570376,0.232,,
1713,0.21513955516329,0.21562958962033,0.19997745951779,0.29597570216065,0.29808379900339,0.42583581528999,0.19818982851498,0.17933860898474,0.28765341367523,0.27615438918944,0.26481931841428,0.26707790285650,0.23762989920972,0.30226931536124,0.24804854875822,0.233,,
1715,0.20662003170158,0.21147308868494,0.18161760335645,0.29862920411938,0.28071267900151,0.43110375264422,0.19391916083962,0.17937369860972,0.28182086293338,0.24851617371077,0.24666308995682,0.24812996098457,0.21847281629600,0.28930832853079,0.22884756316700,0.235,,
1717,0.20079980776900,0.20671122415090,0.16919057236912,0.29421028495392,0.26885417532198,0.43209438311574,0.19031095970347,0.17797854988358,0.27326724194989,0.22976793823361,0.23381328203039,0.22960508374023,0.20451079271508,0.27901744207278,0.21267609519473,0.232,,
1719,0.19079307286420,0.20289430800843,0.16792213135874,0.28447450753515,0.25683836050526,0.41638773166526,0.18777310674833,0.17129696904968,0.26210714423705,0.23843745941325,0.22861127450071,0.22114190165176,0.21163029978450,0.26682856786905,0.20899349373124,0.228,,
1721,0.18461419941289,0.19912674736440,0.16380143085738,0.27923844476543,0.25457933508956,0.40247404358215,0.18556372104836,0.16654740167997,0.25488519567850,0.23403985091898,0.22394365763888,0.21182353160976,0.20770112216469,0.25470655329754,0.20089121716931,0.222,,
1723,0.17717361744128,0.19129168443542,0.15508258346444,0.26718670067710,0.24516211306907,0.39533287639512,0.18379983434413,0.16421724965690,0.24815247496732,0.21537612899032,0.21132896982720,0.20077192012638,0.19449955180061,0.24188077837111,0.19118258040827,0.218,,
1725,0.16703237620478,0.18006136690181,0.14473254526701,0.25492103649790,0.23877771217369,0.38737992418541,0.18139020042981,0.15741987899905,0.23903240798735,0.20632278268234,0.19736399586472,0.18739262675499,0.18664877677759,0.23098288241010,0.18173263772233,0.213,,
1727,0.15843517860418,0.16981100597718,0.13536753163707,0.24481499876077,0.22692181356428,0.37362524275993,0.17960278607635,0.15224112360329,0.22844374255054,0.19543834526414,0.19064136155736,0.17463141481733,0.17724652045532,0.21730825021147,0.17179005670177,0.201,,
1729,0.14850576248149,0.15772017448160,0.12302020629343,0.23482473785022,0.21536860351617,0.36684231771429,0.18028707661813,0.14955496202950,0.22034512136271,0.17537740864070,0.17496411035101,0.16165961231300,0.16030474984392,0.20641075320880,0.15975602468459,0.200,,
1731,0.13855800381557,0.14491099298459,0.11261508484808,0.22636125028311,0.20158248210410,0.36251392821040,0.17649135221192,0.14627107179980,0.21102682648477,0.15896187028326,0.15890667264096,0.14750815428576,0.14452597385639,0.19805021545831,0.14875782472114,0.200,,
1733,0.13124136148830,0.13441405548261,0.10820007286576,0.21791455903241,0.18870388491887,0.35540255680334,0.17313032348213,0.14315859316821,0.20320412678571,0.14652505630359,0.15009821002661,0.13599889504545,0.13213979906797,0.19184440680394,0.14109648268526,0.196,,
1735,0.11988765180773,0.12051306110369,0.09936297700852,0.21209543176259,0.18085544977323,0.34765494401997,0.17599814607167,0.14238542716334,0.19858204270861,0.14051810869940,0.13725372119445,0.12610973125914,0.12613713598734,0.18135868636304,0.13673121035679,0.193,,
1737,0.11311568243239,0.11139527451419,0.09314301235363,0.20772384692836,0.18229153960632,0.33683391154681,0.16987356566944,0.14194803360994,0.19112629295115,0.13532461359775,0.13122614376460,0.11768411351310,0.12297006067332,0.17072527573245,0.13263271099549,0.192,,
1739,0.10816547300009,0.10448570366920,0.08898229154799,0.20254043852901,0.17280005218096,0.32819281843602,0.16724097361737,0.14309822506075,0.18947656410239,0.12738904483584,0.12744717545332,0.11046783151842,0.11572381040437,0.16535331578792,0.12743762913152,0.189,,
1741,0.10213381690254,0.09780250599703,0.08377658072966,0.19576534259450,0.16353303503502,0.31805863638774,0.16246255865830,0.14046816771872,0.18555517936381,0.12110894050304,0.12040773579895,0.10267663381990,0.10893254350428,0.15973266943600,0.12254447755616,0.184,,
1743,0.09799018089909,0.09295995907826,0.08008518985464,0.19096160102017,0.15777933869721,0.31081312203642,0.15702983427924,0.13710925293109,0.18084172694815,0.11692268145359,0.11595656365058,0.09686282267606,0.10556185264374,0.15144160281095,0.11774126105756,0.182,,
1745,0.09363440847486,0.08801952237137,0.07707915849007,0.18825414213414,0.14460691022521,0.29863048220873,0.15557014363410,0.13517218391095,0.17502921200756,0.10851907451729,0.11044624084846,0.09020887325399,0.09786234856629,0.14257209689280,0.11076191129785,0.181,,
1747,0.09003204828463,0.08328728828147,0.07409840001194,0.18462240357580,0.13746461759730,0.28686645962604,0.15600805793099,0.13353843173199,0.16584060128731,0.10243769767809,0.10524158696203,0.08283911334356,0.09195586900043,0.13453401575352,0.10360663644175,0.171,,
1749,0.08686482799904,0.07856814729258,0.07099549799186,0.17924817241525,0.14708023404827,0.27902887303560,0.15244686658081,0.13050369648670,0.15956333331844,0.09710573205721,0.10150417382234,0.07772704813994,0.08458463545393,0.12845837183474,0.09796324911143,0.166,,
1751,0.08431419311791,0.07522920084639,0.06814121150385,0.17589664659082,0.14617240750792,0.27948325985351,0.15300995275630,0.13247700334343,0.15825526249564,0.09491098230658,0.09671590760852,0.07537261607684,0.08068938634338,0.12459514366804,0.09375062767109,0.167,,
1753,0.08239515932341,0.07300793165907,0.06591527786822,0.17495868877249,0.14799758764550,0.26787880856213,0.14991995264691,0.13110320679212,0.15795199515506,0.09055654474393,0.09293462033151,0.07208630398198,0.07720301041592,0.11789576961722,0.09130171276490,0.168,,
1755,0.07901117951544,0.07067962501502,0.06436672029365,0.17213008420759,0.13920538638774,0.25470597224078,0.14940315971822,0.12931260576168,0.15435007805149,0.08516203186858,0.08955675659115,0.06845921176219,0.06958594176073,0.11399319889045,0.08869829743955,0.168,,
1757,0.07641446903731,0.07074161698591,0.06410833753062,0.16919943486284,0.12843801291046,0.24606337531143,0.15166370632695,0.13147716952834,0.14897458047908,0.08252572175746,0.08468900043529,0.06730261780205,0.06572490118289,0.11337238037710,0.08596899627360,0.168,,
1759,0.07359867489518,0.07041714553982,0.06268509796815,0.16447495729677,0.12856534483494,0.23654045950400,0.15056286113808,0.13130796629526,0.14538188364013,0.07892069570818,0.08162333428134,0.06687913621753,0.06314637532223,0.11112150530000,0.08435661407011,0.169,,
1761,0.07117983578520,0.06926209502360,0.06081755080914,0.16334157753865,0.12330173575989,0.23226277901335,0.15055646304480,0.13106923763070,0.14275104330144,0.07469636648699,0.07953499117244,0.06709627646481,0.05802520389519,0.10800489032038,0.08362173709722,0.169,,
1763,0.07007437035634,0.06863261312744,0.05856023882695,0.16239357564852,0.12776805674859,0.22893865877608,0.15177061581367,0.13024059064167,0.14061793190184,0.07233545569808,0.07710298707773,0.06850146029259,0.05518704235768,0.10526154404621,0.08192182453417,0.164,,
1765,0.06806504220626,0.06678269297796,0.05820847101732,0.15929815035820,0.12906404704012,0.22205398555592,0.15246807363350,0.12819590089757,0.13779401413496,0.06964650558262,0.07515567315021,0.06878529803889,0.05200857207462,0.10385841002151,0.08045076797388,0.163,,
1767,0.06664584940722,0.06468142234074,0.05598208877003,0.15891277812856,0.12441611167531,0.21554074532922,0.15421876981194,0.12293895633125,0.13661342055581,0.06638301930502,0.07181692937071,0.06580845119612,0.04885295748029,0.10013473597134,0.07742073112510,0.171,,
1769,0.06472113138329,0.06142058157118,0.05398821409034,0.15951304079799,0.12437092618318,0.21229581152466,0.15246103101744,0.12041438974312,0.13179800299390,0.06224351110521,0.06886228198653,0.06324897463984,0.04441421380617,0.09664408839330,0.07386818154981,0.167,,
1771,0.06151569184399,0.05767415337464,0.05226433282715,0.15830162194601,0.11629466986101,0.20709210908423,0.15033419780527,0.12019436585078,0.12491337819765,0.05909574353468,0.06623542029021,0.06163875203408,0.04074113913857,0.09697326464603,0.06950976174201,0.164,,
1773,0.05665930482880,0.05436484842699,0.04931721288594,0.16024414022025,0.11553447458976,0.20914982060257,0.15242626552991,0.12079032947791,0.12158093668094,0.05954518124165,0.06332134356070,0.05908497477877,0.04149865319370,0.09722764985382,0.06517583840697,0.165,,
1775,0.05293691500119,0.05254014939147,0.04767428091384,0.16002596493554,0.11467836868732,0.20006445477629,0.15353127004955,0.12036246536986,0.12146303158498,0.05672393931060,0.06050870528685,0.05677931136883,0.03901897195762,0.09356830585000,0.06113084748870,0.164,,
1777,0.04855246059431,0.04938840791827,0.04505754318271,0.15731822745955,0.11191381588017,0.19104254213768,0.15005883635614,0.11620800248028,0.11724921893171,0.05582461933890,0.05577284168417,0.05522444778293,0.03778924928085,0.09056476520644,0.05728012773163,0.160,,
1779,0.04628038704793,0.04761505438871,0.04286415102391,0.15352926718927,0.10549118739607,0.18426384084730,0.14451815406878,0.10944657923571,0.11380315737484,0.05349654655655,0.05286123701870,0.05388103695138,0.03637116944308,0.08603163011352,0.05408954736603,0.168,,
1781,0.04126121502129,0.04414268341195,0.04082843466604,0.14698182467995,0.12772506145018,0.18100366867465,0.14444504553402,0.10786669956780,0.11101178197406,0.04833240052768,0.04896857331032,0.05181214490449,0.03232728417680,0.08025487775295,0.04985359818801,0.169,,
1783,0.03726089509524,0.04130861626071,0.03863197824232,0.13973798892452,0.12378773520251,0.18360066659216,0.14439186912463,0.10360815792393,0.10155916983074,0.04617608108704,0.04418868636180,0.04869599557378,0.03097036346779,0.07603979151558,0.04572811446499,0.169,,
1785,0.03635229483672,0.03979446304903,0.03747122244622,0.13059973163487,0.11687380376427,0.18108525499602,0.14686718339163,0.10097841894067,0.10122317247808,0.04366096216160,0.03975149952014,0.04587164675644,0.02889423533100,0.07305104458409,0.04165083748104,0.167,,
1787,0.03363609594583,0.03770438858596,0.03379172503682,0.12368884985922,0.09656185317969,0.17286493977084,0.14413346326657,0.09841386859990,0.09797606382674,0.03923157048043,0.03698658947163,0.04285136690433,0.02565043931374,0.06890265520048,0.03745347818484,0.167,,
1789,0.03016856241349,0.03464852456948,0.03146661108777,0.11776031529038,0.07937516812395,0.16054426293153,0.14039050736526,0.09408337131569,0.08988532198928,0.03449788337078,0.03346489260660,0.03901120493491,0.02217382185133,0.06433360565317,0.03300077453742,0.163,,
1791,0.02659146722492,0.03152998269299,0.02688117103990,0.10976981580809,0.07575516638224,0.14093572978329,0.14374571429265,0.09021545356998,0.08198784752236,0.02856275858171,0.03074265769124,0.03572627800516,0.01754446715944,0.05810973770044,0.02900376939570,0.161,,
1793,0.02452197356324,0.02960685306390,0.02341902484099,0.10229791318627,0.07357130759656,0.13558490622168,0.14343891336825,0.08626016607943,0.07441855218092,0.02523259893116,0.03024722680451,0.03168202109457,0.01541666927751,0.05233282899483,0.02677537920726,0.164,,
1795,0.02171141193254,0.02784336255614,0.02226936910099,0.10067803288783,0.06159183718099,0.13376917851437,0.14370831406917,0.08460219630934,0.06918032544696,0.02251665699803,0.02868008566668,0.02757378157535,0.01426897536141,0.04843862249013,0.02384572631745,0.170,,
1797,0.01844515432390,0.02430658549043,0.01793192296193,0.09921726814356,0.05790697718864,0.12507768302540,0.14078990767274,0.08161385643105,0.06334879567452,0.02032071419956,0.02383198434239,0.02541769814693,0.01252382835085,0.04375243320399,0.02057655682218,0.179,,
1799,0.01567201901425,0.02085375551431,0.01467671115195,0.08908292759105,0.04771833067958,0.11003330658503,0.13471289943804,0.07833837845106,0.05678893523587,0.01798071175017,0.02042060618389,0.02368175035017,0.01172376601325,0.03746660443024,0.01759922952609,0.199,,
2687,0.01359429175386,0.01808905749163,0.01344142227031,0.08429756578304,0.04139204857926,0.09715403573708,0.13089124727437,0.07310445025133,0.05045816512830,0.01559690892937,0.01771333237503,0.02118473797535,0.01016948129236,0.03283151751940,0.01532557247592,0.166,,
2689,0.00972600148506,0.01294176980719,0.01114157516797,0.07538822242481,0.02961383287104,0.07317555168014,0.12377613315517,0.06335997974339,0.03867160654940,0.01115876863638,0.01267295910513,0.01653582183740,0.00727572945165,0.02420196038921,0.01109249735585,0.148,,
2691,0.00000000000000,0.00000000000000,0.00535909261685,0.05298756037449,0.00000000000000,0.01288670198565,0.10588668082242,0.03885956028346,0.00903678469994,0.00000000000000,0.00000000000000,0.00484710736579,0.00000000000000,0.00250475265789,0.00044932301434,0.147,,
2693,0.00266083779581,0.00253470416313,0.00821328303647,0.04679562484966,0.05685501520631,0.02831967778309,0.09806028247287,0.03681939955004,0.01179474952048,0.00164726028805,0.00572459570377,0.00086028423925,0.00126468682585,0.00000000000000,-5.78241158658936e-019,0.152,,
2695,0.00454499741645,0.00494489110203,0.00178127811735,0.05166045302651,0.07075262791644,0.03615284489916,0.11679768635803,0.03671826602429,0.00107485908721,0.00069875605701,0.01359000758771,0.00000000000000,0.00175266686210,0.00044666388841,0.00209747611889,0.172,,
2697,0.00725615208089,0.00875264914517,1.15648231731787e-018,0.05319261291348,0.07925523099855,0.05439017316283,0.11888264153908,0.03779342386303,0.00769352839274,0.00336686397078,0.00972693423803,0.00291606743318,0.00445615056096,0.00298763171339,0.00118504246382,0.152,,
2699,0.00839539823094,0.01628807294535,0.00147312894867,0.05523570582535,0.06978378205585,0.06717077684219,0.11369497214184,0.02735484578779,0.00000000000000,0.00247777463972,0.01412171720484,0.00444443193459,0.00209133548919,0.00611952272154,0.00413393753341,0.142,,
2701,0.00801748631801,0.01712063359239,0.00528291559766,0.06707277800784,0.03940192251963,0.06727511047846,0.11574426935306,0.03680797715846,0.01045116154057,0.00366373916097,0.01433153415259,0.00714616641060,0.00155320747843,0.00821083780815,0.00536242895109,0.134,,
2703,0.01003197067701,0.01637647526025,0.00543514234032,0.07077795221045,0.04635924782881,0.06752083635070,0.11213545008745,0.04620000257428,0.01506407880216,0.00472111295189,0.01486319004567,0.00702473617055,0.00262622151731,0.01149748369899,0.00520755004593,0.153,,
2705,0.00840418268677,0.01596455850081,0.00494299316273,0.06312983670523,0.05294991335303,0.05864970045782,0.11191862779321,0.03875231852121,0.01959592336906,0.00380966675106,0.01874926059753,0.00948793283733,0.00271186840944,0.01065194507365,0.00678530728874,0.161,,
2707,0.00858129929154,0.01829964016019,0.00644346869784,0.05890622406774,0.02765693344278,0.06541002179721,0.12094600374508,0.04736899929466,0.02266598333866,0.00316913799712,0.01772871530480,0.01033358760604,0.00163909443101,0.00783214942203,0.00740117670064,0.152,,
2709,0.00912011011919,0.01925274110908,0.00758885839139,0.05777585019820,0.03986327989154,0.06579334702211,0.12522334899043,0.04119202540902,0.02803614949693,0.00570636653796,0.01867589049885,0.01161372642568,0.00366601928629,0.00733790241561,0.00563405886702,0.158,,
2711,0.01007147545645,0.01767622270063,0.00851007912707,0.06180974194576,0.07369787594629,0.06950023443056,0.12567381205499,0.04254776209302,0.02573257473977,0.00735048143425,0.01681042552901,0.01104593353255,0.00444420220225,0.01015567138045,0.00478806992326,0.161,,
2713,0.01247762775193,0.01727114405695,0.01111559668824,0.06231477496237,0.06799376473984,0.07159267492281,0.13028213183437,0.03920826427356,0.03040649712058,0.00905069175164,0.01868810929037,0.01218736258209,0.00552373628874,0.01248508904939,0.00611126717737,0.163,,
2715,0.01504659503871,0.01969398360687,0.01185493073820,0.06307993986562,0.07045835588365,0.06145408373021,0.13294314543121,0.03674832227771,0.03293024876695,0.00900288527096,0.02049736489187,0.01372913156523,0.00710586333345,0.01070546952332,0.00835390119367,0.157,,
2717,0.01551061437450,0.02058840623880,0.01168216733549,0.06175783348632,0.06629890109808,0.06206835431822,0.12541025209133,0.04273591433734,0.03341933837537,0.00870574447836,0.02046047817166,0.01432765623100,0.00724704949237,0.01079597840428,0.00970892509913,0.165,,
2719,0.01533949904236,0.02376920104751,0.01197597922448,0.06268731771266,0.08192176865132,0.06522716552134,0.12823284452679,0.04421561488815,0.03336469433308,0.00876955702961,0.01951108155596,0.01534921236619,0.00845365755237,0.01066822896421,0.01028962087374,0.180,,
2721,0.01552335678340,0.02378320792177,0.01109599195819,0.06106135591892,0.07997829880145,0.06610708826778,0.13400716810054,0.04255009530669,0.03415103272703,0.01086043162421,0.02046995520674,0.01586266570810,0.01048724148121,0.00961027995699,0.01037434831417,0.174,,
2723,0.01551949584094,0.02449763455661,0.01225286364421,0.06378870698404,0.06849003201273,0.05980255267672,0.13195940752578,0.04056358062559,0.02899543807320,0.01026027165341,0.02248015828184,0.01806736801148,0.00942465579494,0.01060024559934,0.01020902958713,0.165,,
2725,0.01517427328898,0.02342251524192,0.01298383234625,0.06691342263789,0.05888650930547,0.06448484548655,0.13060038411505,0.04609097876429,0.03254286651417,0.01154983872098,0.02321658267330,0.01822864929846,0.00958138368156,0.01241247819953,0.00992827521480,0.177,,
2727,0.01546998417832,0.02419797972798,0.01242951554403,0.06672863653673,0.07327426577038,0.06910316837527,0.13458046476563,0.04979047974489,0.03373853310593,0.01189079965294,0.02436328421955,0.01883623898201,0.01029355198005,0.01185845817932,0.01091579528657,0.160,,
2729,0.01428115897413,0.02462562217072,0.01276870830995,0.06299067408752,0.08122780223895,0.06672941416885,0.13237326109729,0.05045077610028,0.03753639326927,0.01206851141096,0.02284587549865,0.01847981701785,0.01095382607435,0.01280766543445,0.01068759113587,0.162,,
2731,0.01498995798549,0.02463709233919,0.01371719549691,0.06688370676334,0.07827677229021,0.06875543356909,0.13252963739341,0.04908084590960,0.04220436020996,0.01322440338539,0.02143980276524,0.01818540650165,0.01161926134685,0.01343309113944,0.00963218225965,0.165,,
2733,0.01548029825571,0.02484817873579,0.01359105147511,0.06980063618351,0.07351945586589,0.07171257399230,0.12956509101079,0.04764156948431,0.04659911182484,0.01253173653037,0.02239358487471,0.01966787530173,0.01087978001877,0.01486698860867,0.01003788833384,0.169,,
2735,0.01529607996283,0.02460874050661,0.01384059985620,0.06488560704518,0.07552591660140,0.06637419406687,0.13274643341721,0.04634783532514,0.04886375027516,0.01325013835192,0.02322372273989,0.01954184030728,0.01195008323892,0.01427411630675,0.00961031166220,0.174,,
2737,0.01557973989181,0.02460509053216,0.01319823036688,0.06263152423554,0.09465208217189,0.06773622345873,0.13346365377184,0.04612046959708,0.04358364007004,0.01341011755172,0.02440079924130,0.01911929190968,0.01131499446272,0.01438240301319,0.01047339395370,0.174,,
2739,0.01652545069088,0.02460097777827,0.01337264276345,0.06286143370235,0.08904617605089,0.06608099562147,0.12998698954223,0.04434995162850,0.03892842055495,0.01298775032855,0.02490842902176,0.01887885363690,0.01070231196426,0.01426006671243,0.01079755035225,0.179,,
2741,0.01758423948273,0.02398707381493,0.01387036252762,0.06221090878019,0.07859188909535,0.06715326535308,0.12988417662229,0.04435744964508,0.03942750167922,0.01241263639623,0.02321648183786,0.01844444252385,0.01069259601860,0.01389798455707,0.00907571642820,0.171,,
2743,0.01791098135327,0.02408459872173,0.01488676718136,0.06425527099156,0.08316231879591,0.06979682440510,0.13194373745378,0.04589899962036,0.04078510489015,0.01232455056398,0.02258315664478,0.01824812245349,0.01082022745956,0.01406681435757,0.00883500782069,0.169,,
2745,0.01727138434210,0.02528807405892,0.01517308072817,0.06593232050720,0.08487473671544,0.06977585630054,0.12941553975792,0.04382182828658,0.04552817644370,0.01231517933528,0.02219619716135,0.01777154954495,0.01128989375626,0.01391743623731,0.00917011671387,0.172,,
2747,0.01724834910506,0.02640745378180,0.01490603827020,0.06592448692991,0.07771077353304,0.06829250725934,0.13425899380305,0.04377400565796,0.04350391369074,0.01260373537620,0.02196684466408,0.01843200448790,0.01111804844873,0.01375170587681,0.00978704330397,0.185,,
2749,0.01727897418583,0.02611682351790,0.01452274106403,0.06514844529405,0.08146794132241,0.06821660146282,0.13459223568007,0.04345215429271,0.04247064545194,0.01281385747430,0.02278415074604,0.01999128113023,0.01084984879308,0.01449728669441,0.01001960001711,0.187,,
2751,0.01865855199071,0.02538349867226,0.01452781538295,0.06584944831256,0.08331181369997,0.06785110262154,0.13061635714496,0.04221078402463,0.04248463824652,0.01316226919270,0.02303697730436,0.02087680416697,0.01196419228631,0.01490924041268,0.00992964655708,0.184,,
2753,0.01901556318838,0.02614311772616,0.01435176983877,0.06637028207880,0.08561463131851,0.06881703611020,0.13086395597291,0.04551790344575,0.04236810885009,0.01385041685669,0.02340454516564,0.02214523490853,0.01225953610972,0.01556851980544,0.00988072979879,0.174,,
2755,0.02017925719987,0.02690885623060,0.01424060956715,0.06768311241650,0.09647749706117,0.07126130789009,0.13294731392838,0.05041074943128,0.04488886478038,0.01420106655862,0.02575515596214,0.02249055671937,0.01233206576053,0.01626527533270,0.01037144308567,0.175,,
2757,0.02098585050706,0.02621012568596,0.01428728741659,0.06633513275276,0.09585322820178,0.07099986883476,0.13152321014595,0.05089090231508,0.04568831780775,0.01487533457200,0.02601356836487,0.02341274845058,0.01305860190300,0.01749059643127,0.01024396340366,0.181,,
2759,0.02250350260616,0.02782976099563,0.01454366042817,0.06949866908409,0.09190798206203,0.06952472679067,0.12744770902579,0.04785080435269,0.04667663205165,0.01499788616931,0.02568225762569,0.02373338631550,0.01311138477579,0.01745308864780,0.00993697232144,0.171,,
2761,0.02280267539214,0.02899401561383,0.01512501718232,0.06945940969521,0.09412711665331,0.07396287751857,0.12722296951133,0.04805659322755,0.04844842515033,0.01600239678820,0.02685817322296,0.02458306379585,0.01394198655707,0.01763993176282,0.00993852512177,0.168,,
2763,0.02228533291260,0.02864732327023,0.01532834975143,0.06810533368181,0.09582748577005,0.07946372745809,0.12901381009300,0.04597205973604,0.05182197178698,0.01587742291542,0.02667708494474,0.02606152378202,0.01374041621337,0.01784884539143,0.01021651490606,0.173,,
2765,0.02225162856607,0.02843624263740,0.01560903678082,0.06685162959999,0.09110297219673,0.07789608055632,0.13113205675395,0.04448983298851,0.05143203660687,0.01559990030809,0.02717576271262,0.02646183103583,0.01391672106329,0.01722334231270,0.01093985282363,0.181,,
2767,0.02341524479591,0.02877103489520,0.01650159421213,0.06773420394882,0.09929510694252,0.07709176304515,0.13172973774511,0.04596347448563,0.05375691562682,0.01644619004270,0.02795194125102,0.02610366397562,0.01493414082960,0.01721201858829,0.01115447469305,0.183,,
2769,0.02504481054415,0.02924720392825,0.01659958306868,0.06894150166261,0.10988501950045,0.07851148798092,0.13304468717147,0.04393687869360,0.05310232679685,0.01754866099408,0.02696495874951,0.02683461530535,0.01581812528978,0.01766549242789,0.01103801894344,0.180,,
2771,0.02627859209773,0.03016759924447,0.01717175568868,0.06883634408257,0.10882385196639,0.08168718875246,0.13325609527292,0.04272156628961,0.05178825776997,0.01775499439357,0.02834250567615,0.02797172052588,0.01573842609275,0.01801124203186,0.01176000549448,0.180,,
2773,0.02638123833050,0.03117231483316,0.01805589459825,0.06773080451909,0.11516867277354,0.08135447713147,0.13342655148071,0.04407953778655,0.05075614322121,0.01766257115436,0.02924950597717,0.02841126893805,0.01568559495026,0.01841541044942,0.01239165256458,0.175,,
2775,0.02637384936257,0.03120947212103,0.01927014678539,0.06739978359537,0.11921784906465,0.08344385640367,0.13093289951240,0.04583618245786,0.05296676751331,0.01800027970419,0.02917986205211,0.02833735058894,0.01605602455015,0.01877185213693,0.01311579990516,0.183,,
2777,0.02674031250961,0.03282228075648,0.02009790108750,0.06880643527927,0.11923042620918,0.08347266475342,0.13206609999261,0.04656930476306,0.05392060116372,0.01937910274904,0.03014976232232,0.02948647648566,0.01735471987037,0.01969187476903,0.01381296662772,0.181,,
2779,0.02770152159062,0.03430593917298,0.02044400433355,0.06934795192890,0.11131510499614,0.08503010409901,0.13203567932630,0.04573771376364,0.05516617649003,0.01988088622759,0.03156705855860,0.03014426387105,0.01741577562508,0.02074135938283,0.01460592204842,0.181,,
2781,0.02930663395767,0.03655160409321,0.02116734191012,0.06919239444988,0.10393959948285,0.09291646682972,0.13247833913620,0.04513621556658,0.05846097198863,0.02111002102768,0.03325970675324,0.03142113629728,0.01793830276871,0.02243244159025,0.01586987217552,0.186,,
2783,0.02970340286945,0.03759412186727,0.02182965514102,0.06909997072227,0.10816924599118,0.09128628066367,0.13321606979934,0.04353612435715,0.05905662801820,0.02307544377800,0.03283994967096,0.03245731208396,0.02002621475948,0.02291379765250,0.01634810816143,0.191,,
2785,0.03051919486666,0.03804622654140,0.02273572004905,0.07228782806241,0.11538998347066,0.08840594284329,0.13280561308918,0.04309811805097,0.05953902254548,0.02352713104898,0.03436242534768,0.03359640445259,0.02083264344067,0.02341908422050,0.01740444399630,0.189,,
2787,0.03235705315757,0.03935400906995,0.02246376097831,0.07292630282013,0.11908921505632,0.08900454630789,0.13333878365925,0.04249489604310,0.06020447828744,0.02428914304911,0.03697194035655,0.03490048200300,0.02157017909549,0.02477265017559,0.01866104572915,0.185,,
2789,0.03396946087317,0.04083448351743,0.02296613984413,0.07236110354337,0.11892175256229,0.08755890465905,0.13502672953610,0.04301323856743,0.05868603917862,0.02571348247895,0.03767600380350,0.03605022624777,0.02291176801222,0.02564491356512,0.01979814123364,0.189,,
2791,0.03673540816285,0.04249499912591,0.02492935459127,0.07305378851673,0.12030483706041,0.09023933220531,0.13371461375398,0.04410201587148,0.06158168726978,0.02744074781615,0.03849970176507,0.03800641693377,0.02400610990675,0.02750882007866,0.02074570242812,0.199,,
2793,0.03806818753534,0.04399439303273,0.02683865462892,0.07199163963447,0.11932633816393,0.08917061776545,0.13430668090683,0.04231553358122,0.06393581806750,0.02922504529533,0.03998315243181,0.04066552743939,0.02585884453590,0.02886341382643,0.02158855327920,0.196,,
2795,0.03935806250037,0.04506166759283,0.02856930715968,0.07097717208303,0.12121455900119,0.09082390051311,0.13535578133930,0.04181107676992,0.06606893357948,0.03002889997526,0.04145065758482,0.04228123214380,0.02707952336268,0.02959163235699,0.02277970492549,0.191,,
2797,0.04284725706719,0.04684787937112,0.03049507330987,0.07231569679333,0.12526113575707,0.09817570320716,0.13671923705747,0.04207819531753,0.06504771005457,0.03232636959973,0.04323765034739,0.04421551452645,0.02878856368123,0.03151238305082,0.02315605474803,0.192,,
2799,0.04443269219256,0.04874694550155,0.03235690450898,0.07183103144195,0.12647977662478,0.09893751138603,0.13503245451386,0.04487382743433,0.06766035687577,0.03393128422780,0.04575462804663,0.04743989722532,0.03008637276442,0.03277730620510,0.02538181894941,0.199,,
2801,0.04673152222895,0.05301129671485,0.03382993538862,0.07350731047783,0.12245232425176,0.09910787021273,0.13320315107063,0.04411139861177,0.06813374275567,0.03611927252574,0.04931640704806,0.05027030195120,0.03208673320427,0.03440749078957,0.02705833965681,0.205,,
2803,0.04978000648409,0.05623613776883,0.03590884655873,0.07540608195347,0.12710921970778,0.10137851900261,0.13506242132084,0.04251608105030,0.06965084082136,0.03931763780512,0.05133374201121,0.05286869319518,0.03533406710501,0.03601459477046,0.02763330300558,0.204,,
2805,0.05145790306420,0.05917254318040,0.03905389553377,0.07519708852806,0.13718646209336,0.10064437110958,0.13745624313321,0.04431932851376,0.07235817350490,0.04165866582792,0.05455699460523,0.05640775719903,0.03743579162457,0.03837784276823,0.02923221118799,0.210,,
2807,0.05450314083746,0.06364877085749,0.04167052067706,0.07843866798352,0.14285414310781,0.10507466182942,0.13681154573317,0.04509254996787,0.07282428321738,0.04499235468577,0.05804179951377,0.05965561771264,0.04022578246122,0.04130759688696,0.03120362672456,0.216,,
2809,0.05898850805753,0.06826125587407,0.04383653633065,0.07868691328166,0.14567792319289,0.10871834627251,0.13780488054507,0.04467678546070,0.07388462291558,0.04911349472854,0.06164048712797,0.06238822105025,0.04429218125665,0.04460079903206,0.03307661818873,0.218,,
2811,0.06356265274674,0.07308431779543,0.04745634392138,0.07888477941831,0.14436203230977,0.11092107378691,0.13913320935441,0.04453489220916,0.07792062100189,0.05253078681310,0.06628983342633,0.06597470419283,0.04716806972502,0.04841917214839,0.03614223095569,0.218,,
2813,0.06900949926329,0.07709002252932,0.05092510780398,0.08095909152063,0.14362933589671,0.11600243907785,0.13821340845443,0.04749258427003,0.08148503624296,0.05654108710926,0.07000320469473,0.06968149052535,0.05081355045240,0.05172408989516,0.03749523926599,0.229,,
2815,0.07432289404607,0.08266338115920,0.05555285429049,0.08082596113492,0.14834218107090,0.11885367852436,0.13908951027060,0.04802764955485,0.08569853525470,0.06071842203251,0.07433557828518,0.07325449707916,0.05499133095065,0.05605792444204,0.04056127624525,0.239,,
2817,0.08022385399428,0.08865844494234,0.05991153359115,0.08197296431135,0.14601523041143,0.12160621739635,0.13991021250756,0.04865224312254,0.08689378943770,0.06694623296407,0.08256285555699,0.07792513810573,0.06082603606150,0.06092022905202,0.04491519536274,0.248,,
2819,0.08652024382661,0.09368612101518,0.06462109788726,0.08282444777834,0.14533337302390,0.12761482885360,0.14275229022515,0.04994448908918,0.08571950408389,0.07296929761231,0.08878602406403,0.08332312644455,0.06613631918816,0.06534418207063,0.04813652977965,0.255,,
2821,0.09382091649206,0.10180769538930,0.06985083817154,0.08417978198450,0.14371376156237,0.13522446881441,0.14444447485847,0.05002659472849,0.08812692822665,0.07970214012642,0.09682232370434,0.08895103537361,0.07168810267917,0.07218754122303,0.05389561827909,0.259,,
2823,0.10231417645365,0.11089827885779,0.07563016516970,0.08818771417926,0.15429101497512,0.14198883634233,0.14741279829885,0.05087361767128,0.09482973080361,0.08925951689533,0.10580554649996,0.09540938010568,0.08121867656881,0.07838286849913,0.05866381764971,0.264,,
2825,0.11097280853232,0.11825276084275,0.08263631709173,0.08995752486463,0.15923593134244,0.14996496075711,0.15007052633354,0.05058890456615,0.10347688304552,0.09869936840192,0.11406272501979,0.10260046212587,0.09055345752851,0.08481348322719,0.06272130232449,0.273,,
2827,0.11979164685057,0.12660276455157,0.09022929287732,0.09159963925435,0.16415198185304,0.16052880813817,0.14924784354128,0.05027197830940,0.10707078034543,0.10804388687029,0.12823187503504,0.11047391313271,0.09812205702557,0.09455444956643,0.06947830281210,0.281,,
2829,0.12778647750309,0.13953372121752,0.09762834695419,0.09373670401359,0.17525059101063,0.16888423227246,0.15187309068292,0.05111651140084,0.11098686979081,0.12008563487200,0.14074266000686,0.12069052889899,0.10921748400699,0.10316850936711,0.07608289399244,0.289,,
2831,0.14032140648992,0.15382842330319,0.10691000451535,0.09828280193784,0.18845390677895,0.17737191596573,0.15499233651378,0.05026173694919,0.11647389701823,0.13267198647642,0.14748201195211,0.13062825584347,0.12160941488376,0.11228523603888,0.08488322040069,0.311,,
2833,0.15402492706237,0.16714106603468,0.11730197587566,0.10283752350512,0.20220035635589,0.19371203676837,0.15803684149152,0.05227400382078,0.12401074552712,0.14884434020060,0.16003769662048,0.14238398801568,0.13447340382274,0.12691742313462,0.09466354230872,0.331,,
2835,0.16965710672786,0.18596282983296,0.13042488840051,0.10858912419394,0.21347113405126,0.20734152472317,0.16372669546198,0.05493196445358,0.13358702732687,0.16436470067407,0.18303296687175,0.15840504506443,0.14794383769056,0.13987899639929,0.10624694795668,0.343,,
2837,0.19079817015967,0.20615312091882,0.14616875920639,0.11511863219095,0.22873665439926,0.22901763591564,0.16599887112723,0.05811770856450,0.14219588069122,0.18534613380385,0.20293274746705,0.17555520466105,0.16708627040389,0.15594009130800,0.12256761076076,0.361,,
2839,0.21556544107214,0.23206489545581,0.16750904338147,0.12226174950722,0.25428970821669,0.25848112085066,0.17028204465042,0.05919719040167,0.15347246960582,0.21481032690907,0.22686996672432,0.19708187571861,0.19303163689364,0.17762532427448,0.14116399826446,0.387,,
2841,0.24405547441373,0.26265002188298,0.19107066396278,0.13001909889542,0.28736788981419,0.29041610044552,0.17978002455498,0.06366571812582,0.16842713852223,0.24453677441954,0.25952366513320,0.22675134551440,0.21898727441423,0.20173155951036,0.16577567439116,0.415,,
2843,0.28016595185070,0.29923708840479,0.22061107066631,0.14366970112475,0.32397354440270,0.32400486932945,0.18919458861055,0.06768562052201,0.18808430329026,0.28477675789061,0.29965888325985,0.26292998052332,0.25523150518356,0.23321660482599,0.19813557296102,0.436,,
2845,0.32256757924889,0.34477197414179,0.25544826977920,0.15596464975296,0.36459224890787,0.35668816707025,0.20100365379915,0.07331314490542,0.20521162791140,0.32994050058707,0.34338428680794,0.30333845463228,0.29587083221477,0.26322087567180,0.23314111696243,0.453,,
2847,0.36107390424783,0.38788659695095,0.29008969578101,0.16725956261219,0.40446441146226,0.39003943297676,0.21305477418754,0.07760763744132,0.22266555786170,0.37674966238184,0.39034176435530,0.34497541563329,0.33612507905140,0.29760765337761,0.27228211213950,0.467,,
2849,0.40422747778977,0.43018699634519,0.32534823472360,0.18268786238727,0.43837655198568,0.42930776778962,0.22269301113836,0.08168126905197,0.24550270057970,0.43556699656142,0.43302727128278,0.39376762115476,0.38828632610225,0.33448310903620,0.31372188459141,0.471,,
2851,0.44082427848612,0.46860265718147,0.35888541498315,0.19717648922521,0.47076146595119,0.46841765731153,0.22953740591076,0.08494794572394,0.26392669914296,0.47720743910635,0.47896448469971,0.43424405891598,0.42971637037081,0.35995229304515,0.35876278119087,0.463,,
2853,0.46227886184633,0.49695057169321,0.38432010228815,0.20721872061923,0.49390041149193,0.48956753608927,0.23706278112487,0.08905010673095,0.27655958442484,0.51011710967796,0.51492758572058,0.46007646223403,0.45646571824473,0.38667231162495,0.38967972064453,0.458,,
2855,0.48335651519672,0.51844801533571,0.40172866651314,0.21305840354206,0.51377779714183,0.49853375335193,0.24363367136772,0.09114879655215,0.28307502770294,0.53757118184215,0.52198313256447,0.47945936286994,0.48092512274113,0.39928314817686,0.40220312843936,0.457,,
2857,0.48736092403473,0.52281607516814,0.40307485658958,0.21246138148944,0.52638076857056,0.50253312528078,0.24302452350130,0.09328622497778,0.27956315501211,0.53908955419824,0.53280002026884,0.48296744426234,0.48511362762427,0.40009410656553,0.40908007512473,0.465,,
2859,0.48036510409154,0.51944600464308,0.40223163951899,0.21181912345438,0.52354091425044,0.50120373186230,0.24156018592488,0.09332890852521,0.27801020080572,0.54185936326114,0.54100337311123,0.47581881123213,0.48608371068113,0.39252899848429,0.40611310814704,0.456,,
2861,0.48256732333255,0.52043644641734,0.40033572695765,0.20986713566544,0.51742821445047,0.48997583350476,0.24205553179129,0.09327110127317,0.27412935994796,0.54411354507963,0.52806143839808,0.46581411185536,0.48598224999628,0.38807579827874,0.39618804432335,0.443,,
2863,0.47785595435534,0.51931460779962,0.39760843852518,0.20592636178075,0.51151433586945,0.47310751534289,0.23948947079707,0.09171203929345,0.26938130479787,0.54379985599909,0.51454588917876,0.45394167202605,0.48280550342470,0.38518177994669,0.38017038600039,0.434,,
2865,0.47679440261937,0.51077524273509,0.39071279524951,0.20250338061106,0.50720149159968,0.46368092815161,0.23995087127323,0.09226316501666,0.26345308600475,0.54745319685322,0.51041259920213,0.44597430109939,0.48660508296632,0.37479389998029,0.37185132001847,0.421,,
2867,0.47415022920971,0.49710890428739,0.38161755897483,0.20104886384819,0.49422891678488,0.45532192422329,0.24380569655238,0.09393466854819,0.25578220345687,0.52819809583603,0.50870936498206,0.43280722825613,0.47022549734903,0.36637759225780,0.36307989687330,0.423,,
2869,0.46263167016534,0.48641063463012,0.37328579982503,0.19933548956480,0.47325779465936,0.44407709214721,0.23588541677803,0.08917938472942,0.24938011198921,0.51831922083218,0.49168844880290,0.41905430184690,0.45836135136636,0.35981458376554,0.34834736828154,0.406,,
2871,0.45201437169251,0.46516800399811,0.36029323678202,0.19686567284091,0.47041845075274,0.43167106638021,0.23391648080743,0.08702901000681,0.24145335262295,0.50449956154472,0.46496878824391,0.40682231653971,0.44495422796434,0.35012688561862,0.33461264101508,0.392,,
2873,0.43906563218119,0.44488830129170,0.34631696240629,0.19598512267375,0.46185038352957,0.42223288443583,0.24043592141242,0.08775121610852,0.23498135596234,0.48021736873228,0.45196570347033,0.38764445619240,0.42183318564198,0.34151302011584,0.32082477964836,0.391,,
2875,0.42197690854365,0.42109708891578,0.32869736198725,0.19617277776049,0.44769455531314,0.40950085416054,0.23663459211311,0.08755496901278,0.22812648880068,0.45224956092538,0.42851129585892,0.36716313399916,0.39718059717840,0.32128220791646,0.30155987025763,0.398,,
2877,0.40621421336552,0.40967146065027,0.31502015750742,0.18957589774531,0.44439801434982,0.39281399847465,0.23297088797479,0.08472680707226,0.22278623238786,0.42127646011113,0.40217652795610,0.34866780704457,0.37158536644290,0.30599388508153,0.28385625661032,0.403,,
2879,0.39624062332776,0.39421733239757,0.30752830813695,0.18379684312762,0.43224159715844,0.37967121917585,0.23346403538132,0.08494134006067,0.22092690389161,0.41049731619988,0.38386950364210,0.33371042724041,0.35883688431138,0.30153351053420,0.27001399917877,0.401,,
2881,0.39119138652961,0.38239003704043,0.29944162097125,0.18566371186091,0.42372607930326,0.37220360482909,0.23188593094682,0.08569544771363,0.21879697348740,0.39583892609791,0.37664338383094,0.32641945506934,0.34677591425405,0.29378531900219,0.26520859372902,0.403,,
2883,0.39040490295315,0.37942114798751,0.29574571750625,0.18645725000952,0.42227194770058,0.37376537553290,0.23679223441591,0.08617270443456,0.21905496609155,0.37948916229834,0.37587278465395,0.32375660763664,0.33241883320616,0.28836786973262,0.26572036911229,0.406,,
2885,0.39501049033234,0.37997557573830,0.29888994814890,0.18618606724145,0.42325670355425,0.37780046625859,0.23215886337548,0.08564997532936,0.22151151711451,0.38367008300361,0.37688532504915,0.32494319691587,0.33756426510506,0.29035752679267,0.26617355715503,0.411,,
2887,0.39966907818411,0.38682703118058,0.30401333524984,0.18685230894787,0.42137264579965,0.38183966853522,0.23198582128640,0.08476039588983,0.22263779793745,0.38836613638556,0.38480665832699,0.32923955148493,0.34067743630250,0.29610600699630,0.27051996427268,0.420,,
2889,0.40572848429154,0.39371568619275,0.30779590411711,0.19290926513237,0.42996169857399,0.38749595039984,0.23443941591993,0.08548428593138,0.22843512960467,0.39155914089740,0.38502081743719,0.33581270388892,0.34092189229085,0.29821194184656,0.27755711927340,0.430,,
2891,0.41314612212010,0.39879218827104,0.31266639897452,0.19805160043461,0.44588626664976,0.39207344076319,0.22975744272147,0.08558985590015,0.23453558088344,0.40170261074411,0.39295469081354,0.34407993585843,0.35153782051230,0.30259183388870,0.28530182877824,0.438,,
2893,0.42831955204821,0.41555845173404,0.32436389407898,0.19949593039190,0.46098712714551,0.40461257807818,0.23645125429681,0.08847771693792,0.23665805054389,0.41887630041228,0.40805402864267,0.35828421707424,0.36526667940414,0.31539981976355,0.29439868260723,0.449,,
2895,0.44326954914210,0.42792968090196,0.33459030792269,0.20325794422072,0.46996942897535,0.42481079236549,0.24322085904195,0.09095526587191,0.24591085286191,0.44360269581608,0.41910541658816,0.37384879453028,0.38411887390788,0.32632323955939,0.30949535824046,0.460,,
2897,0.45951362505377,0.44595848660072,0.34903103566684,0.20910947723993,0.48817271441696,0.44115551736436,0.24449382248018,0.09361851144762,0.25774117384389,0.46540771650949,0.44543701829814,0.39434934090283,0.40485595733445,0.33486100289506,0.32570534672421,0.474,,
2899,0.47903347181797,0.46277587818075,0.36205195027034,0.21429901528826,0.51013399463333,0.45888391372976,0.25132277040559,0.09689236289309,0.26314907127876,0.48765423792759,0.46492822267590,0.41096226757083,0.42232249882569,0.34991671747327,0.33934257835765,0.477,,
2901,0.50064483462386,0.48092166827687,0.37879466127148,0.22424270416121,0.53851584832386,0.48330445731397,0.25466800750422,0.09905742914654,0.27003715972270,0.51745249217327,0.47272967648181,0.43479574421985,0.44650431998986,0.36737233875094,0.35359657540620,0.492,,
2903,0.52655810158933,0.50912285344587,0.40092360488083,0.23335999795715,0.55901034007851,0.50139797992501,0.26387903634565,0.10432334348865,0.28352006911604,0.55079137451254,0.50113942126255,0.46030296217116,0.47426437896261,0.38461457733255,0.37153792870570,0.517,,
2905,0.55664009942156,0.53816205394284,0.42195169702338,0.24307987639280,0.59135975088662,0.53544629831393,0.27056078760165,0.10641805429381,0.29596441751978,0.58828970424492,0.53302000858494,0.48783366296394,0.50798081861678,0.40776224261595,0.39813724931150,0.553,,
2907,0.59562377537200,0.57394705216104,0.45503658279546,0.25522546749533,0.61660484650239,0.57476925709758,0.27813745775537,0.11267330005535,0.31086298790321,0.61987276418330,0.56301777337357,0.52918115499640,0.53683207850308,0.43578057180919,0.42517594256316,0.589,,
2909,0.63998972272847,0.61736552307349,0.48625485985478,0.26499066209977,0.64976032199428,0.60619126348307,0.29521620558459,0.11864218423883,0.32583612987290,0.66232945849888,0.60337617942151,0.56964971687653,0.57461062541778,0.46545323184967,0.45456400985047,0.617,,
2911,0.67351988310760,0.65953742600700,0.51943878321052,0.28046424768588,0.68348987851236,0.64462705052767,0.30659025181553,0.12210060136764,0.34031536292158,0.70568015719726,0.64465283026825,0.61366542282739,0.61235519295766,0.49887669657554,0.49602699021349,0.640,,
2913,0.72492226606448,0.70533246742895,0.55552247676166,0.29544656967355,0.71713505376426,0.68877204964472,0.31628130807961,0.12873349152406,0.35903129988675,0.74009912014169,0.69010655571380,0.66508399853328,0.64347154175950,0.53362823748858,0.54271957548292,0.664,,
2915,0.77519472844353,0.75540789608803,0.59297667890754,0.30755819055563,0.76096444327824,0.73844883582718,0.32944284337134,0.13800493373159,0.37858681389989,0.77635452187130,0.73528946220772,0.71597222647518,0.67887407505723,0.57349438245310,0.57977508970287,0.677,,
2917,0.82083638790306,0.80714508619104,0.63771564104421,0.32539829558772,0.80576275150887,0.78083544072231,0.33887856311832,0.14295648993442,0.40389965295555,0.81041022278841,0.79032871009380,0.77256469738173,0.70931682620909,0.61451586975513,0.62680057519003,0.695,,
2919,0.87891138965711,0.85886401717397,0.68059427245953,0.34634414882313,0.85050455568965,0.81369708305322,0.35463664319090,0.15268374775139,0.42653392775534,0.85451355289056,0.84139824083678,0.82914279950079,0.74946188887953,0.65689791553437,0.68514643684160,0.705,,
2921,0.91834065199156,0.91572219536791,0.71463720732895,0.36305884391790,0.88606700383659,0.88175852812076,0.36353168200766,0.15991164220683,0.44577845710028,0.90310996887555,0.87729447729038,0.88607821842631,0.79258757196966,0.69371003698806,0.72381093353196,0.699,,
2923,0.95943443834322,0.94120029322085,0.74486001884031,0.37872277041440,0.93597851225874,0.93024444386968,0.36980051293173,0.16707735177808,0.46038798682737,0.92808436399601,0.93313312628574,0.93719833117028,0.81843850563328,0.72189327198472,0.76174728784332,0.685,,
2925,0.99005260174162,0.97371456429150,0.77601145949541,0.39141716059362,0.97479097083743,0.95151005506460,0.38710986140974,0.17430205805437,0.47655491680838,0.96189639496913,0.97728119588384,0.96300650284789,0.84957829563637,0.75754686202482,0.79779829894343,0.670,,
2927,0.99425862378563,1.00000000000000,0.78834648198030,0.39613648772620,0.97955578012471,0.98143743618538,0.39033690831264,0.17489167816640,0.48010322522652,0.97643133528568,0.98762370421855,0.99094806747554,0.85950974663042,0.77232481308412,0.81386184617579,0.650,,
2929,1.00000000000000,0.98545651622025,0.77877181705854,0.40025448053975,1.00000000000000,1.00000000000000,0.39472980627766,0.17889648698376,0.48504591844387,0.96914732034312,1.00000000000000,1.00000000000000,0.85244131541461,0.77971344557004,0.81436781518104,0.635,,
2931,0.97600719042079,0.96650811327291,0.76632375404359,0.40001894729927,0.99055761436535,0.99201717134837,0.39625887775823,0.17811471777248,0.47527401564981,0.95698017264618,0.97713584025377,0.97253861637706,0.83563489022929,0.77547877997712,0.78238332997610,0.604,,
2933,0.94192951290060,0.92284219364667,0.73604855647583,0.38843137115433,0.97406375553379,0.97620864403546,0.38740973787363,0.17382249582096,0.46086904722405,0.91805612105467,0.92698866402691,0.93644795598215,0.79787607869058,0.75282202472881,0.75165058789854,0.594,,
2935,0.91126757784379,0.89185260383719,0.70252426425191,0.37547036495517,0.95340859121651,0.93226486175053,0.38978300946804,0.16652793894918,0.44661006669238,0.87790185085533,0.88060966223126,0.89472073101904,0.75682914439776,0.73701447531558,0.70847433348611,0.567,,
2937,0.87451119850042,0.86506793625699,0.67289002464651,0.36680468470638,0.92195420528003,0.89680277790852,0.37740771184393,0.16338812687495,0.42930725545794,0.83803457266794,0.84365781538532,0.85451259840804,0.71752498007078,0.71006257342609,0.65786953457747,0.536,,
2939,0.83924627431779,0.80641149281376,0.63634499403111,0.35094747102726,0.88239761808473,0.86645697107462,0.36888211172524,0.15700626093040,0.40466392416567,0.78320706279530,0.80539672011777,0.80813009854385,0.66931503452821,0.67310737920737,0.62212908382115,0.520,,
2941,0.78979679155907,0.76454126538483,0.60210584129652,0.33054921114235,0.83167521999499,0.81278262498139,0.36313773217764,0.15090647987420,0.37748100275097,0.72945414865735,0.75918191452014,0.75830138583035,0.62164114032132,0.64867228701497,0.58263477460593,0.518,,
2943,0.75784204253818,0.74488165013902,0.58079340152613,0.32142671413230,0.81692652111028,0.78212209641966,0.34911194645430,0.14671710845401,0.35787796741644,0.68546484426214,0.73189796947579,0.72165562562165,0.58007762456901,0.62845019749569,0.54979757572550,0.512,,
2945,0.72668414918270,0.71126054475891,0.54708355456763,0.30433858643870,0.78723685916661,0.73765929380965,0.33498537279751,0.14045469408000,0.34203488925666,0.64251159251102,0.69779882199530,0.68112909914998,0.54043011149083,0.59230095482481,0.51118893291070,0.478,,
2947,0.69706331823552,0.68285886412817,0.52472128713834,0.29383402803728,0.73652901604364,0.70354285265140,0.33259676961184,0.13752507766639,0.33227480302776,0.60806406671265,0.66474213540753,0.65340329141725,0.50856662816472,0.57759610813202,0.48298313644200,0.499,,
2949,0.67660008795256,0.65901001272117,0.51105909197448,0.29163234794270,0.69371868416788,0.68028025902487,0.31895418004025,0.13359230076429,0.31701013388158,0.56714830198371,0.64669864067033,0.62442108577966,0.47262789205184,0.57042383628120,0.46438696657620,0.514,,
2951,0.66350924505044,0.65557235334251,0.49769653739863,0.28633112916607,0.69209344432062,0.65539096458329,0.31243615998046,0.12873296980456,0.30548496831071,0.55632937210844,0.62424949953871,0.60125526087960,0.46338044413147,0.55566171056943,0.43909991338768,0.469,,
2953,0.62328726650618,0.62739360172848,0.47382190486399,0.27982627899189,0.67973173411498,0.62080316106218,0.29824818377679,0.11720431048961,0.30099702756092,0.53031109534777,0.59778387247140,0.58029674997264,0.44347701202089,0.53084348063392,0.41835022012863,0.430,,
2955,0.59468090883423,0.61170580620387,0.45953878798516,0.27332931879761,0.65405889706627,0.60252358404157,0.28321073985504,0.11489318999572,0.29887729321323,0.49794503142472,0.58977240617579,0.55699427468350,0.41527524680536,0.51608807547040,0.40753282107693,0.397,,
2957,0.58924105664115,0.59415327233980,0.45079171852476,0.26648168374608,0.61826047231692,0.58137161992459,0.28754012380802,0.11072720884383,0.28917472101661,0.49142862137579,0.56574301415244,0.53943359793983,0.40911169807172,0.50538139886063,0.38560140235123,0.388,,
2959,0.56416901262798,0.56476260765347,0.42487777616292,0.25297902615074,0.57947690215565,0.56160801389586,0.27678398106922,0.10428985800298,0.27719603727538,0.47387991991641,0.55134207792525,0.51063504016501,0.39604435428862,0.48221756540185,0.36605819443212,0.354,,
2961,0.53508599848353,0.55119121404944,0.40488483668523,0.23888245932393,0.57046264178682,0.53114273350383,0.26283427493475,0.09445032504049,0.26069822215825,0.44893251469583,0.52975888081412,0.48826780045294,0.37553669588123,0.45799349756085,0.34105554424968,0.352,,
2963,0.51597363447587,0.52367696966824,0.38584354161907,0.22553901693994,0.55979073608904,0.50520349260662,0.25587896766504,0.09416622908051,0.25656445826607,0.43203025751834,0.49994182589654,0.46579408125553,0.36250156596496,0.43847451512379,0.32254476247686,0.344,,
2965,0.49504559318713,0.50088200112244,0.36728618665541,0.21809941900759,0.52455153773273,0.48468716860540,0.25214463573006,0.09112913593059,0.24145370322897,0.42154771815698,0.47798889535594,0.44398822881900,0.35407964138634,0.42547404480253,0.30543639379559,0.297,,
2967,0.47290584947369,0.47995494658356,0.34564869177755,0.20999220761714,0.48937626950953,0.45306954663111,0.24685034034076,0.08466549747555,0.22665381827606,0.40591680210128,0.44984296191273,0.42013293903583,0.34191476857170,0.40258971534003,0.27978665612581,0.276,,
2969,0.45073771112956,0.45036038666905,0.32939629304018,0.19693832490972,0.44575293020739,0.42954730664160,0.24015227609964,0.08818328613645,0.20571924712699,0.38293213520884,0.44264291170268,0.39910927473760,0.32141332673710,0.38113012569845,0.26849283094710,0.267,,
2971,0.43334893829159,0.42596558714127,0.31113829086022,0.19057057432413,0.39132436585108,0.42336824467541,0.22804315787734,0.08005321928993,0.19373742113571,0.35893721580671,0.41792344373333,0.37506281343733,0.30423848672739,0.36082489136107,0.24647918253209,0.269,,
2973,0.41858459906438,0.41073912581360,0.29707650570316,0.17873933146870,0.42404025469509,0.41092260206404,0.22268857354735,0.07670195396769,0.19830088550330,0.34239578986168,0.39013621166441,0.35346353784405,0.28971014187569,0.34259761125021,0.22932974873601,0.246,,
2975,0.39156836091393,0.38471328102621,0.27821168535376,0.16323891685236,0.43344990883075,0.35239736276943,0.20716000570652,0.06493210023043,0.18633453735301,0.31953549107953,0.37179472377260,0.32591735871171,0.26531621889746,0.31871495805447,0.21839590558488,0.228,,
2977,0.35971938807952,0.35343190660652,0.25047150062935,0.13833839002697,0.36095939068996,0.29631542763338,0.19065974292980,0.05427366465742,0.14816078787059,0.28798972840789,0.33588046809608,0.29636318993190,0.23897965783146,0.29177793895184,0.19331541702573,0.202,,
2979,0.31592657097114,0.31532199677925,0.22397719880633,0.11769409494065,0.24532298398546,0.24873747627798,0.17722859597494,0.06807931419281,0.12502220396265,0.24568853636617,0.30094466325563,0.26263007340649,0.20900843301931,0.25570660973622,0.16598437460989,0.171,,
2981,0.30943228464010,0.29913579738780,0.21689611501015,0.10735209832641,0.11943074148857,0.26685430221003,0.18668029442859,0.07926854239021,0.16060553130801,0.22709971176004,0.29450292346461,0.24880589874859,0.19190949309501,0.24537163406378,0.15469192650077,0.180,,
2983,0.30576388241932,0.28161450532984,0.20881611050158,0.09481129314694,0.18296292954642,0.25375279505116,0.20249083765214,0.05456106761301,0.12257728757634,0.22187458154676,0.27779113223355,0.24026144492899,0.18573775461243,0.24212108168796,0.15050300010048,0.137,,
2985,0.28856949840192,0.26803192097133,0.19396371406003,0.09633248837896,0.23574822570198,0.19218061663127,0.16318023810670,0.04128444498215,0.05620498547555,0.20102179957234,0.24477301046317,0.22007259608027,0.16662338496564,0.22205424007147,0.13715611810049,0.131,,
2987,0.25464241964471,0.23044738990367,0.17601363086959,0.08147291014412,0.16529401178418,0.18862838429924,0.09413885470926,0.04523846234070,0.00848949313333,0.16336040200751,0.19669604417127,0.19591180584946,0.14331956945577,0.17296467074010,0.11769806390153,0.110,,
2989,0.19420231536492,0.20385599199115,0.14204062609267,0.08316084198239,0.16746526238178,0.09200980064271,0.09379730246469,0.01871403390013,0.02435822500370,0.14536689857461,0.17674711363080,0.16318322343995,0.12651898221029,0.12622192847115,0.09685383186758,0.181,,
2991,0.15996170585627,0.16366688798571,0.09349979230738,0.03885166804170,0.35977520820821,0.01114075820994,0.00000000000000,0.00000000000000,0.08106211801692,0.11549936494177,0.19387877419962,0.13695256897610,0.10605078384289,0.08659405308584,0.08550433980310,0.192,,
2993,0.08070754635076,0.04467902392355,0.00582376778747,-6.93889390390723e-018,0.30273570198488,0.00000000000000,0.02266454066520,0.01736128428344,0.00359554265851,0.03126615419080,0.12141793678208,0.09851304877571,0.05158046867493,0.01120290403849,0.05979879913306,,,