2.10,2.10,2.10,2.11,2.11,2.11,2.12,2.12,2.12
32.677024,23.460013,29.008032,27.833982,26.996504,26.932561,39.199222,41.617249,37.852487
33.849867,30.249285,22.167262,26.828124,28.345706,44.332919,25.104180,19.731406,20.207113
29.886155,33.978337,30.442140,20.856616,23.983760,30.614106,31.437902,35.470885,52.403271
53.475660,23.818259,21.903558,31.758945,21.347704,25.149443,35.862752,28.178592,31.912844
29.703409,28.113475,29.964181,30.196444,29.541016,28.627027,27.526096,28.108593,18.242630
48.021318,26.587108,28.480324,47.457522,19.657752,20.780063,24.877007,25.581543,57.540268
25.310272,27.190154,24.014347,28.946474,26.817722,32.479152,27.337559,20.819699,30.757358
33.489166,35.369519,26.354618,31.270089,28.034221,23.244764,26.526571,26.319798,29.110665
26.105460,33.419353,27.416090,23.202523,32.407791,30.364358,32.143212,36.245761,25.519554
31.762127,32.718395,25.942143,28.565016,26.279669,26.411882,28.961634,26.001251,30.537043
28.133545,35.541818,25.868672,25.373789,25.430458,28.226739,51.272915,20.112071,24.584530
23.740192,28.984874,22.636129,33.745963,77.400593,30.412395,31.743056,24.741867,35.268871
20.804209,54.313230,25.724359,35.211512,27.906511,26.983862,24.513865,25.767182,44.773081
27.258985,31.902907,46.118267,29.064159,20.993037,27.741384,27.033202,22.365363,30.614772
27.031888,29.987761,21.299184,24.356126,23.330494,27.102580,28.538819,28.972462,30.686230
29.961603,29.390462,29.322296,26.830327,33.106152,27.220270,30.297647,29.038365,30.721836
26.556441,37.860881,28.911071,32.962139,20.344545,19.158609,28.238229,47.860447,26.438772
30.655169,27.698084,30.259002,34.348736,24.179532,33.432971,31.739619,86.126324,27.018067
48.495122,24.100016,33.631565,20.745872,39.968624,31.481957,27.521525,31.190518,54.323821
30.737716,35.510226,41.415438,18.897653,24.402757,34.133348,109.570510,36.419611,27.900087
29.325074,49.731638,22.267150,61.191433,18.537266,32.438845,31.794471,37.958355,32.783528
33.101875,25.092614,21.732738,28.206231,20.758541,28.349687,31.123134,27.042390,30.916027
34.580311,45.714217,29.600380,30.140300,29.954186,31.159429,30.127037,23.370869,26.542327
34.411299,29.928216,27.427590,23.597756,45.311206,28.968990,28.895491,30.187541,25.630654
32.493892,36.990649,34.387700,39.182631,42.266298,27.992335,46.976692,21.482240,41.978368
31.745376,40.488427,24.139703,40.255690,36.403229,24.704418,25.897025,23.247689,23.266397
33.349881,32.114312,25.976813,24.914024,20.758540,26.608614,21.377049,33.124278,41.100424
23.770120,27.530852,26.228199,25.146009,25.698022,23.197068,29.396518,25.216910,35.029105
31.778860,32.686402,32.396652,20.461822,22.726734,25.792737,26.202974,36.426779,34.974584
36.470684,28.547495,33.533366,23.017137,36.159984,29.736265,28.711963,24.447923,22.931091
26.682828,26.483904,30.169923,31.244752,22.866568,30.913759,21.209134,28.621948,30.721837
46.216720,25.764699,24.522557,26.596422,37.774943,27.308509,23.648715,28.999801,59.792568
47.102402,30.207200,25.440159,27.066725,26.713099,33.736281,25.224407,36.254495,28.884733
25.475361,32.497939,28.580227,56.909806,19.425817,25.449858,40.971347,38.000770,28.219603
40.257938,22.387827,25.737422,24.916582,25.587506,30.257270,37.613535,31.782691,48.819352
36.992969,34.809417,37.272977,23.899337,33.539716,30.967490,39.356251,23.247688,43.652199
27.281695,41.859984,31.123197,42.043283,34.579129,26.432158,24.281334,33.200797,29.436937
28.962969,49.628303,30.684779,25.486161,29.626654,28.108385,43.305483,25.674698,25.732441
35.671888,27.579637,27.427591,26.926525,28.793650,27.717140,26.106869,26.206117,35.367623
30.984351,29.701415,29.791684,28.918800,31.374030,23.687366,42.256135,27.337278,50.978527
25.089457,30.525491,21.350562,26.864668,31.998285,34.436433,20.200307,32.062300,41.487222
33.869055,27.361563,23.774940,30.662175,25.875619,24.162602,29.312183,28.171360,35.558855
30.819823,24.917150,27.197988,33.272312,27.830483,30.169908,29.705585,28.298529,32.964755
27.571513,34.104976,33.351594,24.720813,22.809963,27.220270,27.526097,30.525747,42.948642
26.815142,25.847072,22.777074,16.688302,34.023267,31.166723,24.525385,27.306509,64.466968
35.530569,23.752787,23.774939,107.594140,33.580043,29.441715,28.089928,45.907576,38.100581
28.019936,31.992944,26.923901,24.275081,33.399847,28.578289,30.914552,30.998626,24.831666
29.697615,26.614280,34.939205,23.291191,21.476496,23.911054,24.775962,26.826219,29.578030
27.054984,23.623280,33.322790,26.967167,31.374029,44.247988,26.516722,24.632050,25.791361
27.739459,40.355879,24.851885,24.023144,31.797409,37.395127,30.827398,21.792670,48.237619
33.161999,25.120877,27.891217,34.287030,27.353227,36.677358,29.579594,24.390140,23.662351
34.486768,27.093426,26.876101,24.025893,32.581976,32.510213,28.978142,38.816149,26.684502
24.433452,23.945670,22.573482,27.389887,25.677379,38.866922,29.408539,32.795097,29.229008
27.818370,39.925216,31.697519,20.913364,35.572126,25.500393,24.151512,28.171359,25.622223
29.344702,30.699593,31.873058,34.412903,22.296558,39.829662,29.060322,23.753206,28.000196
25.222897,24.710032,19.724955,24.560359,32.786059,23.595334,26.531490,23.732833,30.584842
27.717494,23.655158,22.331526,34.814163,21.939118,52.282012,21.377050,24.390140,34.274947
30.221020,26.195349,25.085015,24.353451,27.754036,30.169911,32.715755,35.247581,37.711409
24.902721,27.410949,35.344109,31.734379,27.751076,33.468606,23.911845,45.662175,25.681650
37.706488,29.475978,24.154534,22.263145,36.325948,25.650809,27.621674,32.533426,26.661154
33.177353,34.505739,21.209179,26.315780,29.491494,27.814760,24.519627,37.490725,34.753666
30.165437,22.130448,26.096764,24.669820,36.577189,24.000684,21.377049,36.494399,35.119963
29.678455,27.792486,26.721892,31.270091,67.167575,26.085194,26.741219,29.106301,29.781126
37.400933,29.328465,34.475998,21.917849,25.253674,29.403831,24.988336,23.623703,25.966523
29.595718,37.619284,30.804675,21.504511,26.959071,22.729975,30.222067,45.106026,26.933422
23.377840,25.235508,26.664830,25.376252,26.259932,28.592441,39.063636,26.630818,25.011628
29.319128,34.536819,29.820885,25.376252,77.504770,24.329962,48.568630,31.469106,27.631672
27.281695,29.803632,27.276108,23.855922,35.766679,26.401732,86.698429,28.663942,25.118483
36.217309,24.439881,31.918984,22.356231,21.849109,23.628770,30.458890,32.883776,39.076571
37.859199,35.898608,25.149463,25.635273,19.389655,32.813431,22.416142,31.058269,32.747101
26.162404,26.249219,34.571078,31.731229,22.974622,44.670324,29.328299,22.376837,29.430545
34.087144,26.559883,18.029068,40.730050,20.993036,30.996985,36.742351,26.319798,24.957856
32.461868,25.654760,31.712155,50.380865,34.173662,31.740032,31.876425,25.111219,25.528053
38.072578,28.299699,23.774940,27.584349,29.806661,33.993655,27.141683,32.105004,38.387333
34.775645,41.229263,26.956094,27.963231,37.508890,27.067523,26.624559,26.239519,16.461655
39.005585,33.153180,29.359478,25.852178,23.828781,27.361872,30.537021,27.337277,23.338409
27.206543,27.115752,28.707813,21.346205,26.469024,25.901511,67.316134,32.956130,34.836841
28.809023,23.588778,24.681225,24.798975,22.527129,30.842246,22.980309,23.603106,32.542529
26.962371,28.942404,21.577776,22.359405,29.134700,35.000354,20.376848,25.674699,36.141499
30.122638,36.856873,25.186347,35.036086,24.376024,28.250113,25.354276,27.026677,30.012640
44.572589,26.326555,29.396567,25.185094,26.361612,22.986005,27.230634,23.998090,28.442497
33.484605,27.016554,28.844672,18.966710,32.433708,27.254938,35.572514,43.199316,27.124780
37.216370,24.828480,24.179732,26.896730,20.962082,27.361872,25.348888,31.395552,25.622223
32.258564,28.501972,37.400202,24.876649,20.239765,26.740585,27.882254,25.581543,25.233136
29.115291,32.653024,30.504552,27.899774,26.655709,29.855062,26.526569,28.926863,34.674982
25.222897,33.171946,25.440160,25.148518,23.752552,40.595229,32.777059,22.106257,29.654567
25.423206,23.880896,34.387700,30.349827,32.390470,25.988439,22.993417,24.751244,36.743392
31.466178,20.449456,38.892272,21.130224,34.468622,33.312857,33.309496,24.409431,28.504388
25.310273,31.022018,28.530365,26.106541,25.680837,32.657991,22.855136,36.694310,31.929481
28.225061,28.701410,26.935824,34.083382,36.587373,30.668888,25.338104,41.008868,36.965562
26.580366,22.639420,27.011932,25.994783,26.044090,33.432967,31.743059,65.477865,56.135843
38.794547,23.359917,25.227176,21.237005,19.987158,31.858330,24.398153,36.929995,25.681648
29.214572,64.427856,35.783244,34.080641,25.851846,34.418518,25.240724,21.663069,30.301442
30.366553,22.352228,27.178080,23.156454,25.023691,23.828650,26.122102,24.380483,29.774884
36.820514,30.130463,36.682050,24.275081,35.890512,48.021551,24.269581,26.116720,30.945321
59.650054,22.885542,22.412758,26.493291,43.217215,29.744267,24.888193,33.376807,32.532068
28.252650,24.163620,36.843353,24.025893,26.050813,26.977698,28.530311,35.387120,25.681649
46.282279,29.328464,27.361891,33.441712,29.190795,25.918737,26.923843,59.294083,26.637279
28.869945,31.992945,47.051863,49.890008,20.026887,25.600864,29.740865,22.696901,49.739868
34.321168,29.135879,23.645674,24.836585,28.106268,26.212177,36.020791,23.360351,27.580362
32.450685,41.859176,27.122922,33.703833,26.569114,32.078574,31.883238,26.018228,36.171406
33.697313,20.230749,23.774939,25.742985,23.409492,29.538572,34.148985,22.106257,44.806547
37.827379,28.942404,29.543999,31.853673,22.558424,26.938745,25.213516,41.659165,30.301440
38.570887,41.067265,24.747788,22.742534,30.632200,27.283490,46.902856,21.804755,26.277892
26.260734,26.561883,28.893456,24.601324,22.441786,31.132918,25.573085,33.251022,37.942114
30.445159,25.710916,35.133726,30.866368,31.609887,27.881086,33.685722,49.401554,31.245940
30.384859,22.496740,25.881586,48.093573,24.881437,29.568019,27.014232,30.181236,30.828159
36.165725,28.898117,30.709572,25.815088,28.345706,29.645805,49.112623,24.257610,48.505176
26.341372,36.965628,32.170883,34.575321,36.401512,33.491547,23.790191,27.231950,35.778624
39.730688,23.057017,23.774939,32.669225,25.135598,23.595333,39.452087,31.217973,31.410950
45.302417,34.443406,22.698432,32.821928,30.257349,26.568571,22.123087,24.492563,44.384952
29.155083,22.057458,28.949317,27.833983,24.128927,24.506841,27.211941,35.987705,22.695047
28.454446,31.616128,21.439385,24.718216,44.612493,29.052255,25.772581,27.690907,37.918549
26.628092,31.322613,28.451495,24.356126,30.879483,26.628592,25.109674,27.065927,28.897999
38.795593,25.376801,26.379496,28.416457,22.809963,43.392346,35.811565,27.728301,27.799255
27.520258,28.019431,21.903558,38.275471,23.824763,24.951672,47.687207,26.328084,33.797306
35.772555,47.728336,33.000249,22.834804,25.363566,32.752403,22.284535,36.426781,26.438772
24.729874,34.685525,28.379719,23.463646,29.533248,28.904466,32.517338,31.699160,23.531844
24.433451,40.532710,22.202401,32.206288,27.200635,25.212326,29.654543,32.320632,31.280281
25.134913,22.780324,25.662772,29.950123,32.758567,79.559217,22.855138,23.633989,27.245589
24.053843,44.331647,25.163126,39.727918,29.153421,34.263667,34.915040,25.910431,28.978166
26.730188,24.651542,34.414750,23.642123,26.050813,29.683070,29.150196,39.356881,33.219772
25.865208,24.592773,31.379200,23.942593,53.040772,26.374963,28.699353,25.330676,31.439328
28.019934,29.639102,24.124854,26.998985,25.542332,25.561564,29.146118,30.075876,30.464882
32.302286,36.384587,24.614298,31.147913,25.698022,22.342537,25.999807,31.659110,44.070588
29.155083,25.546032,28.249146,24.631696,31.596248,29.094122,32.693084,27.967545,25.791361
33.424243,26.433011,27.416089,26.933086,28.362651,23.712565,29.740865,30.992651,26.164143
28.448130,27.337747,24.084644,31.949402,35.810999,30.030066,36.364231,31.022516,27.185319
23.067547,26.561883,28.668918,27.455715,25.831449,27.941354,22.580235,26.416060,38.119886
44.247758,29.347517,27.350335,32.068646,25.895949,39.452347,33.767879,25.683407,30.745289
36.454129,32.185983,37.394015,25.524213,24.972795,32.071692,29.068523,24.878580,28.938137
27.304368,27.141876,32.496082,23.245473,30.385799,38.176572,22.416143,33.532316,32.436644
36.915016,27.931990,25.516115,21.557902,26.134194,25.304047,37.839668,23.247689,21.210699
42.694547,56.268531,23.249147,23.727541,32.947929,23.699973,29.666354,31.137304,26.933423
34.129362,29.559381,26.923900,46.613984,22.209430,31.222245,23.265095,22.826081,65.876065
24.178790,36.052196,32.007045,23.815148,21.540316,27.526648,23.110619,34.874203,21.456288
32.498732,25.546032,33.241574,24.516615,22.642892,32.465730,70.166388,29.321376,35.430039
31.790521,24.469670,20.973866,24.478015,26.384473,28.578289,34.565248,33.441913,27.806418
38.786723,38.148467,32.083721,34.997010,22.642892,25.410087,24.999426,23.101688,29.365681
35.154459,26.965710,42.551602,22.312973,26.341994,32.716955,26.531492,35.125554,31.951194
32.807826,37.294807,26.516783,22.266347,39.007459,28.075795,24.038272,26.622719,28.373032
29.220559,26.840695,33.782323,28.629439,23.979793,26.515647,62.553887,24.622583,30.727703
35.401596,35.940029,32.215967,29.459591,32.745870,26.887272,20.704892,21.323602,33.723834
39.613642,31.434039,22.899816,21.917849,24.183434,42.234970,24.645609,32.732751,36.073013
30.943788,25.955394,24.386583,28.262357,25.203705,31.477433,24.287206,23.258308,31.348741
30.342676,29.885220,35.142822,36.013667,24.353079,48.854776,21.377049,23.492764,22.285954
28.041430,41.649959,24.493765,32.760252,31.330135,25.460780,30.455159,30.840596,33.320750
26.659085,33.581867,43.727633,22.694577,33.266993,28.282306,38.970433,40.198071,34.864475
30.535996,28.724731,24.278450,34.042081,32.853522,23.536278,27.598961,39.732312,29.018082
24.910965,26.328591,32.195933,31.396151,21.820539,28.167685,22.708450,32.908485,24.940067
26.580367,32.856222,38.141801,28.206230,36.488710,33.038248,24.026279,23.523936,31.540878
31.762127,32.856224,42.305076,31.120741,19.987158,45.749467,22.277558,25.692109,33.401270
37.869887,26.458485,31.063256,55.121156,24.546811,20.703832,28.173002,32.517140,33.767900
39.373129,25.739968,30.999450,29.571419,16.505305,24.262416,22.416144,27.231949,49.101312
31.323908,23.721169,21.664749,29.543088,40.773947,35.004015,24.026279,31.519217,31.619295
32.355654,32.274450,24.575675,25.889161,25.096029,30.618890,28.264262,31.016544,34.572219
30.403141,31.210384,26.036925,34.062055,31.045296,31.503367,61.298714,26.834197,32.505563
34.602969,21.754594,22.429960,26.420298,26.652500,28.890618,29.904281,26.158747,38.425108
26.784508,26.249218,26.274651,27.927469,21.059816,56.820961,25.235287,23.503164,31.994862
44.780016,27.240164,24.332637,24.108619,23.904525,31.463142,26.432807,27.987020,32.568976
38.283603,22.919506,23.189772,24.151131,25.701475,25.831337,26.619673,35.179715,48.369343
34.756153,25.873710,28.310797,21.713147,24.859414,38.039280,46.910736,26.732893,45.771370
30.072346,28.591144,29.264835,23.421493,23.748507,42.042308,23.530572,23.360350,31.113528
41.727200,19.054881,33.507982,25.447996,28.031321,22.062058,45.688799,24.986247,45.653791
31.573323,26.561882,68.417815,23.771425,30.983910,24.463942,29.068523,28.079493,26.326412
41.238026,29.905152,30.914595,25.412176,37.900262,29.132814,25.098684,36.970609,33.174235
30.691072,29.137544,32.911829,41.712703,23.671759,21.604742,28.272930,32.082707,30.512905
43.834007,32.361084,40.372582,27.612679,33.682441,29.579076,32.243406,35.809625,29.281169
34.335497,41.428231,26.935825,34.814164,23.409493,24.012963,22.416142,38.147203,32.463261
25.806944,23.023459,24.224021,25.407262,28.755237,31.103685,26.213057,22.826082,29.313825
32.546635,24.410019,32.471495,33.249938,24.253105,32.198726,26.947709,27.640979,27.373184
25.646112,32.637634,21.026845,24.190780,28.089014,29.941378,24.759026,25.537592,30.024933
33.795275,30.776506,38.464933,22.408806,29.273168,25.550727,38.961307,24.267365,31.841330
29.905053,28.789358,35.593733,25.854551,25.139209,24.864588,27.516951,24.247849,33.555949
32.926731,35.927331,23.759631,25.109320,25.545829,23.770749,38.043993,28.649957,27.185319
41.329287,25.149075,28.249146,29.872446,31.374031,31.721517,34.749634,33.089411,31.303249
25.196322,24.741481,24.657044,23.642122,21.287757,24.981578,30.050596,53.331626,35.865461
33.430212,32.754279,42.596467,28.175086,38.575858,36.248800,25.126140,40.588359,34.845965
64.116429,26.433009,29.973809,56.922238,23.623042,32.057927,26.526570,27.418907,25.850012
28.869946,28.002123,24.469210,39.496359,30.080191,28.511981,27.042677,33.185162,29.800230
46.575483,30.737350,34.125259,23.815147,22.611831,26.993578,28.173003,24.587917,27.230662
22.114046,26.407488,22.838610,29.678808,27.350179,22.910290,39.626935,24.850718,32.621420
24.554577,21.638063,36.022170,41.699393,29.608525,32.904557,21.836587,68.005069,44.842710
32.498730,35.656502,26.574482,20.402532,23.979794,22.276644,46.062028,20.664137,35.782687
31.232366,28.047487,23.687389,26.457978,31.183708,26.364785,25.450791,25.953130,34.988157
33.673421,27.744449,32.029834,28.479592,33.357030,27.890187,27.132277,31.445896,32.351559
21.730713,26.664486,35.161731,25.745379,27.234331,26.095593,35.393858,24.741867,35.874074
26.908768,25.064291,23.645675,30.995729,24.666830,25.234573,38.544268,26.231176,45.712511
44.025741,27.815530,26.109454,43.857688,26.915239,26.618607,24.169309,35.766336,31.262947
26.969403,28.569337,38.855637,19.927282,29.153421,25.890956,25.343498,37.246971,26.172231
33.932285,51.055476,29.964179,24.916581,21.412294,30.356681,36.079369,22.663412,63.705973
37.643381,26.221287,27.427591,35.808690,25.960128,24.025230,31.293693,30.362743,26.933423
27.746101,23.912093,25.502827,25.182589,24.474997,42.405187,32.783510,30.223134,26.645081
28.976999,26.741418,27.393061,53.104393,23.852747,25.274898,43.578704,23.360351,28.078542
20.765115,30.445780,24.263771,21.295244,23.516752,26.133304,28.181726,24.632052,31.107807
35.262205,27.434640,27.797485,24.439291,30.032431,34.470026,28.804020,37.182056,23.338409
27.783289,27.721287,43.666912,33.615038,29.222730,33.416289,26.101786,36.540284,24.538065
25.081331,28.071907,22.267151,25.524212,20.993036,36.449337,22.848505,26.926820,30.086988
54.990206,22.919506,28.490983,27.553872,22.783753,30.133835,35.564301,23.370869,36.572919
28.385385,28.275674,30.520354,26.284583,24.179533,37.842272,30.618445,30.550375,30.886675
31.723531,27.067207,22.137272,36.292867,47.276552,22.757339,28.891343,23.503165,58.211078
43.718398,28.000322,53.142258,20.342895,27.120591,26.085194,38.727392,43.461082,38.466556
27.190625,39.855378,35.799466,36.013664,22.611831,24.286437,21.843848,26.108298,36.008539
46.341429,31.743197,23.398625,28.208227,27.350180,40.038567,31.374765,33.068422,22.984273
32.906424,30.009126,23.366994,28.235317,24.618210,40.703033,23.398586,37.015321,28.042945
28.762090,30.127348,22.348851,29.120775,34.161991,21.376386,32.911790,26.319798,25.724076
24.666117,31.992944,35.413923,25.672882,26.193889,37.588658,30.146105,47.154651,54.322871
27.877114,29.200355,26.586719,41.204430,20.894675,51.576123,25.567788,28.079491,56.837733
32.064122,29.948089,31.517410,30.060094,31.089996,27.022685,33.381084,30.986671,30.154503
28.673977,23.123844,25.440158,35.208947,27.886078,31.529258,30.455157,32.158708,36.222646
33.990863,33.036748,24.879856,22.115554,23.004709,35.141539,26.111948,29.907918,30.567069
28.203844,43.706232,33.082654,30.221823,28.910933,23.183908,36.087356,27.618411,31.813662
44.511209,30.890417,25.502827,27.163406,27.237407,29.815309,30.997613,53.031407,25.241830
31.192446,34.443402,25.098749,23.597757,18.661984,26.095592,27.323649,27.545535,27.624417
32.988925,34.242260,25.942142,27.327990,26.407298,25.721969,30.297649,26.108298,41.396140
30.426926,41.536695,29.781937,21.611030,29.951646,38.701442,29.154271,39.367989,32.006012
22.907742,29.579756,36.703906,25.707981,27.194468,32.275467,42.636456,22.399749,28.951765
29.428849,26.247170,35.701306,31.973632,32.485426,32.117274,24.392335,36.477145,27.192810
28.714999,24.380085,35.878251,24.871520,21.540316,30.356677,29.324272,25.384259,24.575364
27.761393,30.447305,26.425417,20.745873,22.527130,37.034300,35.115454,28.642961,29.969166
27.976844,27.385337,35.290709,28.083245,27.055573,31.263095,24.531141,44.496265,25.519553
25.509217,44.872065,23.382821,29.319983,24.837354,22.707569,21.361883,28.798272,25.891890
26.908768,37.936287,28.480327,34.471483,31.855703,35.678009,45.993425,40.894826,27.040804
31.409738,24.560943,27.669275,24.956386,21.632906,33.789887,40.140354,59.524025,31.153869
27.644697,34.276231,27.523852,36.764464,36.695620,28.267840,27.328286,22.242369,29.189667
34.811989,25.459520,27.122923,24.356125,25.807596,31.057765,28.164273,36.531679,45.877831
37.563382,27.884433,34.951250,35.929785,22.500256,20.101366,29.575638,38.246820,40.967666
33.289026,34.897400,32.418894,26.526254,24.855722,23.898667,25.897024,25.092993,27.290734
40.771718,32.465511,28.921413,34.391986,47.367805,25.622445,30.611056,55.795458,22.353334
25.586845,30.407296,31.470301,23.336729,25.895949,26.154013,32.166661,28.374726,31.501519
35.955183,23.359916,35.318469,51.355451,23.221504,24.518619,23.661093,33.068422,36.025616
28.680192,54.738382,22.167261,31.994724,24.474997,25.611658,22.277558,24.530793,28.497571
34.462644,31.245473,42.406811,26.387069,20.758540,40.144987,22.566644,21.650825,28.085564
44.193320,28.297937,28.168692,23.556082,23.413656,21.828371,30.376607,25.918982,35.978098
25.872848,33.206859,43.322572,27.519135,33.002235,39.182352,29.896533,32.379103,31.405333
36.650235,39.453496,35.598521,38.540709,23.085951,23.109486,32.163315,20.806442,31.444931
34.733696,27.166034,38.417509,23.771426,30.649139,25.438926,27.122866,23.654532,24.170516
31.656258,27.214227,57.629495,28.653798,25.182242,38.330388,26.202973,28.649956,30.185293
44.114530,33.884274,24.069729,25.146009,27.792312,25.500393,50.485565,20.304083,48.692143
43.968106,49.591530,45.193612,27.196913,26.693996,32.620563,24.531141,17.213393,33.812141
39.191369,25.404433,41.325454,29.318136,34.085933,29.395644,24.251930,33.155645,43.306234
38.898668,36.109105,28.256750,30.353275,31.982748,24.638910,30.997612,27.321902,38.192621
31.135011,28.452815,47.357010,28.918801,18.330124,30.768403,24.044264,47.247344,33.041642
39.878947,26.328592,29.460507,28.566961,21.222406,26.201871,30.929039,31.028476,27.040803
31.867296,83.350629,23.572731,20.688204,28.875567,23.244764,39.531952,26.732894,44.806548
38.495757,32.027713,24.508170,27.392002,24.303195,29.592284,26.427851,48.484279,38.092951
34.182887,25.629813,29.121715,21.866204,25.228714,37.801365,33.356196,25.665985,35.813199
28.112190,23.524570,23.398625,27.899775,34.210567,29.273081,25.120653,25.138508,37.844753
38.887509,39.334141,29.244627,38.161193,32.786059,39.702398,40.674427,27.994351,23.722150
35.281144,30.249286,39.527557,22.834802,32.347113,29.124473,29.060323,51.295628,30.343970
35.759348,27.554335,28.270803,23.110201,24.429434,24.452112,25.224405,24.047843,43.210632
24.149867,30.047072,30.044903,24.874084,27.525143,29.234760,44.205556,35.809629,32.752264
33.339291,28.961971,27.596754,24.275081,24.330088,29.234759,28.440755,40.978130,28.844443
30.926142,25.766828,22.838610,21.185516,24.833656,28.090458,35.972732,31.909015,37.233574
40.330760,19.869219,30.914596,26.351475,29.936451,30.493551,29.811112,25.893314,38.774186
34.382750,26.381919,36.817850,27.261539,27.410772,24.385242,32.022200,32.711298,27.328314
26.187055,29.264549,24.263771,24.916581,20.239765,23.047910,37.434159,50.212507,28.219603
29.634234,27.719447,27.501002,54.751786,23.541357,29.576112,20.888921,45.346302,27.573079
28.896317,24.410020,26.504481,29.787210,49.031357,26.354599,28.059171,32.919082,33.179265
29.467802,21.599947,26.664830,30.767127,21.252607,31.550605,31.151713,30.800362,31.228913
31.590266,27.139958,31.761110,23.376285,25.114020,45.993328,42.110314,34.521587,25.622224
34.972983,40.399583,33.466312,29.599700,23.034721,31.837395,25.229848,37.173756,22.431318
30.737716,31.060463,25.327376,26.067838,27.313711,33.481240,20.888922,34.933853,33.315757
27.905396,26.117234,28.931748,25.224056,28.735993,29.568020,26.111948,38.767859,32.851001
39.275836,24.976666,22.977089,19.742572,24.569398,36.109278,40.462023,24.380485,44.455804
27.504701,26.458481,28.658393,23.202523,35.093718,33.121691,21.836588,41.858779,34.647043
33.624160,29.135879,24.642811,22.213094,29.821985,35.879460,28.953376,25.555191,32.741941
27.811764,24.499386,24.709583,22.649510,26.154122,32.651356,34.255456,26.966360,40.210894
40.627780,21.944130,35.803493,29.318137,25.275015,26.958237,20.865085,31.952130,30.542980
49.229851,26.302867,30.641539,27.356851,37.774940,25.274899,22.270579,30.056822,37.883619
33.439356,36.724219,25.565188,24.235706,24.105508,25.056584,25.229848,29.216442,46.653485
29.722541,39.241815,25.047831,31.246379,31.255925,24.573053,27.526095,40.774400,44.627768
26.737342,23.392517,31.081168,20.803226,34.560145,28.592440,54.677480,50.506680,37.891337
26.380393,29.516926,26.049675,19.489393,42.666726,30.842248,25.332710,24.878582,25.277081
31.762127,35.471168,22.556499,30.085708,38.317751,23.292267,26.837651,31.155062,32.548079
26.428839,28.986556,25.313890,36.602450,23.030420,36.955865,26.933393,25.555191,45.691137
42.100377,29.028898,53.431999,26.106542,27.771710,37.351374,29.133883,25.216911,36.055723
27.805151,33.484297,16.183059,19.805874,22.553940,29.500937,26.422891,23.090922,37.593260
36.314975,28.275672,26.619734,21.607634,17.077142,24.094113,38.476579,24.632051,28.184363
26.236221,29.071116,29.820887,26.282286,38.089027,24.397137,36.533547,32.919081,37.864078
32.392759,26.091091,32.814905,25.562150,84.085065,31.510499,28.615081,32.093859,41.383010
32.290991,24.768247,24.681225,25.745381,30.663632,21.005461,27.323649,31.217973,27.950232
25.948319,29.472724,24.415630,32.715544,24.132845,30.442972,23.258694,34.223768,37.426264
31.353101,32.359735,26.562230,25.337757,29.525398,27.458595,32.783509,51.067845,31.835868
29.448338,30.189214,28.931747,27.327989,61.233380,26.766628,27.707576,23.623703,32.087553
59.325448,27.093424,35.612165,33.357227,29.624055,21.979832,24.145574,27.042389,30.185296
28.246245,28.388397,29.056270,27.925436,26.384474,26.105983,30.069762,23.237056,38.291996
34.588857,27.767572,24.865878,23.556083,30.786314,28.658375,31.667319,29.959187,49.106152
25.594653,35.354149,33.243915,23.333814,35.879930,30.996983,26.933394,25.216911,36.042936
29.570579,25.902397,27.330649,30.817663,31.953858,25.171801,41.272179,21.482239,39.474983
26.236221,20.958030,26.900022,26.244100,25.342374,28.520685,29.468415,25.563981,25.241831
33.086455,26.589106,20.542229,33.139062,23.647426,28.176603,29.492326,34.243367,32.356850
24.546094,28.321924,22.202400,26.696533,27.212874,28.185514,16.579549,22.953818,33.639954
39.253925,29.285335,27.808671,39.055298,60.512487,32.854577,29.404532,23.743023,21.684611
33.269162,29.366553,34.771872,21.400389,29.788750,38.091228,32.510785,25.339620,31.675270
24.053843,25.983900,34.345951,24.269694,23.487962,31.013678,23.917901,34.118975,24.132547
35.846376,37.683112,31.841518,21.504510,28.289059,24.981578,25.793418,35.116242,34.450768
32.183646,33.007961,24.454760,24.677638,29.000325,22.847635,16.046455,25.111218,45.637516
36.306033,21.082181,30.284493,24.111348,23.030421,24.452111,43.803480,37.118356,34.642149
28.288520,28.703125,40.188095,35.538887,26.446307,23.841107,29.744782,26.511624,33.199682
29.923925,29.412703,34.385513,30.034436,29.254599,36.750349,29.985323,22.663409,33.610264
27.811762,25.090373,31.320230,25.562149,31.417800,27.486726,24.882601,22.804018,27.943142
33.529737,31.003499,40.534345,20.966196,22.387565,33.489238,41.686478,48.882873,33.669590
31.740304,29.598488,29.899496,27.616842,23.090231,23.231660,26.223133,25.216910,45.494857
27.183706,28.094497,33.641495,25.672882,23.276126,23.391431,22.855136,22.219131,36.822164
27.130975,26.352233,24.084644,50.722115,39.830247,24.262416,47.111172,26.724856,34.049894
46.321679,20.139841,27.995359,26.765813,39.102746,25.399121,25.456137,26.732893,41.503491
37.500917,34.535637,31.534811,23.245472,27.486118,21.744364,33.578670,63.777213,26.542327
35.415067,36.738472,36.196004,22.694577,27.215954,25.792735,24.287206,32.857209,28.000200
33.612360,37.643442,25.820748,28.889173,27.021429,24.025231,28.978141,27.829914,27.025650
33.864600,37.399010,27.416090,34.758052,25.342375,25.377161,26.938167,37.996793,28.696028
26.477111,30.756192,28.569635,26.793689,33.551821,32.572155,51.975126,60.513641,22.640498
26.651889,31.616131,59.755664,29.179035,21.090483,29.691103,37.988921,22.521034,68.673285
23.640805,23.718661,30.887427,22.216309,27.976302,34.779010,24.157447,25.700807,26.326412
37.614815,44.053671,29.217282,27.261539,25.232298,35.006134,27.904510,23.215768,35.505680
37.630357,44.278650,21.209180,22.213093,30.210148,23.654094,33.384194,26.842168,90.675763
32.906424,30.247740,25.614071,29.514701,33.385586,24.506842,39.587243,41.992598,32.271024
31.261729,27.481895,35.669371,22.115554,21.023898,21.589571,28.363550,41.485457,48.592986
47.846947,23.427599,25.894489,41.276269,20.524041,26.877477,38.830951,44.243712,32.819871
33.756708,24.317609,40.837985,29.624305,23.225734,36.745106,37.522832,29.529026,30.542979
41.188298,28.547496,36.361649,21.917848,27.252686,42.831128,21.980770,24.502131,39.798969
31.778859,32.601489,30.051621,29.319982,21.603761,25.988439,26.437763,30.156001,42.470590
30.287542,28.569335,28.350681,30.614514,23.618953,24.081914,28.186086,25.478860,21.838065
26.730187,21.866938,25.894489,30.274196,26.240162,23.197068,28.791493,23.349822,24.931160
40.071418,48.473201,49.932407,41.134224,30.368565,34.658439,24.145574,26.303211,39.226021
35.702428,26.034483,24.982857,29.680607,24.353078,29.736265,27.216616,28.171359,28.600322
18.763719,28.388396,29.692901,29.734903,38.218505,25.600866,25.126140,30.075877,26.692276
34.729463,27.744447,31.517411,19.030890,20.486220,24.584768,22.701731,30.788255,35.241863
25.535146,36.586379,37.248055,22.742534,22.585159,22.408045,31.947781,21.323602,35.501021
23.927582,45.370376,22.267150,26.825918,17.929403,39.036887,24.163380,27.698394,35.523247
24.273831,23.460012,28.658391,25.299143,29.323432,25.171801,22.277558,47.154655,43.303279
28.612218,21.439983,26.015199,31.320632,30.112786,26.191560,21.377049,23.503165,28.716188
31.917114,32.857534,23.645675,21.817645,28.738754,36.314758,27.328288,30.802453,39.091294
29.493116,40.320420,27.470078,25.337758,21.569633,28.921397,29.227360,26.756979,28.142042
22.114046,23.359916,25.868671,40.029213,49.764702,24.704418,21.527433,61.190952,42.516975
26.187056,29.156850,23.958710,24.601324,24.031028,58.551600,39.585031,26.511625,38.877722
29.109259,33.368900,25.034039,23.333814,25.587505,33.115239,26.847264,29.907920,25.233135
28.427248,29.908311,28.795718,25.819851,27.255755,26.222473,23.905788,60.034268,53.659424
26.268145,31.760865,33.845883,29.179035,28.700194,30.571502,32.924575,32.475510,33.654923
24.848133,25.376801,25.340850,34.390642,41.159588,27.573273,27.429850,37.230413,38.269102
26.706529,43.959488,24.014347,39.770887,24.054591,34.670217,30.065929,35.931508,46.578943
34.807775,22.639420,32.471495,31.493072,26.259931,48.311476,29.064423,35.784281,44.044899
26.421518,26.587108,23.718172,36.381784,21.632906,27.086829,23.265096,25.563982,26.205025
27.877117,29.243733,32.195930,33.160138,24.303194,23.231660,26.938168,27.618411,53.285963
54.719559,24.712344,29.152272,31.093517,28.180818,26.877478,29.736950,26.108298,31.580138
28.694502,24.133072,24.386583,30.087460,37.704790,28.291149,34.937759,33.506763,90.695526
31.684841,23.849618,25.724360,23.727542,24.206701,40.968745,30.210686,41.452079,27.528859
36.230181,48.749962,37.201852,37.275487,39.055159,26.664812,31.876426,30.381417,29.481993
32.429784,28.569336,43.288435,33.139059,26.047452,30.606551,24.133689,40.760595,34.813729
35.863491,24.651543,25.565188,35.387750,17.971675,25.672303,35.168684,28.677914,27.380572
30.750176,29.433281,33.838327,24.311645,23.276127,32.051037,32.012065,34.285700,67.989411
22.865738,24.770547,27.091127,41.962713,23.828782,26.515648,27.239973,35.892964,27.025652
31.112297,26.691501,27.767218,54.476565,24.833656,36.642417,25.777792,22.047347,24.822683
32.551457,27.141875,38.091783,30.714741,33.821977,24.940299,23.123578,27.625937,31.557568
38.887501,25.319151,26.697651,29.285610,25.299884,27.121838,35.700597,33.332129,26.723807
22.114046,32.413385,25.163126,20.803226,31.523287,24.584769,31.663865,31.004604,32.206431
50.326529,28.002123,31.873060,23.556083,29.706630,24.746486,34.573940,29.982555,24.035900
36.675368,28.458045,29.820888,33.955050,26.896422,25.901511,44.325653,47.377212,34.417212
25.310273,30.834310,28.117356,37.397502,34.345854,22.032939,18.661323,33.666143,48.912817
29.848289,41.702866,36.004159,28.266331,30.680534,25.263815,39.817746,28.262630,40.797055
37.815577,26.614281,25.047830,31.295380,24.929034,27.458596,37.173049,36.531678,29.156734
30.541474,31.263709,31.355453,21.862885,23.030421,22.959186,25.229847,52.375270,28.984759
29.403423,25.064290,52.972913,23.107231,23.800741,28.158762,31.518232,22.543656,19.830645
25.000530,17.536031,28.629921,27.389887,27.077282,27.588472,37.532672,27.058085,38.587093
25.998389,21.983983,25.502826,23.594907,44.162989,30.676413,28.264262,22.242369,23.131371
45.539851,21.038836,45.049555,25.672882,30.910412,22.342537,78.681449,27.777916,26.147957
30.379323,27.040938,32.655062,20.969804,33.422213,24.274432,27.895613,39.288869,26.065707
42.219277,20.406767,22.977090,39.197711,25.895949,25.890957,28.159905,35.814100,29.229011
21.883524,32.722358,30.871996,27.422840,29.541016,24.951672,32.914988,22.848104,28.085563
30.042337,25.149075,29.775094,29.543087,20.925828,27.317996,37.120384,50.014535,31.918284
32.630966,45.651067,32.572907,28.299260,21.724711,24.638911,24.882603,28.752117,27.580362
32.740170,28.591146,33.346142,23.153494,33.122729,18.012108,34.077605,39.457861,29.018084
27.497939,44.690177,34.234858,25.960456,21.352709,32.434581,29.818902,35.454194,44.934251
34.765902,36.384581,32.641255,27.294805,24.179532,28.817220,24.032277,27.224203,32.954249
34.821709,25.005189,32.608754,34.717027,27.903583,30.760922,25.999809,40.087714,36.451188
39.955369,27.361563,33.610897,40.286220,26.652499,26.143663,25.445444,31.670562,27.528860
34.576040,34.926633,22.977088,23.156453,19.032775,38.687739,32.895795,26.222827,33.184296
28.019934,37.438188,20.638131,22.457989,32.813500,30.711223,28.593921,25.793104,24.472949
24.757460,21.754594,22.698432,24.951289,25.296319,32.880788,39.111203,23.633989,74.438546
28.379039,24.226894,28.921413,27.451503,17.971675,29.392645,22.381633,22.848104,26.589888
40.532365,28.024824,29.938138,23.727541,28.542185,32.647148,36.206545,26.108298,35.147155
27.031890,26.893963,60.297058,20.803226,24.379862,82.536722,25.126140,21.638569,26.747049
26.992602,25.737836,27.733528,23.379188,29.675725,59.395417,19.651251,27.705876,39.069094
24.666118,29.090512,24.386583,30.191215,32.290585,26.364786,37.885528,29.675227,26.948679
30.263539,28.412232,30.125190,21.866202,21.910781,29.201596,36.854796,40.948493,28.810716
33.152706,30.485688,24.278450,26.728996,23.800741,34.207711,43.952668,30.375193,35.492232
30.366555,28.876768,20.787361,40.119720,22.209430,27.545315,33.368644,22.953818,27.245588
29.487238,23.974243,26.458831,33.766288,32.798725,35.609664,49.772287,22.986469,32.212093
28.983086,34.627381,21.369514,25.376253,21.758354,37.152111,36.036804,28.374726,42.817863
33.106538,21.365285,26.249572,23.017136,19.467869,33.777481,34.994365,23.654532,34.614156
36.642629,24.501738,27.427591,48.549108,36.675378,25.285972,26.531490,24.869300,68.216086
26.292599,25.957489,32.581057,20.969804,26.193889,21.447918,31.069470,23.215768,40.248946
26.628092,36.617190,31.665630,39.135240,24.474997,26.977697,23.518056,34.722616,36.973905
30.613730,34.073099,31.832983,33.809656,42.665483,26.756747,26.197927,28.825939,29.372102
33.101876,44.469345,24.747789,25.999480,32.895556,29.091061,25.767366,40.391237,31.055866
37.388852,35.656502,28.757062,39.414805,29.727220,24.341914,35.232927,23.090922,24.093862
37.936869,27.113831,30.853835,26.036045,25.135599,24.596472,30.754399,25.648539,36.137258
27.031890,43.350892,24.575674,23.855921,20.486220,24.463944,43.761955,18.986522,30.945324
33.771522,31.153967,28.117356,23.379188,19.987159,40.992494,29.068525,26.116720,34.739905
26.753806,32.273095,26.718283,43.831101,23.030421,30.548767,25.891860,34.878925,26.494597
33.349879,33.676372,21.209180,37.467026,29.238673,30.656590,27.314368,22.975595,31.507101
25.756126,22.953369,29.928485,34.474157,24.353078,31.356236,25.662709,26.724855,47.309417
24.875457,24.410020,39.428756,31.878051,24.425612,43.546177,33.309494,21.804755,34.572223
30.577643,27.288094,36.977978,26.933089,23.463244,46.606826,35.806162,28.493020,32.271023
24.992346,26.483904,35.927915,19.678864,18.912915,34.670216,37.520368,23.360351,28.627790
29.448338,38.359281,20.368556,23.982935,32.840895,34.201661,31.208646,31.754241,32.308527
47.039836,28.071908,27.458613,23.336729,32.375307,24.341913,25.235287,29.933576,30.099216
34.009893,43.581669,22.855176,30.742636,27.903583,34.099087,37.220563,24.769976,28.275549
45.308915,25.461699,36.556248,25.889160,28.894628,27.185514,44.205553,23.623703,35.580739
37.111142,28.723018,25.502826,21.660518,32.690711,27.838832,21.369469,33.709939,29.912814
37.967415,30.187665,26.367062,40.076504,25.677379,31.308411,29.740867,26.440725,29.202660
33.741877,37.975349,26.049675,35.075082,33.305932,28.566447,27.712086,38.837702,58.884875
28.133545,26.251268,26.295951,55.911608,23.983760,29.319538,30.581459,34.722619,28.709470
27.206543,36.190895,35.504053,22.973327,23.565910,33.979761,28.054773,24.622583,41.620089
26.659085,26.867355,24.813999,29.457762,21.603760,28.250113,52.628164,25.059617,45.944150
36.725526,29.433282,26.855711,36.638184,26.345281,33.985888,36.512768,34.470167,32.233429
36.852944,23.457447,29.517209,27.030723,27.602860,25.831338,37.315234,27.792791,27.528859
30.042336,21.404238,26.492164,26.389350,21.252606,24.704416,30.975973,26.527954,53.773708
27.327003,26.716481,27.035616,33.487338,28.452703,41.020416,25.120653,41.787691,38.981376
39.228673,32.029095,33.307209,26.692080,33.696452,42.537816,28.001944,26.018227,33.224787
30.202514,47.495446,24.029333,20.688202,21.510919,29.509066,31.521721,24.370819,33.245145
30.908472,30.464987,27.221348,30.690166,26.134194,21.360888,32.709280,21.944622,41.828981
30.085367,31.376989,28.587655,25.672882,29.906022,25.223455,38.048782,31.383897,30.209959
35.880588,36.465144,36.912069,31.344227,25.787129,35.491122,31.293693,27.224203,30.142314
38.861764,28.833977,26.967988,27.681599,30.709450,26.228997,31.815016,27.262887,36.468105
31.778859,21.201746,31.879029,28.022353,20.625961,25.315094,25.567788,30.609664,42.948822
40.965981,28.182708,21.732737,30.378399,21.540316,23.183908,25.235287,36.756699,29.571698
29.467801,33.500177,21.350562,26.178975,34.581035,51.487011,24.275459,37.700441,29.313823
22.660304,39.869268,32.100511,24.230301,46.144186,25.831339,23.385928,26.834196,32.695062
24.453163,36.191976,28.310798,37.484653,46.197451,29.403832,20.029260,27.239690,25.002775
31.566634,25.981809,40.715720,28.385770,20.931038,23.034581,21.209133,49.155062,33.350952
29.240326,35.598132,31.444083,29.842899,42.522794,33.633145,34.568147,35.996566,29.616347
34.552039,26.485917,34.160139,25.632857,34.185320,17.785277,53.956194,26.311507,30.597038
42.743619,44.952242,45.078109,34.894356,31.195364,26.730683,40.440894,35.691418,32.479016
32.661198,36.658062,23.774939,30.247162,33.578027,24.025231,26.417929,26.818237,35.251052
26.556440,32.234774,24.575674,29.062279,26.067513,29.605486,26.427849,27.852138,31.697329
20.893680,36.466207,21.559188,49.996627,39.813070,33.287326,33.511008,30.063175,27.719321
34.485457,33.040633,25.163125,28.112584,26.959072,27.245406,33.819383,50.600128,28.750137
24.461709,29.430020,21.664749,30.995727,23.671759,46.119490,25.332710,42.733156,32.574195
30.949127,30.368712,20.713015,26.559136,30.257349,43.303679,40.890808,32.947377,27.624416
29.961604,32.671044,25.785655,24.151128,30.525347,27.003288,28.001944,29.839359,35.106486
46.986323,22.919506,20.861179,24.675032,45.856581,33.153922,51.317611,33.195590,32.642539
54.635851,28.614647,27.447138,25.710381,33.279294,27.974258,21.980770,26.018226,27.040806
38.248990,27.040938,33.916718,24.397779,26.896423,40.418073,28.982266,52.410097,29.156733
29.260065,21.907074,31.729345,21.400389,32.292768,35.961205,28.619315,36.266100,27.238128
32.075577,27.977582,27.932305,21.762171,24.903420,26.411882,22.123087,22.521035,34.388854
39.181394,26.992124,29.322295,30.114779,29.507145,32.209878,25.772581,23.391878,26.637278
33.970459,29.007742,37.335764,29.454103,26.836648,26.977698,30.537021,24.887857,32.642538
30.926140,34.103758,26.595305,21.660518,25.070752,22.986004,26.218096,41.374022,29.912814
29.551250,36.063724,29.683087,40.657228,29.003036,27.112212,30.278771,45.881233,32.319458
27.833580,23.159743,30.025728,19.554341,28.650496,26.057768,55.099486,27.321900,34.412538
23.118393,32.957540,25.340851,52.289702,37.968116,26.796231,28.272929,27.908688,27.033229
28.849666,21.907072,23.398625,23.899337,24.763496,29.852156,29.154269,27.352636,27.139824
37.074308,29.928211,36.207227,25.450449,25.960127,37.209790,46.877696,31.378066,36.231089
27.761391,24.976666,30.179421,23.245472,23.355493,26.582259,99.724798,26.035181,24.463700
30.849975,28.501971,30.573198,36.457632,21.446924,41.218552,24.281334,24.869300,35.051932
31.595379,33.885511,41.550671,32.255473,31.523287,26.249555,22.566643,30.846633,41.571487
34.244967,26.766305,24.733662,30.403480,28.812817,32.153376,27.712084,27.224205,30.638751
29.043282,25.793629,23.382820,22.166045,30.508274,66.248987,28.427904,26.942650,42.073215
31.850655,31.470055,34.522518,21.866202,40.700057,28.618389,26.639208,28.178592,25.841722
51.337723,25.928922,34.939204,23.511391,30.728716,21.659703,30.462625,29.839357,51.150087
37.280922,69.036595,50.148342,25.106802,23.800740,24.452112,29.547895,44.114365,30.093103
27.327003,27.139958,15.900680,20.346728,22.753075,33.170868,24.634202,28.457611,35.011040
25.222898,28.656373,21.439385,30.431944,34.457148,33.754925,24.759026,31.298223,27.770118
30.263538,21.162042,28.806145,25.488604,25.766625,28.968989,28.521802,25.665984,34.511316
31.094839,29.222889,40.720936,34.494972,26.302673,28.632501,36.739784,44.848895,29.430544
33.243240,24.380085,20.191867,24.480662,29.706631,21.447918,27.988687,25.726860,31.285939
37.308879,20.317431,31.470303,31.391316,21.352710,27.254938,51.144950,24.380485,32.372711
37.345245,24.859629,18.558956,30.301177,28.826471,32.850423,28.268598,44.524253,52.539295
34.972984,20.708513,24.814000,24.230301,25.570173,43.163328,40.967224,25.767183,61.303046
39.882151,28.746307,31.680294,25.962809,29.773391,34.811939,33.879778,24.641511,35.523246
30.505218,19.494033,25.675895,34.616683,34.235774,38.639120,32.510783,32.506274,39.316889
30.183987,29.368186,35.739948,30.034436,26.678071,38.871609,28.895491,24.370819,33.870466
35.181770,40.587713,25.290903,18.902095,27.468076,21.216156,25.999808,23.763378,32.441906
32.630965,27.042870,45.985274,30.945773,24.618210,37.862031,41.100814,23.112442,23.919134
27.213450,27.264151,24.332637,31.709784,43.496278,29.281336,29.243567,29.599030,26.994821
31.363495,29.114879,47.564782,31.855239,28.345709,82.730305,28.453594,21.638569,28.991347
32.429780,22.496741,26.676988,25.185094,24.474996,25.782093,32.372692,26.789023,32.103684
29.109257,25.179438,25.440159,26.384791,23.618953,28.666990,22.429918,30.437302,33.255472
33.786324,27.018489,20.787362,28.948367,25.787126,24.758038,53.563457,24.741866,26.832870
30.885423,24.529031,26.203034,20.745874,25.698022,44.547846,28.173003,31.513435,81.725593
30.329879,29.886800,22.715202,33.956427,31.300026,26.967969,28.427903,24.622584,30.222087
30.908470,28.480024,31.952905,20.856616,22.033094,24.397137,24.032276,29.668705,33.451142
33.805586,35.177714,27.122925,20.803226,18.497543,29.132815,25.788212,38.066880,31.835867
31.790520,28.567606,36.884101,28.145873,20.486218,20.720329,42.938854,24.741867,31.433724
31.254905,31.061926,41.011550,31.997826,31.313927,31.038430,25.343498,54.605981,38.807316
31.301470,29.156849,24.440291,27.001161,24.950934,43.272458,29.908156,44.572435,26.438772
32.651612,37.435163,29.573691,25.891527,21.695813,26.364786,44.478368,32.940263,34.246636
31.927145,22.814601,34.544277,22.312973,26.259930,31.166719,22.708448,21.298314,23.860320
23.898047,31.357446,29.983433,33.679228,25.766626,24.138334,27.806390,24.390141,27.410541
27.378983,24.741481,24.347234,22.166046,28.735992,28.034127,27.721102,27.441801,26.172230
56.587022,57.127120,25.587684,28.771967,48.018745,30.879403,29.056220,29.079165,30.018787
22.373649,23.912094,33.111877,30.301176,22.726734,24.518620,25.461481,27.625938,41.087102
33.902922,30.660239,27.619447,22.831760,23.852747,27.511377,30.903676,32.919087,28.668688
25.169690,24.712344,28.509100,23.727541,23.276128,24.341912,25.348888,26.336369,31.217204
35.244502,27.042868,20.881030,37.858305,32.975104,24.596473,26.427851,25.461157,42.760022
39.751085,27.216133,26.190433,23.774234,26.154122,31.429974,46.710170,33.872425,32.887198
27.153900,32.941134,23.774939,37.379792,26.713099,34.631111,27.136981,25.784470,21.198386
33.384811,39.345649,35.017692,30.114781,35.731136,30.837530,43.067981,38.300341,29.987652
30.023610,30.543083,27.011932,22.926333,23.090231,27.077180,30.614755,29.566222,33.899701
30.673131,27.337747,30.179422,31.734381,39.968621,32.911090,26.938169,22.953818,35.047424
31.993283,26.223338,59.989253,20.165757,28.878301,29.033227,23.123579,21.336225,26.057556
28.140002,38.752264,24.695412,47.563657,26.279670,36.726048,28.177365,56.734566,25.528053
47.006241,35.700710,31.364249,41.419202,22.896941,26.212175,24.893783,25.461157,23.204223
24.875456,29.600101,31.881569,29.706880,25.433983,24.704417,40.455723,37.790364,36.222644
27.015763,31.192089,23.702790,23.110201,22.585159,24.573054,25.229848,24.037908,29.692689
27.236235,27.240162,37.878333,25.224054,28.034222,25.337162,37.737896,34.046529,33.972709
43.991672,24.859629,20.787361,26.765813,23.828781,32.146530,64.230857,26.091439,32.163333
47.457710,35.571117,27.808672,19.742573,28.183687,25.880395,33.048595,30.466130,22.770715
35.742137,33.253973,27.827688,26.728997,24.837354,29.395644,28.699355,27.457045,30.898281
39.965946,20.873361,30.820175,22.213094,22.441787,22.629974,23.648716,28.724304,34.459524
27.898830,29.392098,26.891631,19.489392,23.724330,29.303063,26.218095,22.265560,26.106897
29.929635,30.773520,22.348852,23.553223,21.252606,33.223958,23.917901,36.859741,23.193936
28.605973,22.387827,24.084644,35.977914,23.671759,36.198817,35.168689,24.995443,27.900086
33.712181,43.933300,27.891215,37.994863,25.895949,26.654853,24.519626,25.207875,35.295836
28.727396,31.777119,37.537001,25.373789,22.149413,27.405609,24.287207,29.079166,23.592305
36.529062,26.664486,47.417895,24.758664,19.987159,23.569883,41.642620,32.362662,34.946849
26.105461,25.573300,32.949327,25.559720,26.236849,26.057769,31.811594,21.025060,29.622659
32.604020,24.830769,32.210122,28.049809,27.694938,31.260439,33.514093,27.640978,43.552437
30.885426,25.600512,30.795557,27.679529,24.573176,29.149483,27.716594,28.582250,35.201414
36.174733,27.769404,22.822020,38.311400,22.700331,31.396742,30.127039,27.034535,34.790589
28.433571,25.957488,24.154533,29.708679,25.275013,31.879236,21.046338,29.744544,35.421208
43.907680,33.709007,32.271711,22.312973,23.196217,24.012964,24.645612,65.172894,37.762429
25.839938,30.582738,27.932303,27.519135,39.804462,26.684704,29.904281,22.792971,28.366153
35.911979,33.710250,25.833710,28.266330,22.468799,21.589570,30.443951,23.613409,39.171517
28.288519,31.230115,24.069729,25.337758,32.152790,25.326132,23.258695,34.888360,32.944051
31.888944,23.192908,31.864541,25.146009,29.592978,25.672302,31.591218,53.870753,29.241967
32.108377,23.057017,34.407441,33.804095,42.888867,39.136656,32.777060,29.579354,29.307379
24.729873,30.698093,27.252842,23.511390,31.387861,46.196437,39.989416,37.538281,28.586774
26.055800,26.433010,35.575287,39.741584,23.166623,23.712566,23.777948,27.881716,39.788262
26.055802,35.983543,23.645675,25.185093,21.820539,30.422846,37.535127,23.623702,26.008027
35.455421,21.792171,32.701233,23.066745,39.995606,31.702986,28.072360,21.162568,35.782687
43.724567,39.731639,24.575674,21.342722,23.085950,26.997133,19.442936,27.156979,95.690582
33.677927,31.470057,26.458832,23.899336,29.740049,26.730682,31.951175,24.380484,31.580135
25.756126,25.983901,29.973810,59.717497,24.881436,31.322849,25.567788,34.362006,25.065169
32.381529,28.208669,21.369514,22.503826,21.632906,24.409021,20.376848,28.450518,25.833427
31.483227,24.380086,35.764989,41.988103,22.783753,28.025119,32.481268,37.942411,21.383128
37.846318,32.185984,26.400626,21.557902,28.452704,57.858082,25.224407,31.241522,40.269861
29.848289,36.832717,28.390451,45.991590,21.967381,28.968989,27.033201,28.738218,28.938139
28.782491,25.092614,25.313889,26.663991,20.695128,23.783267,36.140418,29.006628,33.694292
31.042347,26.511288,22.202401,35.614601,22.121614,25.067852,26.432807,21.638568,31.808188
32.134653,26.171426,27.630777,23.553223,21.317772,21.965172,26.422892,27.735766,48.765151
26.730188,20.274183,29.497342,25.891528,23.516752,25.782094,25.004964,23.901433,31.142452
25.509217,23.090478,37.092138,31.293761,26.193889,40.519785,27.337558,32.980729,46.509167
27.304367,31.246921,42.100570,30.006972,19.113931,27.467978,23.899727,22.815055,28.621033
31.232365,29.989331,33.561809,23.730360,22.383010,28.308822,30.845607,29.901498,30.216023
22.182902,27.931992,20.191867,31.371017,28.455519,26.374963,28.808194,30.615792,32.087554
25.697365,49.914451,26.516782,33.224656,30.969713,26.317519,32.510786,23.215768,47.371801
19.511189,40.277421,27.427590,30.968290,23.541357,31.403923,45.693782,24.906386,28.092581
29.798817,27.018488,33.845881,32.981985,40.892439,22.342537,26.746061,20.819698,24.804697
28.782494,23.427599,23.308218,27.098308,26.130855,29.899731,39.354010,42.130939,36.539511
38.742798,27.886248,26.483514,23.556082,23.409492,33.626884,20.888921,27.449425,34.795166
37.830950,34.167338,26.096764,32.599499,23.565911,24.584767,23.784071,27.141398,28.857749
32.546636,41.250213,25.881587,29.431040,34.274482,39.638220,34.326097,50.508102,43.312302
30.408673,28.094496,24.263771,27.865896,25.983704,48.732685,27.516951,26.552411,34.112749
30.541471,36.506349,31.437948,30.456939,20.925828,27.077179,55.833554,25.537593,31.879850
33.499661,37.910530,20.973867,27.131974,42.133680,28.399212,41.644622,33.134742,33.982306
55.676283,29.908311,21.836631,26.210422,33.422212,26.116361,26.741219,31.946507,44.236909
34.552042,34.460798,19.258168,31.564580,20.894675,23.109485,26.837651,32.517139,27.380571
30.755583,34.565480,26.425417,30.455227,24.229926,27.659276,31.141000,27.743230,26.637279
31.595376,29.865260,31.552198,26.526253,33.254678,29.533432,39.765282,28.819027,21.297263
32.226073,26.249218,41.168330,21.504510,21.476496,29.008016,28.606621,23.492764,39.054362
26.532471,32.079727,19.513700,34.492302,26.047452,32.021610,36.729516,21.149740,45.419151
26.373042,26.865399,20.954191,31.542906,55.856884,47.432926,24.502334,25.243972,30.074372
24.757459,32.465511,32.679374,27.679525,34.664382,34.914046,25.646923,43.337217,64.845081
29.279779,31.886783,22.202401,29.089682,24.807842,31.282153,23.385929,28.284178,30.055990
32.957858,22.094014,29.169575,33.027431,23.776670,25.792735,25.999808,25.893313,26.684503
33.369650,32.671044,29.189890,31.464889,34.977168,33.272837,33.636873,31.837483,40.807036
26.501180,27.016553,23.744304,29.597887,21.510919,25.880395,39.863533,44.998617,26.229193
30.696498,41.013543,23.173683,24.836586,24.206702,28.952114,24.645610,24.622583,25.398896
31.375465,41.345867,26.676987,21.713147,49.247676,22.629975,32.793175,29.946386,29.071001
38.392897,28.591147,35.979447,40.598207,29.307581,24.037484,66.758340,44.406265,23.541840
28.225062,32.062409,26.002418,25.148518,24.859415,27.273981,21.038516,34.066329,27.806418
28.475290,34.351874,26.471177,53.647577,30.207651,24.094112,25.445445,51.148384,27.936048
30.791253,47.997662,34.624564,24.914025,32.637502,32.243950,33.831489,30.143366,25.180306
30.421403,29.349158,22.855179,24.475367,27.136000,35.811885,24.287206,24.977045,26.558524
36.110082,37.449887,26.342163,24.519258,29.086476,25.611659,31.144572,30.894838,34.818298
31.152421,24.592774,23.902812,29.005437,23.409492,23.911052,47.431721,26.424286,37.010579
27.327005,25.432008,39.585058,39.071523,22.783752,27.857086,28.615083,28.374725,50.136589
46.119221,26.791147,37.686826,42.558286,36.093863,34.697476,27.526096,30.472314,56.655600
44.241730,22.885543,23.097722,32.893650,34.835528,28.609743,29.324271,25.936067,47.331836
29.325074,47.839418,20.881030,26.594178,25.875620,30.768403,26.308389,47.449532,35.492230
34.230557,21.716886,22.476304,25.962810,25.831449,28.367288,29.571676,26.440725,23.652459
33.873509,34.808248,24.865878,20.226441,25.067121,35.017680,24.293077,34.228670,23.521841
25.449311,33.402130,44.260858,19.927282,82.718568,28.794755,29.492323,34.118970,24.940065
26.397302,39.993929,29.938137,38.045136,31.507273,24.506841,26.213057,25.901875,29.603716
33.568829,28.899808,23.530610,26.926522,31.768182,28.439819,27.230634,28.635958,36.643675
22.373649,31.740391,22.267149,26.629129,35.176504,39.008996,26.741220,65.431991,30.501004
25.501359,42.208375,26.823277,32.246317,47.643536,27.371322,21.216829,29.171600,32.071412
27.008757,23.752785,30.223999,28.145874,31.255927,26.105981,25.229848,21.980338,38.088906
25.257433,51.726768,21.439384,27.895697,34.160040,26.525710,27.342193,31.253286,23.204223
33.980661,37.373527,34.237068,28.593377,28.558896,24.887461,19.837657,22.674585,27.565795
30.996617,35.250680,39.157554,39.071522,23.030421,28.724010,35.808867,24.438311,21.517000
30.457861,24.472027,31.697518,25.067473,22.441786,38.181425,40.000252,59.204542,29.881836
27.038884,27.507330,26.425417,25.782668,34.313110,28.763703,20.880982,31.395554,31.978626
29.344701,25.489147,22.777074,28.975984,21.417269,31.330062,42.955767,26.222828,30.428671
27.229342,28.021229,21.732736,40.464530,23.355492,26.212176,29.332324,27.058085,30.620681
29.880432,29.113212,25.894491,29.231492,24.497717,31.616359,30.447687,27.247427,34.165306
31.960247,27.649718,41.564189,31.468095,31.786185,33.985890,41.520537,28.101325,29.987652
26.885423,31.815154,25.163126,31.221007,34.737940,28.185514,44.029554,23.654531,29.762385
25.756127,24.830770,32.866244,34.285679,29.595582,24.286437,24.032276,46.320347,31.691814
21.848199,25.404434,27.932302,34.351428,19.953003,29.725326,25.450791,31.580686,30.620678
34.566183,24.976666,26.425415,23.686323,32.165962,49.526096,24.988337,25.312764,64.657333
28.741660,35.855990,26.143682,22.694578,26.193889,42.005169,25.010501,24.986245,41.245557
27.948706,25.349107,27.838850,26.561383,24.202808,32.547895,23.258694,32.208598,30.956881
30.750177,27.313889,19.171467,28.324200,31.534695,23.968277,25.793419,25.174804,28.177391
40.415822,29.579756,31.910495,32.209354,20.925828,26.374963,27.042676,32.448265,23.662351
28.869946,26.614282,26.320937,35.325800,26.594848,22.114772,34.878123,25.013809,31.078815
27.206544,31.137063,24.628562,29.979457,25.677381,28.560947,23.784070,38.315991,33.250157
27.571514,30.641278,26.529076,45.212443,22.296558,29.883888,20.696811,26.197750,22.994749
35.772550,25.573300,25.163126,26.526255,28.143591,25.998913,27.917848,39.080874,64.549883
33.510164,23.492336,24.288743,23.683496,23.880663,21.828370,32.718988,26.035181,24.894922
44.201156,28.366274,24.996704,24.598702,27.468077,27.744749,28.949242,27.530389,83.642691
29.043280,30.909073,29.433563,27.869983,25.500507,24.341914,43.534910,45.245658,34.892067
28.041431,22.531885,30.853835,26.210423,33.985951,24.409022,29.129804,24.257610,30.160964
37.066881,30.349385,30.291109,31.614188,38.970113,31.132920,29.480371,26.826218,42.054437
29.272004,28.458046,29.254736,40.347141,26.003863,24.518621,26.624559,22.663409,36.425910
20.765113,31.470057,32.512455,26.901115,19.581050,29.525313,25.783003,23.370868,28.359267
34.849542,32.462828,25.942141,21.965964,32.813500,25.956965,30.540733,29.412298,25.233136
33.095789,24.007646,27.995358,27.836033,25.766625,28.258979,22.559841,25.092990,31.003397
31.466178,20.051617,26.024164,24.639540,23.487961,24.150475,44.516824,25.452297,28.490752
32.661198,24.317607,32.949326,24.636926,23.516752,26.684705,42.632639,28.457612,28.573216
41.808479,22.708723,27.178080,28.773886,24.785689,26.887271,26.837651,29.605586,28.177390
27.855365,28.344117,22.573482,40.287197,24.330088,25.348181,31.883239,23.675041,43.690302
28.983086,30.776506,25.929286,25.257926,28.163653,34.815637,27.801912,37.141912,28.497570
34.101675,26.117234,24.945367,22.552597,23.675831,25.285971,23.258695,37.355554,30.086986
29.785547,28.412234,34.771865,21.969254,33.734410,27.405608,29.736951,29.976165,32.542529
24.376741,44.535881,22.184845,28.177084,24.689196,27.229818,38.148913,31.097838,24.722312
48.210339,24.224490,49.069932,22.457988,23.384610,32.226013,40.080098,23.482355,26.478810
30.109651,30.068352,30.485949,36.330418,36.512572,34.111260,31.069473,49.240398,46.120873
28.802863,28.857088,29.527131,21.504510,22.028392,31.274920,32.838140,30.075876,24.957856
39.156048,23.192908,43.420063,24.876647,27.468076,29.387450,26.837652,37.645192,45.094279
30.457859,28.162042,24.589985,118.183940,28.722250,32.162731,25.999808,41.196753,30.774910
31.539401,30.168103,57.180586,23.683495,33.159936,27.396182,30.525874,32.121708,22.931092
26.932074,26.639408,19.474973,37.395223,35.501994,24.162602,25.999810,27.133601,29.610032
43.145959,22.531885,38.945960,40.598207,35.745367,41.038346,24.263701,28.008997,31.297254
33.434782,26.302867,33.690348,32.579185,23.800740,27.720512,24.525386,42.127702,29.104127
26.023354,30.984954,28.168693,28.944580,20.344545,23.510700,27.521525,49.844226,23.461016
27.593712,28.656376,31.801363,26.484244,23.330495,17.203284,25.120654,41.127913,29.718175
25.423205,29.072788,28.736132,30.869701,22.757482,28.890618,25.120654,29.489462,50.939863
27.423971,26.328591,27.134673,38.243818,37.207874,26.270082,27.230636,37.841183,32.340652
30.366554,31.173766,39.505399,22.020419,32.165964,35.232438,44.877093,24.133478,38.620980
43.146806,26.377862,26.471177,34.492300,27.194467,28.149833,32.647714,34.151773,36.614530
25.586846,34.912023,41.537134,21.022353,19.803570,29.826181,72.645976,39.550995,27.395794
31.757059,27.481894,30.718741,30.378396,32.947935,26.730683,27.332923,54.270830,28.477102
26.985584,30.447304,25.551949,34.185508,20.956890,27.607057,31.367724,36.090763,23.919134
24.965277,29.986193,24.401114,22.552597,33.618264,23.841108,27.211940,27.822496,24.885984
28.379039,31.706394,21.439384,29.927820,32.758565,33.279231,40.183250,34.389492,28.504389
32.630964,26.197407,20.617809,27.196912,25.742651,23.510698,25.461480,75.005941,29.462477
25.449312,24.560943,33.460895,29.034828,24.448421,25.004238,39.250950,26.001250,36.141498
37.839184,29.474349,26.529075,22.359405,22.383009,27.086831,34.672070,46.641675,29.736975
39.279149,26.941188,22.412759,22.457989,21.317773,28.340879,26.004930,33.047401,35.079227
36.791808,28.024826,32.240942,22.882175,23.979794,47.701221,47.108044,27.426542,30.148409
34.999310,30.677676,28.300005,26.594177,33.628301,23.109485,30.603662,29.072373,23.256164
32.113332,27.530854,24.332637,26.998982,31.982748,25.901510,36.121842,43.816576,30.446969
25.612617,33.056944,25.098748,28.597259,27.179124,26.095592,53.034772,23.492766,29.628971
46.644734,26.689517,28.658393,34.818099,22.527129,36.579581,29.575634,53.445665,28.212648
29.279781,19.774950,43.153196,29.204354,23.196216,34.964106,63.468978,30.568820,44.736810
28.133545,28.117046,20.170637,26.384791,27.271013,30.300762,31.151712,32.977266,42.089036
35.959129,32.618242,21.885521,24.916579,33.422213,33.081208,41.280313,27.610880,23.919133
28.246245,31.172316,35.135818,27.263675,56.386657,31.152141,21.046338,28.248245,37.358203
28.019936,27.381572,28.921416,26.591934,21.910782,20.262403,23.771819,22.242369,41.674759
29.467801,26.430989,34.502907,39.940302,26.426817,26.582260,25.678473,30.302481,19.077307
23.799976,26.064894,31.005760,26.556884,25.182244,23.569883,24.531141,25.452297,24.416777
38.328567,24.859629,34.353278,22.601157,25.203703,29.449879,63.760418,30.562675,29.365683
32.535512,34.275024,27.786289,23.939825,34.917672,22.129234,27.993107,41.061091,29.825152
26.023353,28.412233,21.885520,32.250897,27.055574,34.235712,22.263596,28.171359,24.161034
30.577645,30.907596,32.798832,27.196910,32.745872,32.490109,38.184529,31.952132,34.702596
39.719989,26.433009,32.465742,48.333704,33.014738,29.449880,37.471145,22.837099,30.068245
31.261726,58.133170,29.018306,22.359405,22.061117,22.342537,27.526099,26.116721,32.616535
25.089457,33.562294,35.984127,23.020131,22.611832,42.787606,28.085538,21.780572,41.591091
26.080655,44.176309,27.819852,28.508122,27.921067,42.261275,29.555824,24.760615,34.308198
30.984352,61.613155,30.205051,22.598051,21.412293,25.004238,25.354277,27.994350,36.341721
43.290649,26.840695,23.661130,27.806102,28.235040,26.105981,29.904280,32.722026,28.456180
25.973379,33.978336,41.904427,36.255244,24.054591,26.628591,29.822799,36.316911,48.467069
25.222897,32.685080,35.083885,50.041612,23.647426,29.487645,34.738152,34.465332,39.058202
44.841447,29.888382,21.527477,49.899952,38.308472,24.428417,27.621672,31.848806,28.924905
28.412666,24.770547,43.607396,22.742533,29.423446,31.832969,30.187902,41.556450,23.977659
27.622578,37.873309,21.490095,23.899337,37.279906,30.485934,30.831039,25.665985,36.693599
40.728906,25.349107,34.495638,20.286762,26.384473,35.955724,39.210490,37.343203,38.527023
32.059151,24.102446,51.850217,32.137616,33.825964,30.688694,36.572375,27.994352,29.743234
26.808029,32.117054,28.580227,23.153495,21.095611,39.456889,32.069355,27.329593,33.704042
39.630896,28.253373,26.413027,25.335287,24.666830,20.359060,26.117026,28.582252,29.064448
28.632833,34.334379,27.838850,52.758356,19.809386,23.378489,26.422892,46.828155,27.192810
25.653882,24.531376,28.128290,28.326176,24.811548,21.828371,25.683724,23.773543,36.940982
53.434088,25.376799,32.858238,26.208113,25.157142,25.399121,34.273161,24.878582,24.894922
26.187055,25.235508,28.774845,24.951289,25.742651,28.529382,30.229648,25.758531,26.430849
36.289340,31.904299,41.264073,25.450449,27.274078,40.588219,25.461480,22.975596,30.031075
29.829319,24.163621,34.123042,27.739864,26.575575,28.635661,24.145574,29.412298,29.736972
29.319129,38.652395,33.873799,24.916581,34.690831,39.893213,21.377049,44.108466,26.318420
26.373041,33.334327,22.916295,26.629130,26.507853,28.117339,47.206082,23.633989,49.884063
33.801117,32.115682,23.572731,23.508519,29.788750,27.563960,35.586197,24.257609,26.589887
23.540574,29.433282,32.693143,29.790787,20.695127,23.795773,27.230637,18.750147,29.526914
32.328244,32.223065,31.599060,26.353758,29.496734,39.881505,78.258153,23.685280,32.060310
32.583306,27.042868,26.354619,23.556084,48.814070,24.940299,25.881524,23.871239,40.499241
41.036308,28.186264,30.963408,20.108629,22.611832,32.514454,35.746681,34.856932,28.317472
42.925174,34.023345,23.324126,22.500692,21.222406,31.702984,29.822797,26.756978,34.025702
38.667288,44.303721,29.443544,63.447904,23.355492,32.219194,23.398587,25.784470,21.210700
27.861951,32.687726,27.973273,29.731312,24.815255,48.232003,27.530666,28.360456,28.387208
20.422424,27.238260,27.166368,24.876648,25.960128,26.618606,29.133885,29.058778,27.668334
28.523173,30.405766,35.952700,34.533862,23.565910,25.119933,30.134669,28.825940,34.279945
31.539402,18.434472,26.446474,23.153494,22.177143,27.983300,31.869605,54.180926,49.205431
29.531898,26.892011,29.396568,36.269233,29.974438,42.153337,28.359244,27.344958,36.021350
23.306461,32.396417,23.021259,19.229458,22.061117,24.992914,24.032276,25.975744,25.570991
34.742166,32.634977,37.526561,26.626892,36.500645,26.057770,26.096702,44.051393,45.500221
35.694415,43.951748,24.709583,46.934823,43.397622,28.308822,47.627785,23.633989,37.116387
36.002217,30.107710,25.390601,21.709781,32.485426,23.712566,23.511795,28.367594,27.238127
25.948319,26.328592,26.778712,26.559135,23.776671,31.517625,33.048596,33.576462,32.532068
31.701657,41.494535,26.458832,33.248499,26.795592,29.653853,35.975405,28.656952,33.184295
29.023244,28.458044,22.681635,23.683495,26.713099,39.067681,28.619311,20.832938,28.142043
24.875458,26.536610,23.572731,32.555849,25.476029,21.604743,24.865811,40.232354,35.363193
35.122966,34.566664,28.707811,33.724213,25.851846,22.707568,31.739619,31.389726,25.241830
31.673103,26.664486,22.522458,27.226053,39.472033,32.596376,32.514063,34.094290,30.851448
25.397049,29.264551,36.766075,24.063218,24.715258,38.018405,24.275459,27.321903,30.727702
27.206543,34.972698,37.184969,25.519340,29.169438,25.223455,28.457870,36.322760,31.978627
26.292599,29.221234,37.335765,29.149934,21.939117,36.421257,29.488341,30.223133,35.070225
33.722543,29.158512,41.078813,26.996805,22.414708,24.769579,22.284535,28.207490,26.840559
31.862262,38.175851,27.221349,25.067474,31.723110,29.234759,25.567788,40.788211,32.244411
34.382750,31.097350,28.598231,34.837196,29.903472,24.887462,34.384734,34.759044,26.057556
31.850654,22.674124,30.576930,43.856018,25.787127,30.541180,27.797429,58.841281,24.993913
27.206542,24.770548,26.249574,21.450853,45.626465,26.618607,26.629444,23.891376,33.987097
29.240324,26.916623,31.648364,28.566962,35.446053,26.987420,37.640453,24.247848,28.545640
24.273832,28.321927,24.332638,27.801997,26.469025,50.219805,27.042678,31.474902,31.523827
32.839175,30.249284,25.466854,33.936328,26.114236,25.171800,24.982789,25.470013,30.501002
37.114850,38.619436,27.523853,27.961199,33.083355,23.853552,24.645609,24.286851,34.078817
26.187055,31.522503,33.432278,27.066727,24.474999,47.140425,28.272930,37.814465,32.959349
26.760945,39.214985,23.774939,43.126061,22.866567,57.370022,20.550384,25.665984,30.997635
27.497941,26.791148,24.945368,22.408805,20.993036,27.131455,45.544098,63.260461,38.992083
36.466834,22.953369,23.774939,32.160030,19.194404,41.660830,32.356160,28.656949,26.478810
37.791934,25.902397,18.319801,21.454301,31.392489,37.875027,29.154272,26.874008,58.610875
35.936946,29.743344,22.556499,21.611030,25.834868,43.504071,58.934916,26.950557,30.602950
33.308867,30.048636,32.986734,21.346206,25.228714,39.773667,43.500204,38.399167,32.130853
26.348737,32.204534,27.350335,22.216309,28.683649,24.101841,33.058108,29.489462,55.031527
25.697366,25.518706,24.029332,27.455715,30.771936,21.111334,30.529590,28.819029,24.463701
31.522417,34.896240,34.075419,30.665554,25.135599,33.380540,24.281334,34.620822,27.343135
29.174938,31.688664,38.085817,33.270877,28.508703,35.264532,40.709949,27.618411,36.201273
42.862620,28.117049,22.681636,23.982937,30.162798,24.758038,25.004964,25.893313,32.783528
32.766898,27.139958,32.777102,31.994722,26.896423,28.358493,22.416143,27.367979,34.088357
22.833390,23.123843,23.702790,27.488513,44.386574,22.721285,85.499599,30.472315,32.793829
25.898055,24.651543,30.009396,27.711795,29.525398,38.585629,24.639907,32.779072,29.430545
30.535995,36.260922,26.516781,26.526253,24.524185,26.922800,34.821137,24.878581,24.170518
30.263539,36.328539,30.249551,23.771426,40.031069,33.409949,36.087358,27.595809,45.570313
26.501180,23.327224,24.982858,35.152805,23.932323,37.065236,29.969908,24.688708,23.266397
26.397302,32.939827,29.610247,36.420348,26.449567,27.520726,28.457871,49.011400,36.505793
27.008759,33.171946,29.837424,25.745379,27.077281,36.350325,20.880983,35.068160,26.438771
39.129640,28.591148,42.599794,33.957805,41.315828,26.674762,20.873037,27.418907,30.886673
30.342677,35.968685,27.691846,35.994568,24.976452,35.238141,50.120458,25.452296,28.226556
24.582556,31.797547,34.522518,37.206381,25.203703,32.427853,26.837651,24.741867,26.840558
27.008758,39.662018,26.190433,25.221560,28.342871,28.308823,22.715162,42.171843,34.174795
47.980918,23.359916,27.699762,24.953839,33.412054,35.589373,27.617133,29.489464,24.777109
34.106070,36.066985,27.197988,21.078212,36.036243,22.693836,25.338104,26.214475,33.250157
30.505218,26.273003,30.990446,23.896559,33.344784,26.047342,26.333382,38.319900,32.351238
35.437911,31.580449,28.128290,23.466528,34.493454,25.388145,24.157446,25.004630,24.227837
33.365060,24.350078,25.614072,22.601158,26.446308,31.839953,24.403971,33.900708,53.614792
27.710840,24.472027,32.752932,32.463670,22.948787,25.285971,29.150195,40.540707,29.274708
29.155082,30.597248,28.310799,23.421495,19.878567,34.117339,40.584282,32.910309,26.574216
32.703848,36.603904,23.774939,25.559720,26.067512,24.230707,29.815009,100.332920,58.058912
30.023610,28.163823,34.070194,26.526253,29.291713,25.212325,25.897024,31.725744,28.763529
37.512922,20.274183,26.165197,22.929350,28.667079,23.770749,27.037939,37.015324,53.417510
37.970959,42.702063,27.276106,27.961199,19.032774,22.114773,28.982266,29.006627,30.258795
28.358052,31.432608,29.152273,29.293013,33.240292,25.732661,31.065884,27.807651,30.962660
35.087264,26.115163,23.887668,30.559905,28.289059,24.769578,24.032276,24.123616,41.425405
37.293072,37.085674,27.373436,25.412175,42.473751,28.043129,26.004931,23.360350,24.649057
27.183706,20.832393,31.056965,55.727604,23.594509,29.273082,31.656953,40.690264,32.715775
31.539404,29.262900,23.902813,27.230335,30.478973,46.828099,27.975418,34.926057,28.205691
38.657033,25.849185,27.711024,23.291191,23.700105,38.487764,34.686465,26.336367,35.170101
28.288520,68.957316,28.259980,22.694577,29.241339,50.995935,27.603506,28.649958,26.318423
38.222388,29.640709,24.425808,31.248007,24.573178,26.095592,46.379535,20.623713,32.637338
28.090803,20.791263,34.432284,24.596079,24.621974,33.973627,22.436799,27.344959,49.825588
29.999185,29.744939,23.382819,24.151130,22.809962,29.102481,43.587776,25.827584,32.954247
32.167329,25.064290,27.619445,29.486258,31.898166,33.147477,32.641217,28.784419,40.658945
24.302462,25.793630,27.932305,22.408806,27.812884,31.222243,52.016374,31.952130,32.876953
24.489902,27.361563,25.340850,19.989421,25.980325,24.992913,43.877296,24.511692,31.462066
32.818765,35.455875,44.926028,26.104212,23.904525,30.661362,30.544450,56.035046,57.682187
26.549190,26.842655,25.627246,24.596080,20.657928,33.604128,28.177364,68.905196,25.966523
29.576423,29.328463,22.977089,32.780341,22.154062,26.525709,20.865087,35.315185,19.943516
25.671763,36.066987,28.054852,27.131974,28.790899,29.052257,24.877008,36.274831,29.104129
26.525206,30.109270,26.367063,18.762512,35.629460,28.480309,41.730246,26.724856,29.856627
23.479462,26.143325,20.713014,27.899776,27.040072,27.433848,20.191816,28.514224,24.649056
40.610391,26.302867,18.533818,34.017962,32.935378,29.365851,24.645609,36.305344,20.207114
45.781385,32.150189,27.554658,23.771425,27.584972,29.171407,46.839851,33.337293,26.326412
35.763342,26.249219,41.968867,28.177085,35.969672,25.672303,28.724560,31.016541,25.613787
27.688825,25.349108,23.189772,27.806102,31.810877,21.447920,26.746062,26.842167,25.850014
39.122968,21.826658,24.454760,35.656088,30.461844,23.968277,26.716982,30.298384,31.563129
32.973401,27.765740,30.338160,68.974258,74.121014,32.479155,17.808099,40.584882,62.136345
23.640805,25.902397,34.070193,22.068088,24.715257,36.514571,29.488342,25.648538,29.011504
29.493115,26.143325,48.827291,38.960828,26.067513,31.038429,35.407676,32.375509,32.201089
23.898047,33.805283,27.501004,25.928397,25.611772,27.327476,30.518437,27.117994,32.861262
65.219103,42.600248,31.314042,28.685844,28.894625,26.116360,24.770318,27.807652,43.655112
39.691086,26.430989,29.480419,35.291191,25.045425,31.099046,27.608049,26.842167,32.783527
28.869945,31.561156,20.861179,25.180091,24.353078,25.700556,36.737215,41.877304,29.110663
26.908768,33.387429,24.982856,25.064948,31.000467,29.226476,40.755837,28.381857,26.277894
28.496104,22.848775,31.335226,39.573508,27.525143,31.159431,27.225965,26.336366,26.008026
43.418343,25.983902,28.997753,28.651866,30.227563,28.890618,31.883238,49.215151,37.063554
26.130221,33.073236,26.956093,25.185092,25.114021,32.867686,22.559841,33.501648,27.675565
23.770122,34.429573,22.429960,31.806380,24.692939,24.822920,34.743893,27.800223,36.965563
26.080654,45.843731,37.639866,34.997010,36.081656,19.735038,33.318861,29.738054,34.914800
20.422424,25.820380,28.746601,33.069848,26.836648,52.438490,27.716595,39.558335,24.341668
30.785860,29.516926,26.434104,19.428213,24.855724,27.121836,27.127572,23.268918,51.498078
30.250676,21.754595,28.619362,25.672882,29.969363,28.167685,39.806817,26.424287,35.514465
48.593444,32.738984,26.979874,37.101096,22.726734,28.952111,26.313392,32.789755,33.802158
21.883524,31.882618,18.858032,29.319985,24.303195,24.530387,24.281334,25.555191,28.007260
29.961602,24.651542,23.398625,43.513302,29.169438,37.067131,29.826691,34.332805,28.078542
35.240384,22.989803,22.838610,25.337757,24.741263,35.459440,26.106868,22.543656,21.505035
30.673133,40.674889,29.590507,27.711796,26.322348,26.422024,43.058636,24.869300,23.409982
28.084323,30.328496,30.623106,32.622776,32.305827,28.093740,23.654905,24.732483,24.341668
36.174735,33.320833,30.981438,28.085256,25.656703,25.841940,27.801912,45.411315,30.548915
30.683996,32.905652,27.166368,17.431788,25.160744,30.683931,22.835231,27.156980,45.234047
32.823508,27.767572,31.165116,25.185093,24.082044,26.327734,28.268596,28.710380,43.222663
47.773042,29.114878,23.846653,27.096148,25.831449,26.740585,27.235304,27.633459,34.421887
29.570579,27.337747,28.795720,24.235707,22.093744,28.034127,25.120654,33.522102,27.230662
24.646746,30.543084,34.718838,22.601157,42.320883,26.458812,26.629444,26.934738,29.520561
29.279780,31.832742,30.018998,26.315778,24.998270,26.201872,29.733033,27.247428,32.362139
34.747690,34.837628,23.189773,22.882175,28.200826,28.185514,29.650604,29.895075,28.414668
31.380655,27.434640,23.645675,24.839159,27.941449,23.536278,60.451594,23.871238,22.651294
36.541718,21.283829,23.614704,27.616841,32.325420,28.666990,29.388502,36.553177,52.309391
36.382756,26.117233,26.425415,23.724723,32.403450,28.546765,28.432188,26.638912,29.526913
31.711824,27.458288,30.607406,23.110202,46.246334,27.022684,23.771820,31.372233,26.115019
29.383874,25.983901,35.142824,20.047228,20.657929,45.427953,37.367348,23.247687,29.494729
27.213447,24.410019,35.682966,46.152604,29.821986,46.925293,28.610853,42.412407,37.173066
32.870472,28.478283,36.342006,28.177083,47.643537,35.972145,30.533308,27.987020,28.971570
33.936725,28.277439,27.427590,40.059101,31.195367,29.479503,19.248770,23.891375,62.213682
28.653419,35.394592,23.572731,30.089217,35.353635,22.616146,27.225964,27.216454,28.736734
30.505216,31.633941,23.831437,27.776111,20.858186,23.047911,34.308450,23.773544,24.519658
32.424927,28.523884,25.453513,32.068643,24.785689,27.857086,57.169995,28.185821,19.571201
27.710838,42.990408,28.619365,21.765521,30.242464,27.857086,31.667319,27.515228,32.340650
55.348324,29.741746,40.759499,37.101094,22.757482,26.422024,31.229970,25.884746,34.762835
27.927069,36.204488,28.490985,26.998982,27.812885,20.199566,30.233439,29.243324,31.342761
26.005951,24.770550,26.799219,62.164239,24.789402,22.129234,25.120654,34.031662,24.284885
39.491605,29.158509,36.060128,25.409720,29.956727,27.950418,30.301419,28.367593,24.831667
36.734264,23.721169,36.482295,27.230335,33.332526,22.770995,26.432809,23.763379,36.568777
36.450296,25.064290,31.648366,22.834803,23.852747,32.887332,20.020624,26.942650,46.573697
43.125912,32.839711,26.036925,18.696475,26.469026,26.967970,29.567716,20.664137,36.768239
42.558779,33.564804,37.957158,23.017136,21.540317,22.210359,23.117101,23.101688,31.563130
28.653421,29.392098,27.846680,20.108629,24.666830,26.694641,35.179887,51.815073,42.439491
26.580367,38.399408,24.084644,26.282287,24.811547,22.356706,24.775962,26.826219,29.333144
34.068202,42.683297,24.278452,44.647953,22.809963,24.799926,24.409784,36.485776,24.538066
33.168066,27.264148,39.193626,30.378398,30.351312,22.129233,26.837651,51.013516,28.324374
31.375464,33.643681,26.676987,26.244101,28.878300,22.565753,29.892658,39.000576,33.704045
25.781561,24.257207,26.109455,30.536785,22.441786,30.745957,38.029624,20.359650,26.979616
33.044785,29.639101,22.412758,29.091558,23.004711,24.114018,27.707574,24.986246,31.467660
28.358052,26.091091,39.930955,20.913363,28.399306,37.862030,20.191817,25.657264,28.049985
30.926141,25.875820,24.522558,23.896557,27.280211,23.244767,29.623005,24.182677,26.180313
32.295891,31.505987,27.067540,34.062058,31.507275,31.282154,31.797897,30.400067,34.969782
33.369650,24.501738,43.659188,37.428324,31.269861,36.883683,24.759026,45.942940,30.307471
30.034948,41.900615,24.709582,27.259405,24.229926,33.545943,20.550384,25.810354,41.661810
30.426924,24.007648,20.542229,26.964985,24.595715,32.984552,46.946885,42.680734,34.997208
29.741645,31.743199,21.118406,27.457820,27.809936,26.057770,57.784841,35.629759,40.465240
28.379039,24.651543,34.112621,20.688203,25.114020,38.050863,31.991775,34.104167,36.447015
29.734111,22.566920,30.948054,27.865896,27.410774,29.327771,24.403970,32.759523,28.000197
28.090802,23.721170,36.002159,30.483600,22.177143,46.874115,43.336819,28.649958,29.514206
25.362892,35.771560,23.382820,27.774053,29.855145,30.017239,36.479019,25.111218,38.851839
37.568109,42.692287,30.407559,23.727540,24.837353,35.797345,67.287567,27.859537,45.113497
43.524764,22.882847,28.795718,38.992373,38.465657,29.980796,25.240724,51.124987,27.200298
23.377839,32.204536,27.902328,47.627815,24.524185,23.968277,38.291035,37.443046,31.113528
29.760728,27.264151,23.846653,30.087461,24.256983,25.672303,24.145574,35.085222,49.610705
30.885426,28.024824,24.194512,33.358658,24.793114,24.518619,26.837651,37.845190,35.434449
32.413715,24.439882,44.692926,48.395839,26.591622,29.517192,49.946288,31.395554,35.210353
31.466178,43.950270,25.538699,29.375617,25.160743,27.711298,37.691671,34.089351,27.245591
30.961419,29.682811,26.835293,25.185094,26.384474,24.928916,27.806393,26.498097,30.495050
29.798817,31.077454,24.761901,27.519135,15.541491,26.164356,28.631990,28.284179,30.173136
28.062892,25.820378,27.932303,34.309424,22.669428,35.088344,41.168281,30.940821,59.105417
26.452997,29.222888,28.969938,22.408805,25.135599,23.666737,25.578380,41.134700,24.237266
30.826838,29.093850,24.575674,27.899776,30.383328,28.825740,29.296052,27.886553,23.276621
28.406330,25.005189,22.977089,24.634313,34.136675,24.769579,31.069472,69.003026,54.977172
32.085508,27.530851,26.733997,25.412175,24.376023,31.735580,28.001943,38.497481,34.969782
30.226613,30.208749,28.451494,22.166047,22.209430,24.638911,27.319010,25.216910,31.450533
26.885423,43.098461,27.099392,27.228194,24.972796,20.101366,41.448176,43.028541,31.405333
23.408701,21.983984,28.580227,34.815474,27.697908,33.963613,27.118158,29.151342,21.767454
30.269119,27.190152,33.220416,23.466529,36.644966,30.241799,31.290159,28.193051,31.619300
30.714411,21.244430,24.695412,22.166045,34.533497,26.832002,27.018977,29.151343,31.439328
30.743128,22.953368,25.578411,22.552597,36.217213,23.654095,31.486824,33.910697,26.801597
20.246679,39.253380,27.554658,24.639541,30.259841,27.659276,25.788212,26.099870,33.118174
32.376655,35.223128,36.595699,28.975985,23.800740,24.475763,26.106868,34.041573,30.031073
29.880431,25.849185,23.846654,22.312973,25.070752,33.812402,28.982265,21.323603,30.620681
25.108151,30.966386,65.849595,29.648872,30.097757,21.053470,28.168637,28.920000,26.518727
30.487058,23.359916,21.026845,28.418422,33.580046,27.229819,30.537019,28.178590,26.894727
26.580368,32.482403,22.636129,35.095188,23.276126,32.403376,41.217229,20.664137,28.442497
29.735869,46.246656,31.792809,20.286763,42.579229,26.057770,53.416622,29.927169,38.799953
38.032975,24.163622,32.887857,24.314328,28.183688,47.027294,29.783808,42.045654,28.352382
31.745376,27.603037,38.445044,47.337725,20.317112,46.397794,25.667965,32.857211,39.617930
31.397797,57.144823,22.619241,21.295244,30.574020,25.890957,26.111948,46.587102,22.058595
28.721199,24.712346,42.626951,27.098310,25.807594,29.226475,47.339248,127.821060,32.271022
23.799976,33.105775,30.432805,27.488513,30.082710,29.412016,24.281334,33.778803,29.229010
44.916936,36.412548,28.390451,30.324658,36.781428,25.297037,25.126140,25.674697,25.189039
43.037653,35.032014,27.404580,23.466527,23.330495,23.183908,43.655106,33.402556,33.285492
29.557103,29.928212,26.586720,47.946044,23.384610,28.308823,30.361588,34.782787,31.444931
24.302460,26.143326,25.614071,34.555936,23.409492,30.955427,37.168035,31.097837,22.409288
26.831510,33.140828,35.276819,30.272461,30.879483,20.279626,24.275459,30.327472,35.813204
46.854298,20.998511,40.822419,28.977876,29.172119,24.106297,35.608007,25.665983,24.528866
29.880432,34.502175,26.811253,30.531674,23.434324,25.998914,34.396450,28.207489,33.610266
23.731118,22.780323,31.329043,24.557728,26.899575,35.859473,25.461481,30.770072,27.079084
27.423971,28.478283,27.691847,23.291190,37.279902,32.578824,21.987936,31.040402,59.085816
25.973378,33.883042,29.460507,28.083243,24.128928,23.911053,25.115164,26.740926,32.409981
30.732305,36.602853,30.372897,22.834803,24.082044,21.447919,23.790191,33.900708,24.786126
23.610546,23.912093,31.322860,21.295244,28.472330,24.286437,32.981928,49.365482,41.661807
38.320548,23.945670,35.297653,34.352776,24.569398,25.622443,28.277263,33.661080,59.647518
42.270345,33.189412,23.499335,33.660195,27.234332,26.638569,25.897025,47.152076,36.871358
28.741660,25.321354,39.813951,28.297279,27.543111,52.567706,29.654543,27.172543,34.882692
23.868437,32.687724,27.287727,24.151130,57.045347,36.555056,22.841870,25.657264,26.065708
34.259364,29.846860,31.599062,24.436634,25.092406,24.650562,25.010502,28.284178,37.096028
30.619182,29.349157,23.113919,37.859410,25.409376,49.089425,20.873038,29.445449,27.661100
25.019356,23.591313,28.580228,34.186869,22.149413,23.170733,29.811111,19.760860,26.739304
33.203376,28.855390,28.318369,29.654290,29.032685,23.183908,34.878122,40.905115,44.179700
27.883691,31.741793,26.586721,23.511390,21.417269,25.399121,22.701731,39.565669,33.476169
32.408848,26.664487,39.527555,31.493073,21.724712,34.751873,30.142295,36.648809,31.399719
34.364128,24.948078,34.600756,25.597552,21.569633,49.066972,38.830948,47.711377,27.580361
27.130976,21.907073,33.546450,21.660518,22.237011,33.545941,26.427849,31.997060,26.438773
30.642632,29.200355,23.588283,28.831645,27.428890,27.659276,25.688974,39.321046,71.088108
34.877338,28.160262,41.072147,24.718216,28.272026,24.822919,30.688414,28.649958,22.888895
37.564489,20.579800,24.278449,21.240524,27.353228,24.397137,22.848505,44.504956,26.382712
48.559008,24.948078,28.440808,25.707982,43.694632,26.317517,42.752258,32.996558,21.468310
22.329609,32.686401,34.481097,20.108628,43.076938,27.573270,24.421403,30.039933,36.064240
29.923927,38.496764,30.214526,19.098988,25.296319,26.786371,45.893445,42.677581,31.439328
27.593713,34.414540,23.324126,43.034416,23.196215,21.304372,27.323649,28.642960,61.294695
27.615879,24.038516,30.820174,27.616842,24.054591,35.253141,30.218273,32.919082,21.432207
22.182904,28.523883,26.778712,26.864667,50.165860,31.229503,38.044001,23.871238,25.467908
47.328296,27.042868,26.991748,20.346728,32.095572,39.115226,27.895611,23.381378,28.857748
37.484149,35.163312,36.541355,41.019699,21.943857,23.641439,22.130160,26.108299,33.476169
26.211663,25.875819,23.037564,35.730061,35.364532,28.985847,32.777061,29.655651,29.787370
32.514713,25.873710,27.111162,25.373789,20.588513,35.232439,34.625966,28.906259,37.813332
25.423207,22.020782,33.774742,20.969804,23.618954,32.092323,27.806390,32.585724,23.204223
30.379322,21.754594,25.098749,28.565016,30.620107,32.631427,23.654906,63.068676,27.521554
35.768557,22.387826,22.331527,25.262900,30.831770,39.810614,28.268596,30.864726,25.065170
28.133546,22.780323,24.695413,25.710382,22.753076,25.108713,25.343498,21.188183,44.750812
29.512521,25.902397,28.900721,24.798977,30.080192,40.735625,19.442936,36.376270,36.850735
31.261726,26.354266,25.489524,27.062391,24.644421,33.639401,23.392259,28.123122,28.938137
36.331647,33.449966,23.661132,26.422573,24.179534,21.360886,32.650965,32.158706,26.902380
34.817495,27.505462,31.975768,29.680607,40.086260,26.212177,21.683112,28.450519,29.654564
42.144216,25.149075,21.439384,20.913363,29.051537,33.087676,21.061962,25.348562,29.268248
32.807824,33.435296,33.251736,21.078212,24.903421,23.523496,23.777946,41.825986,32.741937
35.584005,24.974403,28.310799,21.295244,16.816164,31.289386,26.010050,27.618412,30.464883
27.206545,31.321170,23.053845,28.595319,21.540316,32.479153,42.298731,25.607842,26.486706
26.080656,31.539003,24.263771,26.763597,23.004711,26.468917,26.536409,23.931550,25.908399
25.980954,28.960290,44.470518,43.756152,25.916245,37.663160,34.089534,23.753205,28.641298
27.008757,29.072787,22.429960,39.309135,26.003864,42.416994,33.318861,26.942651,24.407484
24.396543,36.480659,40.520126,35.920447,37.977556,23.451216,33.828464,29.418935,33.386072
30.439643,32.099777,36.300040,25.559720,20.388386,22.062058,35.112647,28.101325,38.318654
34.077004,25.654760,23.233138,29.062280,22.948787,26.222473,26.223133,30.550375,27.900088
34.885738,29.496469,18.858032,31.069542,26.918387,22.436199,21.512478,34.161611,27.132305
26.862036,34.581566,27.902328,24.151130,26.902728,20.627037,30.065929,23.871239,30.258792
27.206543,29.679605,36.746872,30.114779,24.452236,32.609696,20.712966,22.685748,35.101989
32.279692,27.432764,25.662771,22.973328,26.488455,39.743967,24.657007,26.622720,33.436286
26.659086,29.642317,26.049675,26.659526,29.307581,23.257855,23.518056,30.241982,39.309290
34.288118,40.063281,35.187601,29.148063,32.277513,21.911735,22.270579,22.242368,27.387957
25.705107,30.718481,26.224452,24.275080,24.524185,25.056584,58.029436,27.344959,41.771155
26.421518,37.003660,25.263835,32.530977,21.939117,58.813600,20.558579,27.449424,28.184364
40.671762,28.986555,29.899494,32.826353,20.826830,48.258267,26.726682,25.758532,39.660650
22.650344,25.235508,21.439384,22.213094,74.245958,25.285972,40.760004,29.482856,28.205689
31.483226,28.589419,26.935824,28.566960,24.595714,46.556160,27.028464,27.133601,29.398148
34.733696,34.627375,39.749448,29.179035,30.586150,26.628591,31.811594,25.234957,29.736972
40.582750,25.766826,26.249575,43.047775,32.277517,46.122808,24.519627,37.954370,31.868950
34.673355,31.041988,34.466543,29.231490,28.823726,24.081914,25.445443,29.965584,32.959347
28.448130,24.036073,28.300007,33.227532,24.280111,33.374183,58.601296,27.603347,24.360343
36.161822,33.789687,27.943382,20.108628,26.754408,26.468918,46.576566,38.043094,39.291145
28.890196,27.647872,16.304378,31.827692,39.442860,21.111335,25.115165,44.818454,37.871809
29.766497,29.453830,26.367062,45.411963,23.824763,26.057770,30.146103,24.751244,27.425274
27.349601,33.885508,38.683538,24.521895,22.866567,27.702079,30.065929,23.623702,26.621661
42.444618,30.775013,33.476341,30.456938,23.196216,27.032375,31.297230,27.792793,37.458108
24.546094,24.226894,35.453195,27.261541,27.700883,31.872269,27.707577,36.448404,25.398896
38.282527,26.867356,25.737421,24.756072,30.102791,37.545353,29.328297,34.828558,40.141854
29.861502,31.304445,29.083918,31.488268,23.463245,26.967970,28.543070,20.478848,25.407476
24.992346,36.260922,23.973764,27.988771,22.527130,22.196004,29.799416,37.347323,34.360445
30.023611,27.387222,29.083918,21.450852,27.353228,24.463944,26.634327,21.956540,28.042948
25.561021,23.912093,29.973811,30.660489,25.067121,42.559847,23.905788,24.622582,43.057378
28.741659,25.376801,22.838609,25.106802,21.910781,33.510469,31.001217,34.545656,35.060945
26.908768,30.696592,29.636869,29.900157,21.126174,24.746486,62.404404,22.242369,40.245534
30.714412,38.776917,24.224020,22.739467,22.642892,31.557714,21.980770,26.311506,35.956433
35.195413,37.334208,32.858237,32.348842,27.774665,40.652133,31.715535,48.047572,24.948963
29.467802,35.439448,24.347233,25.337758,25.983703,28.226737,33.111837,24.286853,36.252423
40.005011,24.102444,51.376723,44.573311,49.728002,25.572390,25.466820,27.893935,25.407477
32.870471,24.830770,23.340012,56.604682,43.027934,25.004238,45.519093,34.290587,28.763529
28.385384,30.485687,31.680291,26.033703,24.179531,29.063709,34.020898,28.892511,26.692276
24.518031,28.703124,28.321586,27.865894,25.698022,34.582252,32.850985,31.603696,39.546586
25.973378,32.839713,30.407558,35.579294,24.303194,36.033670,36.026129,28.568187,39.446314
25.915601,27.698085,29.224390,26.135842,36.291496,38.253631,23.654906,25.648538,45.680364
39.485058,31.192087,22.777073,34.289735,32.222930,20.963125,27.425247,32.867841,24.045481
23.799976,31.155427,23.702790,26.761382,40.598351,22.986005,25.999808,21.149739,28.456178
32.466716,32.856223,34.590618,30.481892,30.047528,25.852535,22.973750,39.371700,31.841330
28.406330,31.378425,30.693965,26.663990,22.642891,27.573271,23.480430,31.074069,26.486705
26.137705,23.623279,38.001540,19.233748,28.929946,28.627027,28.521800,29.223165,27.177826
34.821708,35.105591,23.687389,22.408806,45.688559,25.852534,30.990403,27.125799,24.275492
34.364130,26.197406,25.277375,22.742534,32.677958,32.813431,30.533306,32.522567,25.511048
28.343399,55.923055,25.833710,27.392001,25.135599,29.875960,28.720362,25.330675,25.285747
33.864597,25.710915,38.027884,21.965965,17.700432,28.658375,21.668371,22.376836,46.944377
38.102905,28.049286,23.324125,34.229174,27.605854,25.732660,24.651309,36.219515,40.124446
27.673457,31.023490,26.455150,21.504511,26.996504,24.992912,41.280310,24.380484,35.904696
31.976773,34.745826,24.454759,39.967326,31.840026,30.501160,19.811223,26.424286,27.484496
27.593712,31.688666,34.817607,25.335284,40.683595,19.919885,28.716163,23.370868,27.885853
30.439641,22.423314,33.879086,24.314328,36.510868,39.977108,23.130053,24.977044,34.845962
25.814620,22.953368,37.805236,,25.698022,30.810462,27.239974,31.875140,32.340651
49.220798,31.848918,37.155535,,24.718992,35.611716,29.985323,30.453751,48.105068
41.589801,29.660972,33.860972,,27.194467,29.616511,23.777947,25.918982,25.355374
34.438490,25.571142,35.948015,,26.977798,31.793574,26.746063,41.867488,33.123225
32.870475,30.503325,35.644194,,26.591622,62.900023,33.575598,24.390140,31.182722
29.254094,29.886801,33.214923,,21.724711,27.175937,21.209134,38.089286,28.857748
21.929374,31.192087,27.703118,,25.500508,30.711222,31.507770,36.048144,36.295024
25.423205,28.591144,32.007047,,29.706632,35.173802,29.231412,29.425567,26.269873
25.586846,25.005191,21.970080,,23.330494,26.766628,29.231413,31.524995,27.040804
28.273792,32.990303,22.838610,,24.998270,22.972603,26.408003,32.448266,29.449711
36.570818,32.939826,21.732737,,30.941281,32.117274,28.089927,37.027882,41.655422
33.203378,22.953368,24.224022,,36.004743,23.582615,28.272930,35.002673,23.850589
40.371284,30.504842,27.276108,,21.666835,23.331337,33.181131,29.988942,34.905709
34.028900,22.496740,26.619732,,29.391941,30.768403,27.230634,29.522439,35.695175
31.414920,38.570655,46.085301,,31.956092,36.002932,31.069474,20.677577,25.285746
40.454024,26.766303,25.724360,,25.479542,32.271162,36.900591,76.539345,27.328314
22.261659,26.867356,31.215802,,25.851847,20.627038,39.443178,21.482240,34.212974
33.324084,35.512469,32.240944,,23.647426,31.590610,37.155491,30.776135,32.060309
41.743667,24.501737,38.961353,,25.160743,22.196004,36.778181,115.236760,25.189040
43.876089,36.206653,31.248616,,,22.356707,28.699354,36.856964,61.766295
27.160833,42.087257,31.287564,,,69.291352,28.085538,32.448267,24.704180
42.499928,33.206857,29.443543,,,22.847636,36.015450,22.696902,26.430847
32.242323,25.793632,30.853836,,,23.725145,24.888194,29.164851,26.494596
36.386613,22.020783,26.283438,,,26.057770,28.453594,40.978127,24.294270
28.337033,28.480022,28.580227,,,19.632122,20.183319,25.434556,27.813576
34.640981,19.774950,30.981438,,,23.666737,33.700982,25.312763,27.290731
25.054454,50.907154,23.958711,,,22.721286,31.441406,39.827783,25.715706
26.105461,29.783564,26.190434,,,32.130995,30.838326,46.173709,27.682793
29.798818,27.141874,25.614072,,,25.852534,26.639208,32.239872,31.736202
30.984352,29.475977,18.971675,,,27.711297,31.076645,24.502132,31.512678
29.672651,30.832824,27.566044,,,25.661560,31.883239,24.977045,34.064219
27.571513,23.976698,22.715202,,,21.759323,46.048962,29.243324,24.704180
32.183643,22.496744,36.164940,,,22.847635,22.721872,31.914652,24.170517
31.426850,31.230115,22.539491,,,29.920567,27.230636,21.482241,23.141715
43.477438,27.190152,23.456947,,,37.601844,36.574966,24.492562,29.610030
33.815893,22.387828,37.191221,,,23.451216,22.993417,30.747885,28.400944
26.753804,23.327224,33.871551,,,17.336970,25.678474,27.156980,33.914442
33.504218,24.317608,24.029333,,,22.923764,28.720362,36.646011,27.993134
39.061023,26.509278,26.586720,,,28.529384,23.899726,26.231177,37.249782
27.401497,42.158332,27.902327,,,25.263816,42.236780,43.626497,23.461016
27.008759,31.595466,32.866243,,,27.735552,33.231328,27.994352,28.682158
27.078037,32.618243,26.709776,,,25.004238,22.986864,59.887039,27.950232
25.362892,26.793115,49.577735,,,31.886201,21.980770,23.753205,32.340648
36.479534,26.036565,33.761843,,,27.283490,37.798558,25.321722,26.840558
32.021268,25.820379,31.156211,,,41.710793,32.099640,22.253971,37.116379
37.874537,26.943132,28.629916,,,22.196002,26.117027,29.572789,33.015949
23.740193,23.524572,26.096763,,,22.629975,27.886707,29.361397,25.579457
29.531900,30.009125,28.168692,,,26.374963,42.996993,27.893933,27.856899
38.898663,25.207504,23.846653,,,41.273761,28.716163,36.197625,56.078364
34.240611,39.972531,16.455913,,,27.131455,21.201433,27.117993,36.672779
46.027626,30.907595,29.035773,,,32.941342,29.571675,26.206116,23.731987
26.580367,27.192063,29.610247,,,44.070269,28.526056,25.683407,26.213086
37.568109,25.179435,25.290903,,,28.480309,25.777793,42.086719,27.712113
34.028902,35.221985,27.470076,,,39.580024,31.879831,25.563980,29.501095
25.730642,25.656905,25.061605,,,28.929856,31.879831,24.502133,45.744616
29.155083,26.300825,30.829277,,,42.261272,26.015169,43.157253,33.885235
30.979029,40.488433,21.683158,,,24.650563,27.037941,31.519216,28.366152
31.059864,22.953369,24.401115,,,22.356706,31.944386,23.370869,22.931091
29.493116,41.120851,33.662125,,,25.399121,25.461480,34.944874,31.484430
22.627364,22.708723,22.698432,,,28.001365,33.092871,29.839357,53.841231
31.426853,25.265664,29.507280,,,45.380229,31.444911,22.837099,24.227836
45.033050,24.888421,27.447139,,,30.970195,27.328287,25.198836,35.532025
29.570580,28.321926,30.363522,,,24.094114,46.003269,25.648539,33.021028
36.775552,29.640707,40.569600,,,28.746586,28.089928,28.972464,29.189669
38.415804,31.286257,31.105334,,,20.002195,37.320205,25.984253,26.478809
32.922019,23.623279,31.198040,,,28.317653,32.780284,35.706482,37.711406
39.202367,24.859629,26.979872,,,38.673538,29.312185,26.189384,24.482191
37.708978,32.465512,28.785287,,,,23.905788,30.928823,27.132306
32.978098,30.735853,40.715712,,,,41.282344,29.137822,34.146030
31.426853,31.669503,26.215623,,,,28.259927,36.670172,29.705241
30.287541,27.696243,27.233013,,,,38.086974,39.547320,51.405169
30.885427,38.421632,27.023777,,,,37.885529,31.609445,23.909451
33.805587,27.507330,34.117828,,,,22.993417,40.781315,36.171409
43.242805,25.005190,25.213581,,,,34.798267,65.312452,29.117197
29.174941,24.472027,26.409332,,,,25.104180,31.748549,25.002774
42.623094,28.746306,27.178079,,,,23.524316,29.033901,22.931093
42.423020,45.731257,24.224021,,,,31.427385,26.231176,46.883375
26.525206,24.257208,25.807769,,,,22.284535,35.350400,25.407477
24.992346,36.602844,26.320938,,,,31.591218,37.641144,51.912164
31.001936,38.151390,24.903608,,,,30.218274,30.757937,47.379217
25.019356,26.221285,32.796433,,,,39.300308,38.120915,27.675566
31.140281,39.135579,28.135958,,,,41.827412,30.235701,38.077221
38.199248,43.742738,36.920307,,,,33.569450,28.906259,43.407306
33.648119,37.281998,29.909164,,,,29.567715,38.282108,38.177202
35.490386,27.432763,35.970768,,,,34.809709,46.213138,36.442846
26.885421,26.817907,28.987464,,,,25.902187,42.061883,25.833429
45.614718,21.829620,33.385794,,,,29.985323,37.490725,57.508576
28.439892,24.830770,21.369514,,,,27.698550,25.784470,41.555272
47.003931,27.649718,30.811066,,,,30.214482,34.759043,35.416529
31.227125,34.764083,26.766647,,,,30.380357,34.094293,27.864034
23.995320,21.754594,32.435346,,,,26.427851,56.003934,21.210700
28.983087,41.535048,36.673702,,,,31.065884,27.893934,29.825154
39.231990,31.135604,47.596896,,,,25.115164,38.629957,28.810716
30.213717,33.993758,27.427590,,,,28.974016,40.377155,26.390666
38.010689,23.359917,34.269511,,,,38.586138,30.289971,35.412115
33.293638,41.408293,26.156328,,,,21.519957,22.509708,38.617046
37.066881,28.456300,34.140107,,,,28.173001,50.786931,39.564497
31.888945,37.657002,23.456947,,,,26.629444,32.727386,24.885984
31.323909,40.555250,29.018306,,,,32.844565,49.067059,27.238127
31.204547,45.895889,40.263481,,,,33.691827,31.085958,32.684381
29.640053,30.445781,27.775084,,,,23.385929,24.869300,32.674009
42.226779,26.941189,28.114096,,,,31.725860,43.597331,36.392229
39.155023,36.979690,39.753284,,,,27.904510,26.018226,43.165726
34.244969,45.626776,22.960697,,,,26.218096,24.732484,54.743888
61.013464,29.282042,26.036925,,,,17.325946,24.018016,30.921818
31.082653,27.505462,26.190434,,,,27.018978,55.519634,24.704181
26.831510,28.390148,32.844603,,,,46.210000,32.851888,29.456095
26.268145,29.025548,32.747281,,,,31.594686,24.143334,20.636086
31.522414,25.376801,27.416090,,,,18.877429,32.028750,34.822867
26.628093,34.550566,19.747155,,,,28.259926,30.069527,64.328778
30.141240,39.685553,24.575675,,,,49.807129,25.590315,37.116380
30.004864,21.792172,25.868671,,,,23.530571,32.560525,33.315762
35.711666,41.228425,26.274650,,,,24.415593,23.482355,45.677710
31.254904,24.976666,26.664830,,,,22.108927,36.624614,24.713248
24.424885,32.805327,40.363559,,,,27.900062,35.085220,25.294402
24.396540,34.103758,27.932302,,,,27.703064,34.156693,30.062120
28.468984,40.130640,25.627246,,,,39.009122,29.079163,32.265704
23.540573,35.557031,29.973810,,,,28.636217,53.367024,26.684501
32.498733,37.256350,24.628562,,,,23.905788,29.341401,43.646377
32.699072,22.057459,27.091128,,,,25.557189,50.037454,48.699263
26.137707,41.826230,30.407559,,,,32.025580,21.828884,24.777110
33.976237,35.641369,27.154645,,,,22.580235,26.009742,37.616758
28.343400,28.002123,25.989620,,,,35.277457,26.966361,24.482191
29.905052,28.094495,39.743972,,,,37.060006,25.918982,37.281933
22.617372,30.066791,26.778712,,,,26.328388,41.164050,37.334144
27.085008,28.921119,26.413025,,,,25.688973,25.434555,32.174038
34.867651,107.678100,28.179587,,,,29.654544,33.078915,26.261845
38.895289,33.351620,24.069728,,,,33.755722,31.649622,45.236770
26.187055,25.543870,24.761900,,,,44.988513,34.874205,34.572222
31.867297,31.284811,35.395287,,,,35.806162,48.165741,30.991871
31.590258,26.766305,28.608801,,,,49.759676,49.543763,30.216024
29.043280,35.368391,39.278488,,,,35.285806,35.581494,25.958309
35.566623,27.434640,24.709583,,,,28.543070,21.149740,26.008028
23.799975,25.321353,37.940935,,,,27.411426,24.760615,30.228151
32.199940,29.092180,21.189939,,,,26.928620,27.807651,36.345662
34.743458,28.703126,23.718172,,,,27.494064,23.112442,26.164146
39.361219,34.654710,45.978331,,,,32.504231,26.099870,28.456180
37.364672,41.334610,26.879670,,,,51.717924,25.120322,26.848244
34.288121,61.115495,36.293466,,,,22.137228,29.649121,24.538064
46.992557,30.676176,31.801364,,,,30.518438,24.878584,39.936132
33.393981,25.766828,28.785286,,,,46.629113,28.086772,25.459368
39.900180,29.371464,33.502576,,,,30.695765,20.650680,37.438127
27.927069,28.878461,34.042595,,,,50.404006,27.705875,28.000197
46.701354,28.002125,26.274650,,,,29.881024,28.582251,40.321233
37.488894,32.063785,26.742486,,,,31.364202,25.339622,26.589889
19.743663,22.953368,26.709775,,,,41.654608,21.469790,25.233138
25.973378,23.123843,30.871993,,,,23.265095,28.798273,39.356262
30.042335,29.114879,22.348851,,,,54.460185,23.247687,60.926473
27.688825,31.023486,22.760394,,,,37.834830,18.108322,26.277893
38.521976,29.846859,23.189773,,,,29.717356,23.793848,24.658167
27.991884,23.359916,25.627246,,,,20.873037,30.550376,31.879855
37.940416,28.591145,29.902379,,,,25.338104,31.985838,34.937772
38.787762,25.033648,34.958328,,,,29.396518,21.663069,28.634547
26.501180,26.664487,24.425807,,,,30.376607,26.834195,29.281168
41.010168,30.368714,24.508169,,,,48.190120,29.099523,26.008027
34.028905,24.859629,25.627247,,,,27.494067,31.909012,41.206060
27.008756,24.501737,37.068858,,,,39.013678,34.261263,22.138666
30.683994,25.683938,22.119613,,,,39.582814,26.294908,30.470846
43.800462,31.395073,23.249147,,,,48.813846,32.591128,28.904629
28.041431,38.262182,29.443541,,,,25.461480,26.108296,24.093862
29.069339,25.261239,33.125291,,,,40.668139,33.532316,22.138666
28.916531,27.765742,30.905543,,,,22.416143,23.482355,37.290134
31.917113,30.228257,21.260993,,,,23.524316,34.238474,29.894236
24.729873,25.235510,34.549355,,,,37.152981,40.421679,40.574202
30.348228,26.456465,30.214527,,,,37.228065,31.298225,28.844444
28.496105,25.235509,26.262118,,,,25.984429,26.108298,25.171571
29.009254,30.325426,27.079339,,,,30.301420,23.814117,36.442847
25.998389,25.875819,34.387701,,,,46.029390,41.536497,29.641967
55.647916,24.680821,32.148289,,,,39.850442,52.024356,28.864398
28.989171,30.047072,39.231323,,,,32.921381,26.018225,23.791436
33.786325,43.551276,31.032724,,,,35.355164,54.639937,44.093569
52.657119,41.524725,26.295951,,,,26.942940,24.409433,21.456289
34.028901,30.289713,35.504055,,,,26.417931,30.846634,24.649056
29.305422,35.252957,18.833686,,,,43.922201,22.532351,31.552006
26.055801,27.792486,54.204015,,,,34.521765,27.216453,27.484497
46.147832,23.945670,26.317216,,,,29.239519,27.344959,28.128053
35.798932,26.741417,18.971675,,,,21.836588,45.415033,25.285746
27.385802,38.945797,22.412758,,,,37.779140,38.933816,61.230874
27.008758,27.042870,32.029837,,,,40.971359,18.557812,25.467907
35.588037,25.177210,33.525677,,,,26.432807,25.901877,27.040805
32.026251,32.870101,29.264835,,,,38.321675,22.265560,23.791436
23.670985,26.842652,25.227176,,,,22.986865,27.141399,27.290734
36.331644,39.135582,18.002426,,,,31.725860,32.300525,26.277893
43.513151,25.092615,21.527478,,,,26.942939,31.920290,42.921250
46.682785,21.638062,24.931463,,,,21.980770,29.895077,34.910256
25.108151,28.480023,28.587654,,,,26.531490,25.784469,27.185319
26.659085,36.684552,24.401115,,,,30.206891,36.872411,24.360343
32.886095,38.287472,24.681225,,,,22.270579,41.963287,36.290568
32.232488,28.833977,29.142091,,,,25.886693,25.992753,29.281168
41.286705,31.396507,35.612163,,,,47.869093,55.873755,39.185960
21.622884,29.113213,20.445423,,,,36.095335,28.403228,34.001767
29.653453,27.240163,24.386584,,,,31.715536,34.455662,33.158826
32.226069,26.010259,30.064049,,,,33.636872,59.655248,25.407477
34.143854,28.023026,28.969940,,,,30.380361,34.874205,35.060945
31.933682,40.410495,33.894150,,,,30.222067,43.929834,26.229193
24.518031,27.861502,29.820885,,,,32.978742,39.902416,27.432633
41.897287,36.873111,27.350336,,,,32.096275,29.164851,23.791437
38.834964,64.150827,47.030749,,,,26.731530,25.207876,30.464880
28.176157,28.092706,26.203033,,,,28.808192,24.380484,25.002773
35.959128,23.020796,34.125256,,,,27.434452,47.791902,38.717958
27.811762,30.910556,35.714875,,,,18.034362,28.360456,36.701828
23.408702,26.741416,38.790195,,,,29.235467,43.699713,56.115964
32.615095,43.398224,27.330647,,,,35.749392,41.282219,20.649079
33.004442,30.562167,27.122922,,,,25.229847,25.683406,25.233137
29.240325,44.333829,35.309459,,,,26.010050,30.321231,53.606867
29.867234,35.842130,25.277375,,,,38.086976,24.390141,26.994819
27.955251,27.977582,39.372465,,,,20.721035,31.586439,39.858746
25.535145,30.622294,24.454760,,,,54.176127,26.231175,35.969537
31.019498,33.139535,38.157853,,,,30.073589,25.004629,36.425906
37.952153,28.547493,25.390603,,,,26.004930,26.724855,39.406695
26.706529,26.867355,29.066512,,,,29.312183,46.582704,33.092599
28.454446,30.679177,25.098748,,,,34.387660,32.821765,47.179062
27.475585,26.766305,21.439384,,,,29.308152,24.622582,26.318421
39.853489,20.749970,31.904535,,,,21.675745,32.028749,28.593548
28.475289,33.306060,31.446697,,,,25.109672,44.835597,30.392376
30.408671,24.350077,22.838610,,,,22.284536,28.972462,49.136023
31.129737,34.927792,47.607215,,,,27.337559,21.336225,32.222767
30.826839,27.337748,26.354619,,,,27.042676,25.321723,25.519554
46.616731,25.847072,24.347233,,,,31.518232,24.409431,25.681649
32.355653,29.823673,31.299031,,,,23.252292,24.133479,37.193341
28.406331,44.944843,29.673270,,,,27.425247,38.414731,25.250518
25.890430,34.368161,20.672626,,,,23.252292,27.916057,29.781129
34.853750,30.699592,28.977170,,,,25.788211,28.933724,35.891538
35.077686,28.789356,27.995359,,,,50.263308,47.887153,20.556960
44.278820,29.307737,20.807353,,,,30.222068,26.214475,32.330056
41.029307,25.120879,26.471177,,,,27.429850,37.849197,26.277892
30.329880,30.984952,27.416091,,,,29.811110,23.444233,36.064243
32.519549,35.824952,25.551949,,,,21.980771,46.927379,23.712307
41.505616,39.593052,21.439385,,,,28.986391,32.250916,34.974310
36.675366,38.210545,23.902813,,,,23.911846,28.703413,73.390674
33.192688,35.557036,29.217283,,,,31.656953,25.876172,23.672238
30.189596,24.501738,25.390601,,,,25.450791,26.818236,36.672776
33.888222,25.737836,26.619734,,,,29.150196,28.464699,32.752267
29.029312,22.352227,29.673269,,,,25.348888,43.166491,26.526597
29.798818,51.311375,25.340852,,,,34.261360,22.674585,31.591237
29.741646,29.781970,39.585059,,,,35.056423,51.672951,28.668688
34.434178,35.980264,30.761767,,,,49.023522,24.057768,25.908400
28.154866,36.256621,29.692900,,,,33.828464,33.113807,25.690041
25.948320,25.683939,26.156327,,,,29.328298,40.305486,45.483999
30.809057,31.434039,30.905544,,,,43.298086,34.511950,24.416777
26.023353,23.327224,24.931464,,,,32.213397,25.452295,22.069967
29.880435,27.216135,29.440567,,,,27.235305,28.269815,43.780925
34.821706,29.222887,31.272524,,,,33.155947,26.842168,32.647737
28.475289,26.741416,24.931463,,,,26.629443,73.842692,37.148759
32.688053,26.867356,23.249146,,,,47.268098,30.453753,27.335725
30.146864,35.016339,29.433565,,,,28.513283,16.646258,23.652459
25.054458,32.327029,24.589985,,,,29.231414,29.982559,19.672761
38.302078,42.066334,26.320937,,,,23.398586,20.097865,25.791361
25.249417,36.204490,25.627246,,,,33.240741,28.450520,22.149959
34.472558,20.449456,22.822021,,,,24.281334,24.247848,28.275551
28.133545,25.793630,27.984319,,,,33.575596,38.550323,29.539612
31.471339,30.009125,32.992307,,,,28.173001,34.016782,22.431319
33.168064,21.907074,31.224673,,,,36.248716,28.670931,43.174649
28.475290,21.323083,24.879856,,,,69.424582,33.681337,40.536757
35.181775,25.489147,24.681225,,,,51.971507,28.759061,20.110892
33.731528,21.754595,30.080322,,,,26.634327,27.507641,29.768633
33.269160,25.957487,22.916294,,,,34.934921,67.730827,26.848241
32.376655,26.842655,26.676989,,,,43.575050,29.599030,35.380902
34.302481,41.130538,33.633854,,,,29.904280,35.525568,55.553298
36.775553,24.976666,32.844602,,,,27.122865,26.294907,29.533266
27.281696,34.134364,26.002418,,,,35.235714,25.077891,43.575782
33.137330,45.844426,25.098749,,,,24.044263,25.443431,22.431319
28.337034,27.481896,44.947461,,,,23.518057,25.876172,35.092726
42.540999,48.519865,23.130094,,,,39.257699,22.674585,34.208240
28.112190,48.557037,41.462793,,,,31.587743,25.004629,32.752265
28.069383,23.880896,36.127203,,,,42.236778,27.859537,26.582053
27.622580,39.812265,27.703118,,,,40.921802,28.899388,34.198772
29.551255,20.274181,32.015485,,,,33.247006,36.921579,24.713250
27.183706,30.289712,31.237116,,,,25.332708,27.472269,47.189142
43.556872,28.321926,25.277376,,,,35.676122,29.668706,28.414667
36.395513,27.333969,32.611185,,,,28.799845,17.174544,40.365879
28.337036,38.750372,30.939022,,,,46.034295,25.452296,28.373034
23.640804,23.023459,23.189773,,,,44.985092,29.341404,38.077221
29.220558,22.461488,22.348852,,,,27.309726,39.831405,31.119249
36.246932,25.928923,25.942144,,,,20.712967,20.331904,32.308527
24.546094,32.601490,23.249148,,,,27.626212,24.380484,43.036273
40.337028,20.363897,22.698431,,,,25.678473,27.633459,37.201340
36.816752,37.489966,25.627246,,,,43.531260,25.111218,34.217707
28.294905,25.321353,17.802671,,,,27.239973,29.482859,88.580592
27.520258,49.525691,25.390602,,,,36.732082,44.516552,38.200217
27.130976,39.018000,23.053845,,,,24.999424,25.321723,25.966523
25.081331,30.814073,24.293112,,,,23.777947,27.815074,40.763351
43.968933,43.503519,28.361437,,,,28.445036,29.006627,26.879408
26.777380,21.907073,29.254733,,,,34.991531,25.270976,45.848560
25.806945,36.247371,49.026425,,,,26.308390,57.081186,34.236899
27.666777,27.930180,25.047831,,,,37.163015,23.623703,39.171308
36.097122,27.577779,33.825472,,,,46.055491,22.106256,32.479019
33.902924,24.257208,34.697298,,,,30.458891,23.921520,28.675425
27.710840,28.321926,30.511068,,,,23.784069,30.466129,59.387747
26.682829,29.557762,19.747155,,,,23.530573,30.216844,28.149036
33.579280,45.052501,29.131905,,,,26.746062,22.253971,28.128052
29.512520,31.230113,36.621511,,,,37.054961,35.016726,29.912814
26.501180,24.501738,35.878251,,,,75.434008,30.615792,30.148412
34.120581,26.943133,39.434313,,,,32.507506,32.228823,30.739428
28.983087,33.139539,25.227177,,,,32.647716,26.716813,27.358397
33.663030,28.636387,31.998602,,,,23.654907,30.664722,27.668336
22.440925,51.925836,26.733997,,,,35.678839,40.653275,27.491826
33.172709,37.295829,31.981699,,,,49.414919,36.165548,25.065170
36.972007,24.974404,25.614072,,,,31.065883,49.104367,33.255169
37.308878,36.561860,29.274929,,,,25.891861,27.352638,34.284656
32.253650,27.909138,27.307474,,,,50.451596,44.157564,23.662352
30.269118,22.057459,25.047830,,,,32.647718,29.976166,25.355373
38.014225,21.404238,24.642811,,,,45.129973,33.905705,38.788696
23.670985,34.987257,29.480421,,,,43.299941,21.482240,28.177391
33.514706,28.767847,25.489525,,,,31.514747,25.639806,32.954254
32.787375,38.715691,22.348851,,,,24.893784,26.125135,29.981492
27.520258,25.207505,22.977089,,,,26.308389,31.004600,22.206941
32.177206,30.927712,27.984319,,,,38.812557,27.844735,32.303220
33.970460,23.492336,29.285017,,,,25.562490,48.042601,33.580529
28.537641,31.056070,22.777074,,,,25.229848,22.975595,22.574824
29.220558,27.434640,26.574483,,,,40.693209,21.780572,32.065695
25.081332,25.005190,36.257967,,,,25.126139,35.359587,28.938137
30.908473,29.744940,26.516781,,,,33.433782,24.361148,28.233506
25.249418,27.387221,39.189690,,,,22.546225,35.823050,31.764007
40.735063,30.189215,23.004931,,,,29.328297,25.793104,32.415253
29.810326,36.108022,25.989621,,,,27.319009,22.696901,35.074729
34.793828,31.376993,27.221347,,,,26.938169,32.395522,33.792459
26.421516,25.681799,28.679435,,,,24.531141,32.924379,38.046403
24.965277,23.591314,29.460509,,,,33.740518,33.635721,22.792052
32.699072,31.137063,33.301740,,,,38.927101,24.613107,28.184363
37.925127,29.928214,32.055106,,,,26.938167,33.958846,29.110665
32.926730,27.977582,31.918989,,,,24.531141,26.820993,30.374380
30.637186,27.882617,28.707811,,,,45.236759,24.153182,109.464210
22.930162,25.092614,25.614073,,,,27.792947,30.550375,36.743393
28.133545,29.826849,31.639729,,,,27.503225,39.739590,24.112924
35.495683,21.792171,27.361890,,,,26.938167,23.783699,25.908399
25.671765,25.546032,25.163127,,,,22.855137,28.999800,32.783529
32.942302,33.805281,27.427590,,,,33.691825,36.146473,32.652931
28.406329,48.589666,25.649634,,,,24.409785,30.705310,29.906622
35.825269,27.931990,44.070156,,,,26.847264,25.443430,35.056437
45.350021,22.984461,30.115657,,,,41.106965,25.004630,27.094178
47.694426,30.543083,36.723147,,,,21.224519,22.848104,32.044138
30.714411,26.842655,24.747790,,,,24.759026,26.836947,28.042946
24.702227,26.612286,29.349440,,,,28.978139,37.716593,36.417556
45.786248,30.367179,26.295949,,,,21.987936,37.391141,26.016210
29.454231,28.681487,29.947785,,,,26.531490,18.750145,37.225582
34.039073,29.264550,26.778711,,,,23.536825,29.579353,46.483246
32.646818,22.352226,20.368555,,,,30.529590,43.235146,40.512949
24.424884,27.456416,26.979873,,,,21.660994,28.710382,41.363406
30.885424,37.162197,33.944521,,,,40.967222,48.116232,44.970215
32.755918,32.671047,32.404890,,,,30.986796,26.536114,28.191332
31.227122,46.396723,30.990447,,,,28.168638,35.403878,37.996135
46.608960,26.302867,27.067541,,,,35.868144,25.775829,26.739305
27.497941,42.653947,27.122923,,,,42.680201,31.530769,47.256814
26.908768,35.941125,27.197987,,,,29.056222,30.101248,32.726118
38.420328,31.023486,38.317021,,,,27.132277,36.752458,33.381099
43.536364,38.200274,23.113919,,,,24.651311,26.018226,25.630654
29.109259,34.534449,38.551279,,,,27.993108,27.901314,23.399873
33.464973,30.503324,21.903558,,,,40.313551,27.239690,24.940066
22.971931,20.998511,23.630200,,,,31.876425,27.314207,39.240422
35.746133,26.943134,26.697650,,,,40.049942,26.842167,28.951359
27.855364,26.587108,26.754572,,,,41.988977,27.203619,38.390866
27.008757,31.869255,25.098749,,,,31.430892,35.731940,22.285953
28.246243,24.069305,35.814967,,,,23.379596,26.206115,32.238760
33.957169,33.501438,29.274928,,,,23.899727,21.614011,44.159668
29.409335,37.580486,62.195311,,,,30.130853,29.783436,30.703865
28.273793,25.088131,24.879857,,,,28.449314,39.025700,31.038280
35.925076,26.064897,34.468715,,,,28.367853,22.837099,31.730699
26.162404,27.164122,36.022166,,,,26.398066,52.679547,24.649056
38.495753,26.890059,22.202401,,,,25.673220,26.716814,32.954249
25.134914,23.087831,39.538629,,,,32.834928,23.881310,34.336694
35.605399,25.005188,28.883092,,,,34.997189,26.018226,26.582054
30.311508,24.531376,29.590506,,,,27.132278,20.819699,40.736467
45.630961,28.724732,36.979869,,,,30.903675,36.698578,27.957319
33.917612,40.443189,28.440806,,,,29.818901,35.752866,39.283970
41.205195,36.749571,29.083918,,,,34.314332,27.058085,24.759056
29.109259,28.071907,23.053845,,,,48.634564,40.160162,52.429640
41.577084,22.461486,24.709583,,,,42.560184,47.279893,31.148161
28.802863,27.954806,22.977089,,,,45.411943,31.040402,32.715770
26.452996,32.636304,25.711285,,,,23.530572,27.743229,25.073980
43.056737,38.546695,23.572731,,,,20.558579,25.013809,29.143701
32.776412,42.145903,31.752532,,,,27.895612,35.635832,29.488363
28.427246,28.321926,22.899817,,,,32.892593,33.073669,33.967620
30.954464,32.187351,23.702790,,,,26.427850,30.834558,44.806542
25.081332,20.749970,26.631930,,,,32.022199,36.000994,40.519692
29.214571,27.434640,25.453513,,,,46.945302,30.033571,25.579457
30.361010,32.308619,28.795720,,,,25.104178,35.099213,24.045480
32.424920,24.976666,29.646711,,,,29.320244,31.880793,24.957856
25.973378,31.227217,34.007476,,,,31.743059,42.011004,36.830085
28.364408,31.190635,34.461434,,,,37.327664,27.987021,45.310380
43.730737,27.909138,25.453514,,,,20.360155,28.016315,33.391039
33.976238,26.716481,24.945367,,,,35.835801,26.826218,31.780464
35.046053,42.593561,33.103989,,,,25.783003,22.663411,27.432632
26.666278,24.501737,33.460894,,,,27.434453,28.621946,23.840851
26.808031,25.461697,24.278450,,,,21.527433,32.580312,27.682796
23.927582,26.302867,26.733997,,,,45.228290,26.009742,32.773215
26.962371,31.004968,22.348851,,,,23.524317,30.958803,29.628971
35.424455,32.722356,26.203033,,,,52.094262,25.726860,29.578030
51.776343,24.563282,27.035614,,,,25.109673,26.756977,30.962661
29.089312,26.941189,30.284493,,,,24.403970,28.805193,28.634545
25.535145,31.265154,27.501004,,,,22.151353,24.511692,59.088083
36.187635,30.832824,24.194513,,,,23.265094,34.056429,30.037214
35.597342,27.792486,30.205051,,,,25.557189,31.304085,29.616348
19.075379,33.517301,27.850004,,,,30.692089,26.560554,30.301442
56.245366,37.230666,57.480296,,,,29.981473,46.121627,31.702839
23.770122,30.187664,37.371108,,,,26.531491,37.935800,34.189299
25.222900,26.791148,26.109454,,,,25.777794,27.411266,36.535116
37.595645,27.216133,30.134715,,,,23.899727,27.224203,35.074726
35.446044,28.591144,34.731040,,,,27.235304,40.728368,31.624834
30.855344,24.007647,34.932118,,,,24.163379,33.681337,32.087555
33.643610,51.027575,28.530365,,,,27.725608,26.527954,25.783034
31.443944,26.561883,21.280105,,,,34.086554,34.352274,22.867079
34.255014,34.166126,28.440806,,,,37.827570,23.492764,28.770221
29.634234,19.300899,31.123200,,,,29.072621,30.658614,36.472263
30.791251,28.636387,48.679495,,,,45.677168,25.775829,34.450196
27.378983,28.277440,33.199235,,,,37.579288,31.137308,48.739238
29.640053,26.169364,22.119612,,,,62.079287,35.310581,19.929586
26.628091,22.953369,32.380160,,,,27.895612,26.842167,25.630655
32.216227,30.445779,27.808673,,,,23.771820,25.216910,31.234243
24.453162,20.917395,31.206923,,,,37.832408,36.048146,22.994750
27.717493,31.797548,26.062413,,,,27.323649,28.979302,28.463017
33.499665,32.151554,28.746600,,,,25.551886,35.120898,35.295836
25.509216,24.350077,23.973764,,,,22.263595,23.743024,29.456097
25.806944,27.481897,32.586771,,,,24.993881,29.522439,30.105328
27.970312,31.413134,36.096028,,,,35.332978,29.927164,24.045482
33.474097,33.931986,29.563802,,,,38.936195,22.230756,35.313880
22.517889,43.628507,30.545417,,,,28.453593,40.934804,22.069968
41.033277,30.888939,26.867694,,,,30.046762,24.977044,28.641296
25.998390,25.349107,26.562229,,,,23.392260,31.513435,34.150777
34.462642,42.663736,30.025728,,,,30.274994,29.270157,24.894921
32.101906,22.316515,56.883793,,,,31.430892,36.274824,29.071001
25.865210,29.158512,28.718303,,,,20.029260,30.314984,36.900096
28.762090,26.197407,31.470304,,,,27.512376,39.219359,34.360449
26.421516,29.535741,38.007526,,,,24.513865,32.105004,21.849671
29.817826,45.133451,34.055287,,,,41.937858,37.202816,27.587640
33.559755,26.793115,26.766647,,,,44.509827,28.443423,20.124573
32.344396,25.873710,36.046819,,,,28.619311,33.292519,24.170517
31.706738,24.226894,30.700400,,,,29.142041,26.448935,39.635781
39.822553,28.208668,24.124855,,,,28.251251,32.105006,32.995306
29.640052,20.621776,27.373436,,,,28.363550,28.094050,84.370184
22.865738,27.139957,23.157570,,,,29.304120,39.647338,44.803789
40.667718,38.509743,41.803190,,,,29.646663,43.682691,26.164144
24.554578,29.805220,41.990471,,,,36.582737,24.679282,29.565363
25.257434,24.592773,36.699397,,,,32.569601,20.832938,22.508765
29.305421,28.390148,43.553642,,,,25.994686,27.141397,29.404553
33.284414,27.886248,23.249147,,,,20.550383,32.591129,24.957857
31.728608,26.764334,29.254736,,,,21.209134,46.315000,33.669587
27.927070,35.120035,31.090116,,,,29.396517,31.080019,44.012957
38.521983,20.051613,26.354619,,,,24.531141,27.994349,25.459369
29.804572,39.476369,36.933003,,,,46.344110,22.815056,41.603893
28.084324,29.409438,46.674474,,,,24.032276,23.349822,28.049987
34.153956,22.057458,33.838326,,,,35.407679,44.437264,27.343135
41.609328,24.741480,27.995357,,,,29.815009,38.930029,24.294270
35.662631,41.807472,43.168989,,,,37.320204,26.197751,25.841724
29.760728,28.591146,34.345950,,,,47.164083,35.519450,35.456754
29.980405,39.835619,28.795719,,,,26.629444,27.239690,28.268621
32.457021,34.229474,31.182916,,,,20.385185,25.120322,34.374518
26.341370,28.206893,25.772643,,,,26.928620,58.675682,34.822868
40.969952,34.643409,31.322863,,,,47.511534,31.682009,25.346757
29.370228,19.300898,35.860094,,,,29.662418,29.649121,29.705243
25.594652,21.283829,32.814903,,,,22.137228,30.308732,36.396415
26.317006,33.868751,23.718172,,,,26.942940,24.143335,30.745290
26.831510,25.064290,33.148923,,,,33.250142,25.366423,43.368698
23.740192,22.639420,24.879857,,,,27.895610,24.860013,27.936050
21.296183,55.669716,32.170881,,,,30.134669,28.500092,26.747046
26.525206,32.465512,28.168691,,,,29.822796,26.424286,26.629473
31.094839,27.882617,37.214351,,,,29.740865,22.674585,48.388432
28.896318,34.335576,23.514982,,,,74.893040,34.228672,28.579998
25.806945,30.169656,30.018997,,,,26.832842,22.082729,22.716527
27.549278,27.530854,33.183532,,,,39.070443,33.256214,32.980038
34.331169,28.612922,21.751031,,,,23.530572,25.425676,49.302151
26.730188,24.439881,27.166367,,,,25.994684,25.102107,30.662328
27.423971,32.464167,22.348851,,,,94.467997,24.027967,45.274957
30.523357,21.944130,23.774939,,,,45.617395,26.732895,35.869768
30.208116,26.918572,25.578413,,,,26.648965,28.171359,23.662352
29.842550,28.965337,32.457536,,,,21.987937,26.001251,41.780688
29.467802,20.998510,29.244627,,,,34.255459,21.980338,33.092600
36.174733,20.274182,28.259978,,,,33.511009,26.473540,41.173014
25.948318,29.617200,24.154533,,,,31.801320,22.411188,23.602251
33.534282,30.346315,26.685512,,,,43.525768,31.436281,28.233504
29.880432,27.767572,35.882963,,,,41.229476,25.590313,38.023202
24.582557,29.221233,29.573693,,,,29.019257,32.155064,25.958307
43.563096,28.612921,27.523853,,,,32.510786,38.335534,41.173019
24.729875,28.525619,33.789902,,,,27.416035,26.018226,27.914308
27.710838,32.152924,30.442142,,,,31.584275,28.214704,24.722314
44.844774,26.716483,25.724360,,,,33.837543,27.309165,24.658167
45.556129,41.858361,31.296394,,,,26.313393,27.141397,32.757427
35.046056,25.033648,36.941886,,,,41.147883,28.603323,32.163337
32.096945,26.893965,33.178025,,,,46.339270,25.775829,83.133611
36.633853,28.592874,33.944522,,,,31.722420,27.208700,24.055054
32.719632,37.450894,24.879856,,,,43.384692,28.360456,28.770222
27.378983,32.362435,30.328761,,,,36.530948,25.443428,23.987286
35.689169,28.229267,23.702790,,,,34.205265,42.067266,30.410719
29.409334,40.230820,20.012033,,,,52.720404,27.987021,24.777109
38.222390,28.857086,22.348851,,,,30.290099,23.482355,50.382215
36.007364,27.264151,29.610249,,,,30.458890,27.618411,26.645080
32.423440,21.716886,28.569637,,,,25.004965,44.209484,32.616212
34.014311,26.842655,38.332923,,,,28.359245,24.660412,30.031073
36.816748,25.928923,20.191867,,,,27.703064,39.748100,22.931092
26.501181,35.569998,21.369514,,,,43.257439,22.554950,30.464880
31.306686,19.540799,27.404580,,,,23.518056,25.156669,36.614529
31.483228,28.547496,31.182914,,,,23.642521,30.544219,32.168687
28.019935,28.045693,37.375448,,,,36.206545,29.819997,27.238128
24.024616,46.238311,36.053474,,,,21.995097,31.820480,39.589461
27.437561,26.664486,21.970079,,,,37.218062,28.101324,46.301535
66.101209,36.617195,24.761900,,,,49.227126,25.775828,26.589886
28.246244,28.231039,35.374561,,,,24.403969,33.047402,24.472949
29.214570,24.066869,40.108661,,,,27.337559,43.503575,25.303056
26.397302,26.302870,23.514982,,,,32.206718,28.738218,27.040805
38.317065,23.623279,28.259978,,,,33.572522,27.149193,29.993811
34.622634,40.062397,33.119765,,,,32.306519,28.485947,49.196156
30.595699,20.406768,28.157789,,,,36.012778,25.375346,33.476168
25.594653,33.370168,28.278393,,,,28.534565,26.407828,25.622223
26.211661,26.691500,25.163126,,,,26.818404,44.013900,28.135049
36.832970,22.496740,24.469209,,,,24.287206,28.193049,25.891889
38.671751,35.685610,41.183635,,,,31.062294,31.401378,32.959349
33.639090,33.613427,25.772643,,,,35.523229,35.072834,29.831378
38.491252,26.036564,28.168691,,,,27.801913,36.889296,23.058057
54.694103,24.888422,31.864543,,,,44.438091,22.975595,24.351009
24.149866,32.754277,23.902813,,,,25.229847,37.739413,29.755749
48.106150,26.433011,24.828035,,,,27.721104,33.983717,39.456993
29.948476,24.472027,27.166367,,,,23.636325,29.502662,23.722150
36.272623,26.143323,23.603815,,,,40.529566,30.375193,30.774911
31.426851,33.548988,27.067543,,,,39.843897,24.977045,124.410960
42.506452,39.465843,46.910769,,,,31.729301,27.133600,33.411197
37.979126,33.962899,28.949317,,,,27.141683,27.418904,79.556635
32.973400,18.802342,31.373039,,,,26.634327,24.860012,74.824069
27.453196,35.281603,27.995359,,,,25.445445,27.901314,26.941053
41.433885,33.946222,28.168691,,,,49.050852,36.143584,31.552005
33.801112,32.170152,29.470466,,,,64.150743,34.056431,26.008027
35.881802,28.942403,35.771753,,,,26.928620,32.315137,53.354831
30.660608,31.743196,29.224391,,,,29.496303,26.593074,26.016212
35.281141,31.974146,33.056571,,,,29.729114,49.577258,24.103397
20.246679,23.258955,27.221349,,,,45.827624,41.852219,53.663255
34.273748,26.117234,25.453514,,,,32.438592,26.810251,23.068465
28.741659,22.780324,53.749793,,,,47.034613,32.702411,31.217205
26.501182,30.756193,20.270078,,,,29.154273,37.494808,35.642412
29.905053,37.695659,33.432281,,,,25.450790,22.696901,34.873587
54.285975,28.320165,36.813376,,,,30.210686,42.526906,29.616347
38.913202,32.906961,32.190953,,,,37.431684,47.716429,52.599899
36.450288,24.859630,18.858032,,,,30.921796,25.563980,37.793713
30.468875,28.612922,23.053845,,,,29.904280,29.158098,41.994100
26.908767,26.143325,29.702705,,,,30.983189,25.563980,27.238129
27.970313,24.948077,47.338890,,,,21.690475,22.521035,33.169201
37.240742,25.321353,24.695411,,,,27.033201,23.633988,25.858295
55.981022,21.599947,29.954546,,,,33.315742,24.133478,27.856900
38.129671,25.293539,33.432281,,,,27.966566,32.675541,25.294403
32.667449,34.988415,19.747155,,,,27.239974,35.305975,31.635906
40.926619,33.403401,32.324792,,,,24.988336,34.489489,28.366151
34.411302,30.947798,24.278451,,,,24.519626,25.884747,30.774910
33.499666,28.117046,41.240176,,,,31.360684,22.411188,40.037422
32.988927,25.983900,29.973809,,,,30.458891,20.819698,28.035903
33.514708,25.924722,37.394011,,,,25.897023,29.276863,26.065709
29.697616,26.433009,33.497171,,,,31.073060,22.388298,22.069968
35.711667,30.909076,35.621730,,,,31.144573,20.690999,27.755752
33.152701,28.478283,32.641256,,,,40.243135,25.537592,20.895287
36.237963,27.698084,28.270803,,,,27.132279,55.670884,25.127257
24.965277,23.623278,29.470466,,,,24.157447,28.094052,24.112924
44.150022,27.458288,35.227377,,,,23.245885,25.243973,32.652932
26.005951,23.492336,26.676986,,,,33.105517,47.006275,36.141497
50.704315,25.656904,31.182914,,,,31.518234,29.852250,34.393535
39.430820,30.048638,29.902382,,,,28.251251,33.211214,39.893794
32.782618,23.784318,20.861178,,,,23.258696,30.216847,26.334400
42.512968,32.517468,23.572730,,,,25.688973,45.430791,31.416560
50.999428,24.439881,18.100663,,,,32.309839,35.766334,47.229229
26.854949,25.321355,44.787160,,,,19.828854,28.243529,25.294402
29.747425,21.561696,25.502826,,,,27.207262,29.826453,22.651295
39.405778,26.064896,29.433565,,,,36.642114,29.469639,28.904628
27.333848,40.187630,22.838611,,,,40.313549,32.186443,30.892478
41.253954,24.257208,21.683157,,,,28.367854,28.812112,28.593550
28.322360,31.246918,28.530363,,,,34.812566,30.812465,47.374146
28.916530,48.681219,43.187548,,,,23.398586,27.720829,32.689566
30.696497,21.832580,36.414573,,,,24.525387,32.326128,35.699523
27.031890,23.912093,23.021259,,,,27.235306,27.239690,24.112924
31.409739,32.221700,31.014753,,,,38.101301,21.650825,28.366153
20.462838,29.926635,26.935826,,,,25.240724,29.568487,31.774978
24.965277,27.480025,22.573482,,,,27.127574,25.330675,24.840642
43.989030,26.407489,29.801423,,,,28.619311,28.178592,23.058057
23.346895,52.405976,24.209275,,,,24.281335,30.472312,23.928808
25.081332,27.190152,26.049676,,,,24.409783,23.133923,39.678454
24.331024,29.559381,41.972313,,,,39.843896,26.614615,24.179992
29.109258,24.380086,24.761900,,,,41.363397,29.099522,28.275552
22.551147,27.434640,35.369715,,,,24.038272,29.308014,36.672779
24.992346,35.412188,22.412758,,,,28.982266,33.778801,85.033013
25.671764,26.010258,23.902812,,,,25.004964,32.158707,25.180309
24.546093,30.186116,31.023741,,,,33.694879,33.527208,27.900088
22.791110,29.701414,30.214528,,,,24.044264,25.243973,26.739304
34.913468,25.321355,39.642955,,,,45.299224,28.367593,37.513765
33.795276,21.829621,21.836632,,,,26.010051,28.547064,27.871162
31.933684,30.679176,34.872461,,,,37.681913,38.406958,23.541840
24.702227,24.254809,23.718172,,,,24.536895,29.688263,29.912813
24.666117,25.573303,25.061605,,,,54.753776,34.717855,36.726733
25.973379,26.916621,30.511067,,,,30.540734,34.146847,26.994821
30.104014,31.192087,36.950113,,,,27.127572,26.440724,29.950281
47.383297,24.857345,22.331525,,,,21.843849,31.149146,30.506957
30.421404,25.349107,24.278450,,,,24.531141,41.184372,26.597717
26.985585,25.710913,33.133170,,,,28.711961,28.628955,23.672237
33.995282,26.379889,32.882250,,,,33.639932,37.447145,27.484496
26.421518,33.123311,40.177378,,,,27.225963,33.057914,27.820736
28.246245,34.597640,43.954485,,,,39.498723,46.615273,22.651294
38.313588,29.785154,24.332638,,,,32.908590,37.141912,25.241830
33.117285,63.548349,20.787361,,,,22.277558,54.485779,37.871807
27.666777,25.293539,29.973810,,,,26.417929,32.390050,30.780758
39.020039,26.379889,23.846654,,,,23.905789,42.294067,24.170517
25.561021,27.166035,20.638132,,,,32.296560,25.120321,38.508132
25.839939,29.494843,30.432806,,,,25.798623,33.720042,28.373034
29.174939,34.764087,24.600017,,,,38.741250,22.388299,33.550736
37.130810,32.531639,45.066610,,,,36.587913,26.942650,28.641298
42.220162,24.888422,27.661344,,,,28.895490,23.871239,24.237266
37.960327,34.777646,26.413027,,,,27.988688,31.155065,27.770120
28.543920,28.068323,29.142092,,,,34.373013,24.986245,41.294725
30.844600,24.501737,28.076807,,,,24.014276,57.407407,30.851447
34.273748,26.967651,30.684779,,,,23.917901,27.822496,27.335726
36.841655,24.651541,29.811158,,,,31.297229,26.724856,27.086631
27.497941,25.321354,27.566043,,,,26.634327,29.826455,22.867080
28.516889,30.603283,30.777309,,,,22.848505,35.692964,40.786874
31.578448,37.497610,28.619363,,,,32.647718,27.633458,24.351010
29.254096,25.600511,30.573198,,,,20.888921,27.560664,28.593550
44.847315,47.503338,38.730316,,,,28.707760,33.282153,22.218164
24.207646,36.630472,30.388843,,,,33.121314,32.497276,31.450533
35.236272,25.179436,24.154533,,,,26.015170,24.008058,30.886673
28.673975,28.024824,24.695411,,,,40.622054,28.262631,24.695103
29.299468,31.632529,30.293921,,,,23.123578,26.035183,29.156735
28.788659,23.750284,29.543998,,,,33.504843,44.642595,38.073399
31.192445,26.197406,27.880094,,,,30.772698,22.685749,24.472950
32.183643,29.388827,24.945366,,,,28.610852,25.138509,23.662352
33.703187,37.516300,24.154533,,,,44.138164,27.908689,35.295832
32.703850,32.718395,30.905544,,,,31.286618,30.375192,29.501095
32.258562,40.664121,26.388213,,,,30.849248,31.820477,30.620682
71.840365,27.721286,20.861179,,,,40.923882,23.753205,38.885051
34.789605,25.005190,30.080320,,,,22.986865,24.008057,25.127256
31.867296,27.673000,40.277883,,,,25.115163,31.451702,25.579457
36.599872,22.202960,35.612165,,,,29.368439,33.245826,27.139824
32.530683,23.425028,29.527129,,,,31.715533,34.213964,30.774911
27.430767,24.501738,34.461438,,,,30.596263,22.543656,78.417682
33.727039,31.937875,28.900721,,,,44.732298,26.514445,30.968438
33.269161,24.680822,27.099392,,,,24.145574,27.713356,27.425274
35.032298,32.291540,27.794149,,,,32.618446,27.663509,40.026848
31.117577,33.386157,22.412758,,,,21.829323,24.163020,42.643327
39.962751,19.540799,26.096763,,,,40.801618,32.511707,26.840559
24.693845,24.102447,31.720753,,,,29.484358,23.891375,70.117878
30.996618,25.349108,29.292089,,,,36.693588,28.001675,28.586776
33.574745,29.222887,37.009583,,,,33.250139,29.314697,32.928421
30.047998,26.458483,25.404007,,,,24.764673,31.486491,26.285910
23.829754,23.492336,26.574482,,,,26.726683,36.431104,31.852252
31.426853,32.788772,30.777309,,,,34.205268,101.428600,44.107969
37.945057,38.410524,39.413717,,,,38.490619,28.443425,22.508765
34.005476,27.141875,30.054478,,,,22.715162,37.194521,24.704180
27.826981,23.849618,24.154532,,,,33.804232,26.432508,36.693603
35.294708,27.788829,24.401115,,,,31.148143,39.219363,31.841328
23.670986,29.306091,51.535860,,,,34.214145,25.810354,30.228153
40.244351,24.888423,18.947619,,,,23.899726,32.475510,34.011342
38.210827,25.820378,20.881030,,,,34.258409,38.707953,29.241967
26.985585,33.088223,27.523852,,,,27.997526,25.546395,30.763212
29.214571,35.237480,21.596332,,,,27.721104,25.775829,23.781650
35.150323,22.919505,45.193612,,,,46.055497,30.687029,30.962661
30.104011,40.828472,33.103984,,,,35.050783,26.001250,32.479015
24.082998,26.892012,36.843355,,,,26.010051,50.475094,24.593686
24.666117,33.403401,22.202401,,,,29.243570,48.484279,31.923716
31.169818,35.910231,28.795719,,,,25.461480,33.321791,41.639263
28.225060,20.749970,21.439384,,,,64.606295,22.532351,37.201338
44.648976,26.381919,26.492163,,,,25.999808,27.987021,32.394155
30.305943,26.943134,36.359687,,,,31.869606,27.879168,30.626588
29.697615,26.300828,22.202402,,,,36.683293,26.724855,25.416054
35.679922,31.360324,31.558287,,,,42.558263,27.545534,27.856899
41.211209,26.381919,28.480324,,,,25.343498,25.443428,27.871164
30.348227,25.205281,43.313337,,,,36.364231,36.855517,45.465081
33.932284,33.546473,21.970079,,,,25.466820,26.361182,25.966523
29.779785,27.815530,33.929503,,,,28.619313,25.225937,47.261783
23.171903,31.740393,30.451471,,,,40.493736,29.907918,39.939405
38.320548,34.335577,31.056965,,,,43.447079,28.752118,27.668335
30.481558,31.358884,32.814903,,,,29.068523,32.197524,26.065709
27.739460,31.266599,25.929288,,,,27.594412,24.296583,31.852250
49.829190,21.122185,26.036926,,,,27.146383,30.162314,31.337121
30.023611,22.205822,27.902328,,,,29.064424,35.845405,32.125490
32.349284,35.699596,28.823867,,,,27.207264,26.407829,42.196017
28.019934,25.543869,32.187584,,,,51.580430,30.624028,52.189203
22.034231,23.655158,38.101913,,,,25.229849,25.537593,36.776428
27.622578,28.047488,28.658392,,,,22.993417,25.581543,28.463016
27.549278,37.360765,19.429269,,,,38.927098,42.502580,37.541536
24.992346,24.194094,28.259980,,,,28.432187,29.092742,25.579457
22.693145,30.068355,33.103988,,,,38.132244,31.609445,17.097018
29.779784,27.649719,24.813998,,,,43.992045,39.511840,28.634544
33.289024,32.220339,25.377181,,,,48.580318,31.253283,49.949074
43.642219,24.007647,22.777073,,,,28.899638,27.640978,29.787371
23.171902,26.561883,29.935259,,,,35.352393,44.932412,23.781648
25.397050,24.007647,33.088198,,,,25.994684,24.986248,31.268611
32.803074,27.601181,34.256982,,,,25.332710,37.166868,35.576364
30.042337,30.832822,36.854188,,,,23.117101,27.640977,29.031229
26.373042,24.254809,25.724360,,,,53.575511,29.489463,35.060948
29.760728,37.924889,34.819735,,,,26.999991,25.252981,26.073856
30.979029,28.366274,20.787361,,,,26.218096,28.805196,79.662030
33.100456,24.350078,21.596332,,,,23.265095,23.226418,46.348322
29.942776,42.249917,45.705807,,,,35.927222,37.334970,42.482874
37.388852,31.760866,49.698137,,,,27.698551,25.092991,29.077552
31.380655,30.890419,23.928543,,,,26.832842,26.732892,25.011629
42.335533,35.280466,36.627959,,,,23.233060,28.464700,32.892316
27.183707,27.385337,28.168692,,,,28.720361,27.050239,43.897246
25.108151,27.016553,27.808672,,,,31.332486,37.978262,26.430849
22.897995,27.264150,24.695412,,,,25.688972,26.560553,31.956620
34.120583,24.914874,46.458644,,,,32.096275,30.008085,27.177824
35.000584,36.886207,46.626385,,,,31.954570,30.640276,41.700447
29.448338,24.768247,30.303342,,,,27.882254,27.141399,22.420311
24.902722,29.222890,36.213826,,,,22.559840,28.417456,33.021031
33.024622,38.765063,38.693365,,,,77.334541,21.638567,31.456130
29.364299,22.352229,30.309947,,,,35.112644,28.079493,54.974222
40.745232,23.752785,25.868671,,,,29.243571,41.984982,25.841722
38.742804,46.015314,35.891686,,,,39.832987,24.399791,26.747047
27.378983,19.300898,23.324125,,,,35.288585,31.068122,25.355372
25.310273,29.928212,26.733997,,,,34.331979,33.119043,33.021031
40.579645,30.367182,27.361890,,,,42.273596,27.383305,24.416775
31.505406,29.264549,29.292089,,,,49.329748,27.705877,34.246350
37.437122,29.368186,26.935825,,,,22.416143,29.914337,24.713248
44.210614,33.836430,24.069728,,,,24.519626,26.303210,33.255165
31.778861,22.953368,55.326975,,,,39.013678,25.918983,51.922444
24.820749,24.133072,24.733662,,,,26.707276,32.368143,26.486705
39.623396,35.091129,24.508169,,,,23.899726,21.804755,34.553398
25.535145,34.913184,26.956092,,,,,38.756397,26.801594
33.430213,32.379437,27.035614,,,,,32.908492,33.421118
33.677928,22.241891,22.036199,,,,,19.366126,38.829584
40.613490,36.191977,26.049675,,,,,36.880856,26.172232
38.450109,25.090374,31.290203,,,,,34.828554,37.683886
25.423207,37.693659,31.206922,,,,,27.800225,31.674930
25.222897,24.069305,21.664750,,,,,23.743024,32.103686
26.744493,29.579756,33.618552,,,,,25.470012,91.309989
26.737341,30.228256,32.556594,,,,,51.124982,49.446650
44.167353,32.773508,31.697517,,,,,23.482356,36.710297
27.688825,28.681487,40.500617,,,,,29.907917,30.956883
24.207646,30.089603,24.469210,,,,,27.743229,29.812696
27.998406,45.177121,27.373437,,,,,26.942651,35.843664
41.686328,31.797545,33.322790,,,,,29.988941,26.073855
32.859566,34.581568,33.403617,,,,,24.521247,45.712509
25.814618,41.204947,24.982856,,,,,31.327508,25.799681
30.701922,27.216135,36.721236,,,,,25.700805,34.431235
37.870974,39.903743,25.098749,,,,,32.846567,23.919134
39.384015,27.507330,24.318023,,,,,54.557194,28.627792
28.936715,22.953367,41.025425,,,,,22.554950,27.185319
32.075575,26.379890,35.927919,,,,,61.810289,28.722904
43.771362,31.378423,33.605531,,,,,30.308732,34.642152
27.761393,25.573302,29.480422,,,,,25.129418,23.791436
31.960247,26.867356,31.856020,,,,,27.352637,36.425911
63.820628,27.216134,23.249147,,,,,27.640978,40.210895
54.942070,23.623279,24.278451,,,,,25.555189,27.387958
42.491448,32.461488,26.084060,,,,,31.225894,68.130543
30.844603,21.122186,46.240793,,,,,36.380607,32.233429
37.216374,22.461486,28.697317,,,,,19.542958,41.347023
33.117281,35.553676,36.022167,,,,,27.042390,45.446158
24.178791,41.141898,27.035615,,,,,27.648491,25.850011
32.209799,26.036564,20.368554,,,,,41.678998,28.600320
37.921579,32.010339,25.085015,,,,,24.296583,51.085864
28.337036,21.561697,50.966052,,,,,24.428692,24.416777
24.053843,24.976666,35.600563,,,,,27.987021,30.380381
35.637285,27.016553,29.683087,,,,,24.986246,44.856643
31.019498,31.248368,33.037540,,,,,27.800225,24.593686
28.161315,26.249219,25.942142,,,,,30.998628,25.189039
31.054564,66.690205,31.688906,,,,,33.900707,26.382714
34.574736,35.219708,34.590616,,,,,38.444507,41.297970
28.762088,40.731223,36.372767,,,,,25.992754,21.919755
28.406330,32.410691,34.649091,,,,,31.413022,27.335726
34.909278,27.931990,31.552196,,,,,36.490089,26.801594
46.885053,22.639420,30.089876,,,,,54.845424,26.801595
42.706616,36.095442,28.676299,,,,,26.311507,37.867942
39.677118,27.954804,32.240943,,,,,26.834195,32.851003
24.489902,38.188069,34.007475,,,,,32.795095,19.744920
18.763719,24.472027,30.727902,,,,,28.008998,26.840559
33.192688,28.186264,25.675894,,,,,28.705815,26.382713
30.042336,39.075486,25.290903,,,,,31.559622,25.467909
31.539403,27.264149,38.223686,,,,,29.058779,28.593549
36.513756,30.737347,26.676987,,,,,27.553099,38.519339
28.849665,24.560943,30.382271,,,,,32.851888,36.564389
38.472950,51.729291,37.214355,,,,,27.979690,42.784252
34.316829,26.865403,36.359689,,,,,48.042596,24.957857
28.916530,25.546034,22.137272,,,,,24.457526,23.193936
24.396542,22.882848,27.478117,,,,,34.376589,36.290567
28.197415,49.384407,30.939021,,,,,25.357495,24.055056
32.525857,27.214227,39.466002,,,,,28.284180,24.426061
31.318698,35.642487,37.260528,,,,,28.471785,24.602837
31.662911,26.249218,26.631930,,,,,28.367593,24.894922
28.936715,29.989331,31.784250,,,,,45.322117,25.850013
29.672649,32.671044,28.469659,,,,,32.664783,48.237615
38.634414,25.062042,28.883092,,,,,29.731558,25.180308
29.089312,31.632529,27.381533,,,,,27.663508,32.415252
35.055645,34.943550,29.820886,,,,,25.801733,22.069968
35.851572,24.859629,27.714381,,,,,56.537222,21.456288
24.646747,29.071116,46.407677,,,,,,32.098310
32.418576,30.365647,33.690347,,,,,,31.830403
28.273794,28.545759,29.938137,,,,,,29.869048
30.403143,30.426549,29.274929,,,,,,47.754681
25.839939,34.717460,25.126174,,,,,,37.593026
39.769224,26.405464,29.636871,,,,,,35.973817
32.258561,28.297936,29.663445,,,,,,23.531844
30.696498,31.885394,33.964790,,,,,,30.191370
28.218643,32.790082,26.320937,,,,,,23.266398
32.036214,34.490767,45.673899,,,,,,33.708920
27.666778,31.303003,24.761900,,,,,,27.147340
37.886308,67.212272,43.513941,,,,,,24.161035
36.775552,28.522147,27.023779,,,,,,56.243166
43.657276,24.038514,24.879857,,,,,,63.519283
25.705107,52.701332,36.960886,,,,,,143.435880
40.368153,23.392519,26.562230,,,,,,25.639082
29.823573,25.293538,31.364248,,,,,,27.432634
27.571514,28.812536,52.428759,,,,,,18.984629
28.741659,22.094013,26.262118,,,,,,48.426655
24.368133,26.407489,31.437946,,,,,,34.083587
34.594432,34.748169,28.310799,,,,,,20.882598
31.432026,26.836777,27.079338,,,,,,34.365136
35.588039,35.569998,43.252850,,,,,,32.778371
40.484966,32.874027,25.163128,,,,,,67.040481
36.177446,26.249217,26.249574,,,,,,23.131371
26.236220,30.464986,26.215623,,,,,,38.073399
28.983086,26.379889,27.891215,,,,,,28.511203
26.023353,26.223339,27.276107,,,,,,26.832870
25.475362,27.483765,21.596332,,,,,,40.365880
30.696499,36.765899,25.785655,,,,,,36.801232
33.299653,34.058969,23.774939,,,,,,32.130853
28.890194,28.569336,27.752649,,,,,,35.895838
36.466844,23.623279,22.556499,,,,,,30.349987
23.770122,32.010339,27.166368,,,,,,25.189039
28.876078,28.767846,23.958709,,,,,,32.720947
44.645623,25.378993,24.917542,,,,,,31.308558
26.187057,25.931023,31.198040,,,,,,24.658166
34.306822,23.359916,28.087775,,,,,,19.468574
41.343081,42.532993,32.125673,,,,,,27.387957
26.130220,24.890702,24.069728,,,,,,29.660861
45.382852,27.288093,33.662123,,,,,,28.600320
32.080541,27.744449,36.525791,,,,,,37.926262
38.340058,26.089016,20.713015,,,,,,25.180307
25.423206,28.809133,36.800607,,,,,,21.468308
42.715864,32.238849,30.752629,,,,,,27.290733
45.636613,41.408292,41.510045,,,,,,21.989394
38.816978,34.718637,24.084644,,,,,,30.276929
31.341113,27.313890,23.902814,,,,,,29.705244
27.401498,31.812360,25.390602,,,,,,39.710310
30.189596,30.247741,38.876824,,,,,,28.545642
38.255967,27.624547,41.631189,,,,,,33.841183
28.225059,33.452492,24.814000,,,,,,29.578033
30.791250,26.511287,24.879856,,,,,,23.722150
34.178516,31.396507,23.113918,,,,,,26.285910
32.493895,23.359916,23.902813,,,,,,44.316701
28.019935,27.458288,22.284577,,,,,,
23.770121,31.486606,20.424716,,,,,,
45.144530,20.095824,51.593780,,,,,,
25.679521,25.120877,26.879668,,,,,,
22.865737,32.738984,41.016688,,,,,,
26.962372,30.834311,31.941901,,,,,,
30.263539,33.239137,31.984225,,,,,,
28.735468,31.940647,27.264480,,,,,,
38.869575,57.032434,29.433563,,,,,,
25.561021,25.374610,23.053845,,,,,,
35.441975,26.916623,29.507279,,,,,,
32.026252,24.888421,22.429960,,,,,,
29.942776,31.902908,28.487806,,,,,,
35.588038,19.348602,30.727901,,,,,,
35.838427,32.079728,24.996704,,,,,,
41.974132,29.135880,42.609334,,,,,,
26.580367,33.354159,21.280105,,,,,,
89.544780,23.623279,25.300388,,,,,,
44.006492,27.767572,22.493407,,,,,,
37.972046,27.212323,21.683156,,,,,,
25.275881,27.626398,26.855710,,,,,,
24.875457,27.909137,26.754571,,,,,,
27.430767,28.832280,32.572905,,,,,,
37.679114,33.516041,33.249400,,,,,,
24.729873,36.262002,26.855711,,,,,,
28.112190,23.655159,24.589984,,,,,,
43.406670,25.849185,35.495145,,,,,,
30.384857,18.902589,27.512433,,,,,,
30.232208,22.780324,22.777074,,,,,,
33.514704,26.741419,31.769678,,,,,,
28.161317,28.898115,26.935826,,,,,,
46.693613,24.257208,21.614856,,,,,,
41.053338,28.986555,18.558956,,,,,,
26.549190,45.041634,20.861179,,,,,,
31.301470,30.793810,26.790767,,,,,,
31.578452,19.054883,26.721892,,,,,,
22.079456,30.967861,29.580629,,,,,,
22.693146,36.453877,30.734326,,,,,,
31.505407,24.830770,25.290901,,,,,,
39.769222,35.828259,39.799215,,,,,,
34.561907,23.721169,29.285017,,,,,,
30.457861,30.946323,32.240941,,,,,,
35.894913,20.183665,41.168328,,,,,,
25.336612,24.590439,24.931464,,,,,,
36.024321,29.622029,31.174016,,,,,,
25.310273,63.374245,26.425417,,,,,,
30.750178,31.304445,34.145308,,,,,,
28.741658,39.949336,27.276107,,,,,,
27.401497,22.169636,25.098748,,,,,,
40.043021,26.992124,28.530365,,,,,,
35.415066,26.842654,26.721892,,,,,,
24.396540,25.953297,25.976813,,,,,,
41.235021,23.359918,44.504606,,,,,,
24.784984,31.866470,29.918828,,,,,,
27.520258,27.067207,31.896037,,,,,,
23.244110,24.133071,30.309947,,,,,,
32.487576,41.619126,28.157787,,,,,,
28.591571,38.101395,23.441222,,,,,,
27.615878,22.604609,31.174019,,,,,,
27.991885,29.662580,41.006394,,,,,,
47.902977,26.354266,87.415823,,,,,,
30.208116,30.793809,20.542229,,,,,,
32.771652,24.133072,28.519735,,,,,,
24.396541,26.354268,24.084644,,,,,,
49.225671,28.186263,24.931463,,,,,,
28.019934,26.714504,27.134673,,,,,,
32.221145,30.871741,28.608801,,,,,,
27.717493,24.828482,27.373435,,,,,,
28.543919,27.313890,35.460076,,,,,,
25.646111,23.912093,29.938138,,,,,,
25.832280,27.190153,27.178079,,,,,,
21.258879,23.427599,31.056964,,,,,,
29.325074,23.976698,26.766647,,,,,,
29.531897,59.025254,22.573483,,,,,,
28.364407,24.410019,28.851960,,,,,,
32.973399,30.445779,23.902813,,,,,,
28.154868,24.410019,27.608106,,,,,,
38.880745,31.450628,23.113919,,,,,,
31.204548,25.293539,24.347233,,,,,,
31.341112,34.368160,24.917543,,,,,,
36.936047,28.701409,48.002788,,,,,,
24.424884,29.557763,28.219839,,,,,,
33.810057,25.293539,31.520009,,,,,,
29.716754,23.623279,24.469210,,,,,,
43.782013,27.861502,30.025730,,,,,,
26.236221,24.770547,26.262119,,,,,,
38.593583,36.424906,40.505899,,,,,,
21.694889,44.296079,24.879857,,,,,,
28.385382,41.301649,26.676987,,,,,,
28.902440,37.823569,23.441221,,,,,,
28.090802,32.736347,24.154532,,,,,,
41.550709,27.016555,22.977089,,,,,,
29.942777,23.655157,40.193454,,,,,,
24.610472,31.867864,42.005185,,,,,,
26.317007,20.363899,33.805044,,,,,,
36.144993,27.042869,33.797475,,,,,,
29.325073,20.491969,42.174150,,,,,,
27.229341,25.404434,25.047830,,,,,,
31.318698,22.953368,31.918986,,,,,,
39.203390,27.385337,26.835290,,,,,,
36.766837,31.098808,34.738204,,,,,,
29.403424,26.691501,29.470467,,,,,,
26.878348,24.226895,28.259979,,,,,,
38.924351,21.638064,44.058119,,,,,,
24.638327,29.845276,26.425417,,,,,,
32.307180,25.902398,24.589984,,,,,,
30.348228,27.769403,24.931463,,,,,,
39.311964,29.743342,39.992706,,,,,,
28.916530,31.211838,24.931463,,,,,,
24.207646,29.158510,28.997751,,,,,,
27.660098,29.865261,24.761900,,,,,,
28.019935,31.117217,60.600104,,,,,,
30.221018,27.042871,31.552197,,,,,,
23.898046,22.054558,25.772643,,,,,,
32.661198,27.507329,29.470467,,,,,,
34.839842,25.374609,36.275730,,,,,,
46.951070,23.123843,26.867694,,,,,,
28.977000,31.173768,25.662770,,,,,,
27.761391,27.407191,20.767330,,,,,,
28.977001,27.649717,34.007476,,,,,,
26.324388,30.504842,33.185881,,,,,,
38.060918,24.859629,31.526115,,,,,,
32.947012,28.002124,34.665645,,,,,,
23.212807,24.038515,30.666400,,,,,,
29.923926,42.308923,28.259979,,,,,,
38.095871,27.931989,28.629917,,,,,,
29.260065,59.999120,22.556500,,,,,,
67.849713,22.531884,21.280105,,,,,,
19.885736,29.967938,31.074889,,,,,,
26.955338,40.654202,22.053992,,,,,,
42.859846,25.235509,44.952158,,,,,,
23.171902,24.859629,22.977089,,,,,,
25.535146,24.917148,24.084645,,,,,,
29.299467,34.764085,31.370414,,,,,,
27.855365,29.662577,33.257221,,,,,,
23.610546,30.929188,40.647237,,,,,,
26.187054,26.714504,38.067922,,,,,,
24.424885,25.092615,29.738945,,,,,,
30.984353,25.737836,23.973765,,,,,,
26.730187,27.530853,34.172743,,,,,,
33.495110,23.460012,35.311533,,,,,,
42.429574,32.430328,27.111162,,,,,,
32.445830,22.205820,24.084645,,,,,,
31.607176,26.223337,25.290903,,,,,,
39.093174,32.150192,33.416797,,,,,,
74.710181,25.847072,29.227413,,,,,,
29.448340,21.754594,22.698432,,,,,,
28.896318,29.556147,22.348851,,,,,,
26.831509,35.076655,25.833710,,,,,,
36.093199,24.439881,30.573198,,,,,,
26.236221,25.683937,23.456947,,,,,,
40.230772,31.023484,24.642811,,,,,,
39.524070,27.931989,22.636129,,,,,,
35.706435,26.143325,29.497343,,,,,,
23.898047,29.883642,28.230695,,,,,,
45.831361,36.858961,21.818483,,,,,,
25.336610,24.133072,24.332637,,,,,,
37.114845,24.472027,28.036143,,,,,,
33.835117,28.899808,49.160310,,,,,,
38.199254,33.964130,39.346223,,,,,,
25.865208,28.434283,27.023779,,,,,,
51.209095,30.603283,25.489525,,,,,,
27.183706,36.302598,32.125673,,,,,,
28.523174,34.042387,27.307475,,,,,,
26.187055,29.093849,33.916720,,,,,,
42.166999,33.805281,29.114556,,,,,,
26.317007,31.650320,31.446696,,,,,,
27.183708,30.268739,28.490984,,,,,,
30.004861,24.857345,22.476304,,,,,,
24.757459,26.302868,27.554658,,,,,,
27.206544,25.062044,23.588283,,,,,,
50.884825,22.919505,23.113919,,,,,,
40.641098,27.117672,33.999992,,,,,,
26.760947,25.376801,24.575674,,,,,,
24.729875,26.300825,27.767216,,,,,,
35.213164,41.931017,34.677884,,,,,,
25.336611,25.033648,29.018308,,,,,,
30.195204,44.323311,23.759633,,,,,,
25.542985,23.784319,43.279204,,,,,,
36.063329,30.927713,27.755996,,,,,,
35.715670,24.622193,25.112468,,,,,,
30.208115,35.194388,21.527478,,,,,,
25.646112,31.902905,26.096764,,,,,,
33.395379,26.407487,26.967988,,,,,,
24.053842,30.249282,30.492478,,,,,,
34.411299,27.909137,33.697968,,,,,,
23.140404,32.257343,26.778711,,,,,,
35.379952,31.598302,33.395867,,,,,,
29.285741,25.404433,20.191868,,,,,,
42.266605,26.840694,33.424543,,,,,,
43.471195,36.589544,31.511300,,,,,,
39.606128,25.793631,29.237530,,,,,,
40.936703,25.955392,25.277376,,,,,,
26.628093,22.919506,25.976812,,,,,,
30.714412,45.651069,33.468621,,,,,,
24.666116,40.276542,26.249574,,,,,,
45.354986,34.383239,21.026844,,,,,,
22.939881,30.639770,34.152721,,,,,,
37.967416,30.776503,30.044901,,,,,,
30.678564,25.321355,27.466660,,,,,,
34.240609,36.151135,24.522558,,,,,,
29.760727,23.623279,31.314042,,,,,,
22.758548,33.867518,26.002416,,,,,,
65.448456,28.500230,25.453513,,,,,,
32.823507,26.328590,25.587684,,,,,,
25.310274,29.845275,24.865878,,,,,,
30.104012,26.739442,28.883093,,,,,,
29.498993,32.358386,24.401115,,,,,,
40.299583,28.833977,21.280105,,,,,,
33.673424,29.723192,31.712155,,,,,,
43.982932,24.976666,30.028593,,,,,,
39.013337,28.963654,24.508170,,,,,,
28.084324,27.264150,26.811253,,,,,,
28.427246,31.172312,41.149441,,,,,,
28.942819,20.317430,28.707815,,,,,,
33.354472,36.219150,28.350681,,,,,,
28.084322,34.444598,30.948054,,,,,,
34.354150,25.207504,33.497173,,,,,,
27.805153,20.708511,25.565187,,,,,,
31.059864,35.982451,29.217282,,,,,,
29.194768,31.004967,51.013973,,,,,,
24.992345,24.560942,18.858032,,,,,,
29.220559,36.548528,37.503817,,,,,,
30.989677,28.611197,55.871059,,,,,,
50.377193,38.349096,27.307475,,,,,,
30.048000,28.186265,28.883092,,,,,,
41.952044,25.235510,39.929326,,,,,,
29.266035,21.676045,23.514982,,,,,,
37.913378,32.738984,28.767517,,,,,,
42.722334,26.483904,29.028573,,,,,,
32.630965,33.484299,26.049676,,,,,,
35.539898,25.461699,32.007047,,,,,,
41.872214,28.231038,41.821500,,,,,,
24.546094,26.302867,31.703552,,,,,,
24.302461,19.869219,23.249148,,,,,,
26.348737,33.661909,38.704919,,,,,,
29.823572,33.915276,25.565187,,,,,,
39.502433,28.569337,30.632324,,,,,,
38.160985,26.143325,24.099542,,,,,,
24.178791,20.791263,41.638177,,,,,,
29.531899,23.460013,28.219840,,,,,,
45.826509,26.221285,26.689134,,,,,,
25.143002,25.005189,32.693149,,,,,,
35.981292,46.203624,22.743690,,,,,,
25.998391,25.092615,30.650743,,,,,,
33.121940,33.757210,24.996703,,,,,,
29.659266,31.815155,21.280105,,,,,,
37.369454,29.866842,27.047442,,,,,,
25.915601,24.007646,30.659947,,,,,,
25.915600,33.805281,32.038262,,,,,,
28.337034,23.057017,43.118802,,,,,,
35.000581,23.784319,27.808673,,,,,,
35.998271,43.274185,29.224391,,,,,,
37.524922,24.622193,23.265134,,,,,,
27.137918,30.407295,39.475433,,,,,,
35.136649,25.710916,28.530364,,,,,,
27.877114,27.740780,25.199972,,,,,,
26.452997,27.886251,27.703118,,,,,,
30.637187,33.724678,39.651749,,,,,,
27.833580,30.560655,28.658393,,,,,,
32.751154,20.958032,22.053992,,,,,,
35.041899,28.965339,19.147910,,,,,,
30.263539,30.050202,28.490983,,,,,,
38.739394,23.023459,21.903558,,,,,,
29.923927,27.884433,25.502826,,,,,,
27.031890,26.766306,22.619241,,,,,,
45.409920,33.071944,30.963410,,,,,,
26.397302,50.570096,33.024057,,,,,,
26.939118,28.390149,22.777073,,,,,,
28.890194,21.869890,35.055752,,,,,,
35.459480,23.976698,27.011932,,,,,,
44.719209,29.433281,30.070759,,,,,,
49.377242,35.454751,25.551949,,,,,,
45.396780,27.286198,27.416090,,,,,,
22.865737,28.744596,22.977089,,,,,,
27.877117,23.392517,32.777100,,,,,,
33.786324,23.721169,29.104350,,,,,,
38.149383,26.275048,31.429194,,,,,,
27.549277,23.623280,22.348851,,,,,,
23.670985,30.388018,24.454759,,,,,,
28.585316,29.349157,33.909200,,,,,,
38.476392,28.812535,28.746602,,,,,,
33.233991,27.432763,56.648340,,,,,,
27.783288,35.091132,46.925304,,,,,,
25.222897,33.253973,24.628562,,,,,,
32.498730,27.139958,22.395531,,,,,,
36.824284,24.741480,24.813999,,,,,,
29.537761,24.770549,25.600885,,,,,,
30.183986,28.591146,38.666186,,,,,,
26.862037,27.744447,27.554660,,,,,,
33.528354,40.868626,22.993456,,,,,,
61.529088,34.535639,20.787360,,,,,,
27.549278,24.194094,28.862346,,,,,,
28.133545,28.612921,23.366993,,,,,,
30.832216,23.847138,30.657201,,,,,,
20.067830,33.597650,22.838610,,,,,,
24.302460,34.717461,27.404580,,,,,,
22.440924,26.143325,27.531861,,,,,,
29.240324,38.789703,23.233137,,,,,,
40.980014,26.817907,23.097722,,,,,,
32.834437,28.809132,40.218606,,,,,,
35.662630,34.429573,29.413586,,,,,,
29.364299,22.639420,33.286136,,,,,,
23.710188,23.492336,25.942142,,,,,,
31.227122,37.308632,26.024164,,,,,,
31.483228,29.368186,37.890387,,,,,,
37.650589,28.345875,31.123198,,,,,,
26.187056,40.792988,17.673449,,,,,,
23.540573,25.489148,31.174019,,,,,,
35.959132,26.664486,28.834271,,,,,,
33.830655,26.536609,61.662023,,,,,,
28.768268,32.200448,31.616375,,,,,,
26.268144,25.849185,28.647859,,,,,,
26.730188,38.411484,24.469209,,,,,,
28.197417,35.297045,28.501633,,,,,,
27.622579,25.710915,26.879670,,,,,,
26.885423,59.255632,23.759631,,,,,,
29.409334,44.990295,27.458612,,,,,,
47.611040,27.861502,32.600621,,,,,,
26.854950,30.966387,24.879856,,,,,,
36.546715,26.766304,28.658391,,,,,,
30.165439,37.398002,28.530365,,,,,,
31.612290,31.155424,28.076809,,,,,,
33.399957,28.458045,23.973765,,,,,,
27.401497,25.573300,24.642811,,,,,,
46.057105,27.954803,34.202345,,,,,,
30.379320,22.674125,26.367063,,,,,,
22.907741,26.141259,35.285845,,,,,,
21.502916,31.192087,35.524631,,,,,,
30.463368,32.027716,41.030570,,,,,,
42.460533,45.319790,36.943779,,,,,,
40.932707,34.748164,24.278451,,,,,,
33.519257,42.811572,27.554658,,,,,,
39.042219,28.344118,22.137271,,,,,,
24.424884,39.835615,29.964179,,,,,,
23.670988,35.224269,26.190434,,,,,,
30.305943,34.490775,30.160420,,,,,,
29.785547,34.027007,21.369514,,,,,,
30.361010,28.366274,33.633852,,,,,,
22.295685,35.266153,21.751030,,,,,,
23.439482,27.385340,45.015012,,,,,,
25.222897,18.538727,45.086622,,,,,,
25.542984,34.459609,24.575675,,,,,,
27.542541,36.080678,35.010643,,,,,,
28.694502,63.876913,25.213582,,,,,,
36.696670,26.143325,25.833710,,,,,,
28.605971,28.255146,29.025510,,,,,,
37.512924,28.591144,29.018308,,,,,,
24.666116,35.194392,21.664749,,,,,,
38.801336,23.460013,25.929287,,,,,,
36.318840,29.283689,32.970828,,,,,,
25.839940,34.896242,23.382820,,,,,,
23.927583,32.856221,28.036141,,,,,,
28.246244,21.599947,31.470303,,,,,,
29.299467,39.674242,33.162306,,,,,,
28.041430,25.092615,31.769681,,,,,,
31.955247,44.709418,25.390601,,,,,,
26.162405,38.435616,24.386583,,,,,,
37.511809,21.404239,37.283560,,,,,,
30.146866,28.412233,26.891633,,,,,,
27.085008,25.793629,29.237531,,,,,,
22.971930,27.626397,23.718171,,,,,,
27.372163,28.071908,26.979873,,,,,,
24.024616,35.121189,35.803494,,,,,,
38.828187,33.947451,23.887669,,,,,,
24.812446,24.917150,27.276108,,,,,,
42.469024,33.613429,28.725657,,,,,,
30.115290,24.799549,32.731142,,,,,,
28.626595,24.501737,20.973866,,,,,,
26.397301,30.964913,25.649635,,,,,,
32.692833,27.481894,36.675616,,,,,,
34.053644,23.291840,34.222302,,,,,,
26.421517,28.162043,25.277375,,,,,,
41.909810,48.092100,25.340850,,,,,,
32.942302,32.737664,29.302163,,,,,,
29.942776,33.483037,30.820173,,,,,,
25.449311,27.313890,25.538700,,,,,,
24.812447,31.703582,34.105184,,,,,,
41.821059,26.639407,19.036369,,,,,,
30.004863,29.579757,18.651434,,,,,,
32.440978,24.741483,28.757064,,,,,,
36.050332,34.836461,24.401114,,,,,,
28.936714,38.917620,31.141045,,,,,,
26.105460,45.413608,19.724955,,,,,,
27.054983,24.770549,22.395532,,,,,,
26.831510,34.398296,38.515737,,,,,,
35.898877,26.587108,22.556500,,,,,,
27.258983,25.955393,22.619241,,,,,,
26.421518,26.637418,30.249551,,,,,,
42.376039,28.658094,56.433751,,,,,,
29.083270,24.410021,28.697315,,,,,,
35.008923,26.143324,78.048549,,,,,,
37.843848,23.192909,24.733662,,,,,,
26.580367,42.930964,24.996704,,,,,,
29.473686,27.836714,27.458612,,,,,,
25.781561,22.566920,29.847135,,,,,,
22.725895,36.978658,31.752532,,,,,,
44.640509,41.566004,27.661346,,,,,,
27.475585,32.448602,29.264834,,,,,,
24.273832,32.479724,24.695411,,,,,,
38.994481,32.737665,38.201768,,,,,,
32.021267,34.353073,28.480326,,,,,,
26.292598,24.948078,28.608801,,,,,,
27.877113,26.117233,34.522521,,,,,,
26.187055,29.366550,25.390602,,,,,,
28.727394,32.010337,25.135783,,,,,,
32.771653,26.381919,25.538700,,,,,,
25.756128,37.243513,19.828906,,,,,,
35.253979,22.639420,26.249575,,,,,,
23.829755,25.791508,43.313341,,,,,,
28.252649,35.381497,27.067540,,,,,,
29.614989,26.405464,34.805463,,,,,,
35.746134,30.909079,42.811834,,,,,,
36.344435,46.152856,28.397979,,,,,,
41.228082,26.587108,36.028836,,,,,,
34.444111,28.810833,24.440292,,,,,,
30.421404,22.130448,27.404581,,,,,,
29.880431,20.791263,23.382820,,,,,,
32.798330,23.689467,36.621511,,,,,,
26.023353,26.867356,23.572731,,,,,,
22.833389,23.023460,27.650040,,,,,,
24.574094,33.961672,30.179422,,,,,,
24.149865,34.398297,37.509970,,,,,,
27.008757,33.452491,40.924947,,,,,,
30.372098,48.573956,36.220419,,,,,,
40.576558,25.033648,30.999450,,,,,,
26.682829,21.944130,32.357864,,,,,,
30.403140,26.223338,29.094138,,,,,,
39.192392,26.038648,28.619362,,,,,,
32.922014,27.742613,24.879856,,,,,,
38.184170,31.396507,19.702705,,,,,,
30.505218,26.062816,25.227178,,,,,,
37.317344,25.090373,22.348851,,,,,,
30.421403,26.793114,27.808673,,,,,,
36.521403,42.762141,22.681635,,,,,,
26.854951,24.590438,25.881586,,,,,,
30.109653,34.552939,43.149947,,,,,,
27.031889,25.652615,36.658243,,,,,,
40.430249,32.806643,29.847133,,,,,,
34.673353,31.470055,32.649372,,,,,,
33.756707,41.868528,27.319065,,,,,,
34.415615,26.354266,28.530364,,,,,,
27.183706,37.032768,24.332637,,,,,,
34.486769,33.239136,24.263771,,,,,,
30.348228,28.614647,27.233012,,,,,,
30.221020,31.778517,41.774945,,,,,,
30.023611,26.249218,37.805233,,,,,,
31.595381,29.222889,32.357863,,,,,,
30.637187,30.484169,26.855711,,,,,,
32.059152,20.051615,30.025728,,,,,,
23.898047,28.299699,23.265134,,,,,,
27.022766,30.523975,33.207081,,,,,,
43.695363,29.283691,37.348172,,,,,,
33.540228,33.661909,26.249575,,,,,,
43.524768,32.062410,32.318985,,,,,,
31.019499,35.030862,25.929286,,,,,,
46.140640,29.987761,21.903560,,,,,,
30.637187,36.805389,25.724360,,,,,,
26.105460,33.630437,30.632323,,,,,,
22.939883,23.655157,27.744766,,,,,,
29.003179,44.145989,27.221348,,,,,,
25.081330,28.940716,26.541357,,,,,,
33.044784,20.958031,28.179587,,,,,,
27.542541,38.408606,27.714381,,,,,,
31.539405,33.962900,57.410906,,,,,,
39.638402,30.776505,25.098750,,,,,,
26.341370,29.642317,24.667021,,,,,,
29.063289,29.578141,27.489565,,,,,,
36.241853,50.355782,42.569279,,,,,,
29.861504,24.257208,28.855060,,,,,,
28.406329,30.909074,29.383572,,,,,,
25.646113,31.395073,26.733996,,,,,,
37.317347,44.681958,28.530365,,,,,,
38.340059,24.592773,36.002160,,,,,,
37.476880,33.725918,37.079556,,,,,,
48.169572,34.152073,18.767585,,,,,,
28.916530,22.094014,23.113919,,,,,,
24.902722,25.349107,57.230304,,,,,,
28.983087,24.531376,28.697315,,,,,,
29.055397,31.991560,24.695412,,,,,,
44.808606,33.964128,26.215623,,,,,,
23.077151,31.449200,42.693983,,,,,,
29.279780,29.222891,24.084644,,,,,,
37.800185,28.525618,28.168692,,,,,,
44.570820,39.789773,21.007268,,,,,,
35.738139,28.656374,22.053992,,,,,,
26.341371,30.404239,22.412758,,,,,,
32.651613,27.530851,28.025138,,,,,,
30.517868,28.746305,22.184845,,,,,,
29.576423,24.133072,32.418896,,,,,,
34.292466,27.166036,26.879669,,,,,,
23.408701,24.830770,28.408698,,,,,,
26.137707,29.433282,33.567195,,,,,,
31.089554,33.579356,33.569488,,,,,,
30.714412,21.122187,26.879670,,,,,,
30.085365,37.292774,30.616633,,,,,,
28.605971,45.293062,48.646255,,,,,,
42.764893,21.869889,28.707812,,,,,,
24.638327,30.388017,26.425415,,,,,,
30.004863,31.284811,30.379478,,,,,,
33.976236,28.002123,36.379307,,,,,,
30.966749,23.718660,29.359480,,,,,,
29.214572,23.090479,22.838610,,,,,,
34.425559,29.114879,21.751029,,,,,,
50.269090,31.211839,28.668916,,,,,,
28.273795,30.890419,27.458614,,,,,,
37.172361,31.488033,28.697315,,,,,,
23.275325,26.741417,33.141049,,,,,,
27.783289,24.712344,42.604566,,,,,,
42.373196,27.214227,32.882251,,,,,,
36.512566,29.368187,37.364911,,,,,,
30.595700,29.242083,27.099393,,,,,,
41.983710,27.505461,38.768913,,,,,,
25.475360,32.151555,28.803037,,,,,,
35.894919,42.881041,20.787361,,,,,,
31.883919,56.909488,27.596754,,,,,,
27.015764,24.741482,28.390451,,,,,,
21.883525,23.460012,26.562230,,,,,,
24.693844,39.171363,28.647859,,,,,,
35.339423,32.187353,24.695413,,,,,,
27.031890,37.921936,30.061194,,,,,,
21.502914,36.244140,25.340850,,,,,,
29.149068,37.885727,32.007045,,,,,,
29.918219,33.253975,22.119613,,,,,,
28.154867,27.577779,28.339918,,,,,,
29.174940,19.103820,30.820172,,,,,,
34.364132,28.024826,25.061605,,,,,,
25.839939,29.368188,25.006413,,,,,,
33.334688,30.775012,24.642811,,,,,,
26.317007,24.680823,24.968994,,,,,,
23.244109,24.976666,48.975611,,,,,,
25.806947,23.392518,27.786288,,,,,,
44.321872,24.976666,23.021259,,,,,,
23.510057,42.199169,24.154533,,,,,,
23.510057,54.739763,37.144882,,,,,,
32.371778,33.058236,23.173681,,,,,,
31.862265,25.293539,26.295950,,,,,,
23.108823,29.243733,34.427165,,,,,,
30.403141,31.616127,27.233013,,,,,,
29.923926,28.833977,34.194946,,,,,,
25.046308,32.497937,30.563940,,,,,,
28.516888,24.770548,29.573694,,,,,,
27.833581,20.621776,31.680292,,,,,,
22.865737,24.622193,28.608801,,,,,,
32.059151,28.163824,28.598232,,,,,,
32.323354,22.094015,23.588282,,,,,,
25.423207,35.280468,50.613269,,,,,,
27.423974,27.434638,22.636130,,,,,,
32.651613,31.378426,46.778301,,,,,,
38.272071,23.849618,33.315001,,,,,,
37.847408,26.536609,20.466088,,,,,,
34.683150,33.206862,27.023779,,,,,,
41.869302,24.472027,32.911829,,,,,,
27.710837,30.425023,21.577775,,,,,,
48.728998,23.359916,37.781009,,,,,,
23.957045,41.239735,50.409447,,,,,,
34.302481,29.600098,31.411673,,,,,,
33.365063,46.567546,24.982857,,,,,,
55.683897,23.192908,39.167143,,,,,,
27.372164,28.767847,26.049675,,,,,,
19.555452,38.311757,56.372563,,,,,,
30.403143,37.269180,36.501781,,,,,,
51.185875,25.957488,28.580227,,,,,,
24.992346,31.794748,29.573692,,,,,,
20.804209,28.113475,58.991246,,,,,,
25.671767,26.223337,25.404009,,,,,,
23.275325,21.082180,29.636869,,,,,,
39.239647,56.756626,39.907068,,,,,,
26.978563,31.704985,28.707813,,,,,,
35.851570,31.851708,41.178535,,,,,,
37.005304,26.637417,26.766648,,,,,,
31.888945,30.718481,20.881031,,,,,,
51.176849,25.263451,32.271710,,,,,,
24.178791,23.291840,38.135855,,,,,,
22.329609,30.347849,52.630976,,,,,,
32.953153,50.817124,22.977089,,,,,,
33.544755,23.492335,27.091127,,,,,,
25.362892,27.977583,43.651493,,,,,,
29.214571,27.977582,35.714869,,,,,,
31.426851,20.749970,25.675895,,,,,,
20.287795,40.543552,27.447138,,,,,,
27.783289,22.352228,55.069412,,,,,,
31.391036,32.098403,24.386583,,,,,,
26.477110,22.130448,27.838850,,,,,,
23.898047,27.407193,34.631778,,,,,,
33.013823,22.780323,35.739942,,,,,,
25.081332,40.662406,25.565189,,,,,,
32.450686,34.227062,40.077986,,,,,,
29.389794,22.423313,28.139217,,,,,,
34.982615,30.622294,28.361435,,,,,,
22.865737,26.842654,23.902812,,,,,,
44.324457,24.799547,29.227409,,,,,,
33.737389,37.490980,30.275063,,,,,,
29.551253,39.157904,28.249146,,,,,,
28.632833,28.899809,57.859648,,,,,,
27.031889,45.696494,24.099542,,,,,,
30.768029,31.322611,24.454759,,,,,,
32.818765,35.351879,20.347691,,,,,,
27.497941,27.115751,23.308218,,,,,,
26.317008,26.249218,23.113918,,,,,,
23.275326,30.048636,23.718172,,,,,,
55.886493,43.183067,31.290200,,,,,,
48.282210,23.327226,22.556500,,,,,,
43.011118,25.983902,27.209672,,,,,,
23.770121,37.999053,25.199972,,,,,,
30.029280,39.971638,51.532601,,,,,,
33.430213,47.390678,28.679436,,,,,,
33.643606,21.162041,40.472123,,,,,,
50.414446,32.395069,34.105188,,,,,,
45.730537,27.744448,29.527129,,,,,,
18.667285,29.885219,24.761901,,,,,,
27.970312,23.880897,28.946243,,,,,,
20.381850,25.005190,28.862345,,,,,,
35.610661,20.491969,30.344749,,,,,,
40.906444,33.498917,29.636869,,,,,,
28.721198,24.102445,29.892704,,,,,,
33.815892,21.323082,23.718171,,,,,,
41.280703,26.277093,18.767585,,,,,,
34.101677,31.991563,34.291592,,,,,,
28.246244,29.328462,55.694988,,,,,,
26.292599,22.953368,92.857023,,,,,,
27.710837,39.697764,28.025136,,,,,,
22.971931,24.588106,26.215623,,,,,,
28.385384,23.057017,30.963410,,,,,,
29.305419,28.853695,30.570436,,,,,,
29.069340,36.549590,28.736132,,,,,,
36.588424,23.392517,34.658447,,,,,,
31.505407,35.074356,31.761109,,,,,,
25.249417,29.050024,32.814903,,,,,,
28.105721,29.264547,28.608803,,,,,,
26.130221,28.205120,23.514982,,,,,,
39.311971,40.904838,25.277375,,,,,,
38.427250,27.238260,29.999790,,,,,,
40.071426,31.866473,23.189773,,,,,,
23.957045,22.987132,24.084644,,,,,,
29.861503,26.639407,21.508802,,,,,,
25.449312,33.646179,27.744766,,,,,,
24.729874,23.090479,41.293016,,,,,,
34.043480,29.701414,34.316600,,,,,,
33.786323,33.500176,20.881030,,,,,,
38.122647,24.859629,29.873336,,,,,,
24.784985,29.863678,25.227176,,,,,,
36.670411,39.157903,28.073537,,,,,,
25.249417,24.859629,49.160303,,,,,,
47.736706,25.573299,22.348851,,,,,,
25.196322,31.228662,25.614073,,,,,,
24.082997,32.686401,20.787361,,,,,,
57.660634,27.093425,24.996704,,,,,,
39.801238,27.721286,26.062413,,,,,,
30.750177,26.689518,24.415629,,,,,,
37.252921,48.002906,27.361890,,,,,,
36.939789,32.413383,26.721892,,,,,,
30.122637,20.007208,30.054477,,,,,,
25.890429,33.021712,33.590202,,,,,,
21.096851,26.536609,32.092119,,,,,,
44.830505,29.179449,25.290903,,,,,,
33.172708,40.586854,39.865185,,,,,,
25.890430,22.674124,28.746602,,,,,,
28.203846,25.791509,28.736134,,,,,,
30.379322,24.976666,20.954190,,,,,,
38.210821,42.013525,27.512433,,,,,,
27.378986,27.188243,22.053992,,,,,,
26.501180,38.175855,27.221347,,,,,,
25.222897,30.661743,26.168961,,,,,,
29.325074,43.214742,27.661346,,,,,,
39.991264,32.132944,43.836853,,,,,,
28.632833,30.622290,22.395532,,,,,,
26.628093,36.399106,48.981729,,,,,,
35.432598,21.244430,32.327261,,,,,,
27.898829,22.814601,30.054477,,,,,,
31.807224,24.069305,39.210523,,,,,,
33.624158,21.323083,33.382670,,,,,,
25.973379,42.430363,28.014121,,,,,,
28.427247,29.845273,29.683087,,,,,,
32.834439,25.654760,50.566623,,,,,,
34.515147,23.020795,26.676987,,,,,,
39.629911,22.094013,25.340850,,,,,,
31.296252,25.739966,24.154533,,,,,,
27.183706,30.030482,30.258998,,,,,,
24.784986,38.632333,40.687516,,,,,,
26.219100,25.518705,24.044300,,,,,,
27.688825,23.159742,39.674308,,,,,,
24.424886,30.028893,31.248616,,,,,,
29.886156,34.089656,25.868671,,,,,,
25.973379,36.575181,30.160420,,,,,,
28.246245,30.464987,40.233034,,,,,,
28.667759,23.460012,32.986730,,,,,,
27.905397,31.579027,50.059100,,,,,,
29.319129,35.712459,34.563840,,,,,,
46.989359,24.888422,28.725658,,,,,,
31.950241,31.245474,35.543132,,,,,,
25.890429,31.023487,50.290025,,,,,,
48.246656,34.749340,32.038260,,,,,,
29.935340,24.439881,21.903558,,,,,,
28.358053,38.410528,28.530364,,,,,,
28.475291,30.249283,35.135821,,,,,,
43.013879,21.558660,25.227177,,,,,,
26.236221,33.868752,39.014853,,,,,,
29.364303,34.276232,26.932271,,,,,,
33.464977,37.308628,26.096762,,,,,,
27.206544,27.385338,23.785673,,,,,,
24.053842,37.835023,33.249397,,,,,,
32.477892,27.093425,28.128289,,,,,,
40.552913,26.639408,27.596755,,,,,,
32.978099,22.566919,23.249147,,,,,,
27.281695,41.577946,29.423578,,,,,,
34.082750,23.815769,24.931463,,,,,,
30.732307,39.360816,25.600886,,,,,,
35.036460,29.886801,30.125189,,,,,,
25.362893,20.406767,25.846662,,,,,,
38.697733,23.655158,29.142091,,,,,,
28.496104,25.461698,31.281365,,,,,,
37.588418,34.445790,21.026844,,,,,,
32.333136,33.626685,27.744766,,,,,,
32.150998,27.694403,31.575645,,,,,,
40.782825,28.478283,28.619363,,,,,,
27.927067,25.793629,30.179422,,,,,,
23.670985,23.849618,24.695411,,,,,,
32.957859,32.705712,28.401176,,,,,,
30.535993,26.458482,26.203034,,,,,,
21.539379,24.857345,25.176777,,,,,,
24.902722,32.823186,34.602907,,,,,,
28.427246,46.203625,31.065927,,,,,,
31.375462,28.634663,21.970079,,,,,,
27.183707,29.264550,28.249147,,,,,,
40.419918,26.117233,25.327377,,,,,,
23.035762,26.585112,30.795558,,,,,,
31.466178,29.349158,23.718171,,,,,,
26.908768,25.064290,31.476428,,,,,,
28.564632,38.750376,29.035771,,,,,,
28.694503,21.323082,31.502593,,,,,,
41.923226,25.376801,29.837425,,,,,,
28.936715,25.546031,30.752627,,,,,,
26.428840,31.614716,24.931463,,,,,,
30.342678,19.869219,24.318024,,,,,,
27.593713,29.455459,23.499333,,,,,,
24.302461,27.190152,32.769048,,,,,,
35.277039,29.072788,38.348814,,,,,,
34.349822,32.534311,23.113919,,,,,,
32.993626,48.689334,21.683157,,,,,,
35.543943,26.813980,23.366993,,,,,,
30.826840,22.387827,28.580228,,,,,,
26.992604,44.361712,25.833710,,,,,,
32.724405,29.948087,20.713014,,,,,,
30.085364,36.844795,27.416090,,,,,,
27.229342,26.377862,32.029836,,,,,,
28.523174,23.460012,33.133172,,,,,,
27.401496,32.221702,29.873337,,,,,,
25.973379,26.994065,23.441222,,,,,,
23.510057,33.451222,26.835290,,,,,,
38.344607,48.013737,31.607720,,,,,,
30.903121,27.909138,28.823868,,,,,,
31.082653,36.725268,33.141048,,,,,,
35.000581,28.701409,26.471179,,,,,,
39.513252,29.908311,22.137272,,,,,,
30.595698,29.345880,26.168961,,,,,,
34.968808,25.179437,26.190434,,,,,,
36.534063,28.503710,30.954387,,,,,,
28.673975,31.616134,31.429196,,,,,,
46.393321,28.047487,27.079340,,,,,,
43.465802,28.321926,34.944171,,,,,,
33.697312,29.328462,27.416091,,,,,,
40.829532,38.776911,29.433566,,,,,,
25.730642,40.130641,25.290904,,,,,,
35.842400,26.509280,26.109455,,,,,,
31.590259,30.048637,27.330647,,,,,,
28.225059,26.064898,19.406335,,,,,,
30.128270,26.197406,21.280105,,,,,,
38.956735,27.166037,28.259980,,,,,,
26.753804,26.791152,29.254735,,,,,,
35.105122,25.875820,22.412759,,,,,,
22.329610,31.153970,21.596332,,,,,,
25.249417,26.943134,34.872462,,,,,,
39.228676,26.302867,26.262118,,,,,,
34.640978,26.589108,21.026844,,,,,,
33.942516,28.184485,39.531430,,,,,,
25.781561,26.354266,36.324310,,,,,,
41.010169,27.240163,19.909990,,,,,,
33.172708,28.000323,50.676676,,,,,,
40.942789,32.115682,24.401115,,,,,,
29.595719,33.449964,29.517208,,,,,,
29.653453,25.875819,30.099424,,,,,,
35.163991,26.994063,26.574481,,,,,,
27.252102,25.120876,28.949318,,,,,,
31.556373,22.674124,25.390603,,,,,,
26.187055,27.931990,28.668918,,,,,,
26.955338,20.449456,27.307474,,,,,,
36.272630,31.974146,29.179735,,,,,,
26.421517,30.947799,23.514982,,,,,,
23.377839,30.004422,32.327263,,,,,,
25.671765,30.347852,23.173681,,,,,,
25.998391,35.771558,33.074751,,,,,,
39.056648,27.385337,24.865878,,,,,,
26.808030,34.809419,30.666398,,,,,,
21.848200,30.307579,31.975770,,,,,,
31.517270,33.221724,25.942142,,,,,,
40.305869,23.721169,32.380161,,,,,,
25.449311,31.740391,29.563801,,,,,,
30.867709,29.579754,21.209179,,,,,,
36.927406,23.976698,37.555415,,,,,,
24.518030,28.965339,32.978783,,,,,,
29.512519,26.381919,24.401115,,,,,,
25.449310,30.128906,31.552197,,,,,,
41.273791,32.011718,28.757062,,,,,,
26.525206,26.302868,27.470078,,,,,,
27.877114,30.814076,43.983117,,,,,,
25.998390,25.902399,33.597868,,,,,,
29.383876,30.088044,23.499334,,,,,,
24.702227,20.832393,41.016693,,,,,,
33.697313,24.886143,30.847465,,,,,,
30.732308,30.368714,24.945368,,,,,,
29.364301,25.902397,26.413026,,,,,,
25.423208,27.141874,36.035496,,,,,,
34.570458,29.513685,29.964182,,,,,,
28.647192,27.698085,26.471177,,,,,,
38.472941,23.556718,24.154532,,,,,,
33.613734,31.173768,33.093736,,,,,,
32.999752,31.098808,22.184846,,,,,,
24.302460,25.656905,24.879856,,,,,,
36.692877,29.845272,19.258167,,,,,,
33.086452,38.594586,27.478117,,,,,,
29.129176,25.710915,36.843354,,,,,,
32.302284,35.713568,35.887676,,,,,,
26.348737,18.902590,39.651745,,,,,,
53.811600,24.007646,26.237018,,,,,,
31.409738,36.275543,25.277375,,,,,,
40.597055,23.588777,28.841569,,,,,,
27.811762,25.291333,25.942142,,,,,,
28.246245,24.976666,35.220409,,,,,,
34.552041,28.899807,30.795559,,,,,,
23.171901,25.739967,27.416090,,,,,,
32.922014,35.813269,32.371914,,,,,,
25.561023,22.496741,26.109455,,,,,,
30.691075,35.569999,24.454760,,,,,,
31.938693,27.018487,27.543265,,,,,,
31.634286,26.062816,30.451468,,,,,,
32.355655,31.794748,30.035318,,,,,,
31.409740,24.888422,26.823276,,,,,,
33.697313,33.090804,26.631931,,,,,,
27.356434,24.828482,29.719374,,,,,,
29.214570,24.712344,27.714383,,,,,,
26.730189,34.320454,30.398202,,,,,,
27.153901,25.349108,22.053993,,,,,,
29.331018,27.361562,20.692840,,,,,,
26.962371,34.521883,23.441222,,,,,,
36.174736,22.814602,27.577418,,,,,,
33.579280,25.002932,32.938977,,,,,,
30.226613,30.027327,21.439385,,,,,,
34.881534,23.258956,32.769052,,,,,,
29.043279,31.958098,29.553903,,,,,,
35.768557,24.007647,37.760386,,,,,,
36.870282,21.042022,35.632615,,,,,,
33.273783,51.469725,22.053993,,,,,,
29.861502,27.698089,27.319066,,,,,,
28.869944,41.869337,28.911071,,,,,,
34.153954,23.623279,26.823276,,,,,,
29.905053,25.737836,23.499333,,,,,,
30.554097,31.153970,36.918412,,,,,,
22.440925,31.488033,27.523852,,,,,,
23.479461,30.890419,40.525389,,,,,,
26.730188,41.377100,40.495345,,,,,,
39.096516,22.885542,35.884972,,,,,,
22.693145,23.492336,24.522558,,,,,,
23.770121,28.275672,26.156328,,,,,,
24.992346,25.793630,25.833710,,,,,,
32.937591,21.869890,27.416091,,,,,,
21.183873,37.821590,41.015139,,,,,,
28.343400,24.410020,28.036141,,,,,,
30.104012,28.501970,34.150512,,,,,,
33.946951,33.483034,31.984225,,,,,,
29.766499,46.708724,39.372466,,,,,,
36.626239,35.017498,37.113510,,,,,,
24.302461,21.944130,28.270805,,,,,,
23.275326,29.783563,23.441223,,,,,,
34.775646,29.496465,28.548432,,,,,,
44.789230,21.561696,32.131550,,,,,,
29.716753,35.339883,35.194584,,,,,,
27.571514,30.601772,30.570435,,,,,,
22.551146,27.765741,25.614071,,,,,,
29.234345,23.392518,25.213581,,,,,,
30.926141,24.917147,34.508002,,,,,,
34.097282,24.007648,29.699780,,,,,,
32.850098,28.434284,33.103987,,,,,,
35.232160,28.255144,25.061605,,,,,,
35.105120,33.467138,23.902815,,,,,,
38.225887,23.620750,24.014348,,,,,,
24.546093,21.754594,24.761899,,,,,,
28.835510,33.948678,24.522557,,,,,,
40.029296,25.090374,23.113919,,,,,,
32.477889,30.699593,32.534542,,,,,,
29.063289,29.557764,24.099542,,,,,,
40.651319,28.253373,31.180263,,,,,,
31.014188,28.480024,30.957082,,,,,,
28.647192,22.352228,32.844603,,,,,,
33.864602,29.028896,26.036926,,,,,,
33.050896,28.569336,24.139704,,,,,,
30.732305,52.306968,22.838610,,,,,,
50.668495,34.595277,30.598171,,,,,,
31.209793,29.846862,21.118406,,,,,,
38.336583,31.319731,29.873337,,,,,,
24.757460,43.724866,42.909795,,,,,,
29.942775,30.679177,21.836632,,,,,,
27.408304,48.781134,35.778508,,,,,,
26.955339,31.507413,25.675895,,,,,,
37.456451,27.721285,25.976812,,,,,,
65.819041,25.546032,26.249575,,,,,,
29.980404,36.162592,31.508704,,,,,,
45.101315,32.447255,40.351343,,,,,,
25.806944,23.192908,20.191868,,,,,,
49.734403,27.836713,27.067542,,,,,,
27.877113,24.007646,28.065833,,,,,,
29.409334,33.741571,35.927916,,,,,,
40.859903,32.081104,26.483513,,,,,,
28.543917,29.723193,54.699814,,,,,,
41.683397,29.785156,35.147729,,,,,,
34.775643,30.109267,23.702790,,,,,,
26.753806,29.390462,24.224021,,,,,,
24.965277,29.516928,27.166367,,,,,,
28.802865,23.721169,23.572732,,,,,,
37.729123,26.143324,28.451494,,,,,,
32.957860,34.182590,39.905431,,,,,,
26.628092,27.456414,25.785655,,,,,,
28.809025,29.051697,33.029616,,,,,,
35.951229,33.947447,24.865879,,,,,,
27.811764,29.765061,34.542110,,,,,,
24.489902,35.354142,21.970079,,,,,,
26.962371,27.361563,26.471178,,,,,,
30.867709,39.207089,25.313889,,,,,,
32.807825,27.409070,33.531071,,,,,,
31.539402,30.328497,25.538699,,,,,,
26.831510,26.639408,21.118405,,,,,,
31.409741,24.472027,42.741870,,,,,,
36.076309,47.743344,30.939022,,,,,,
26.885422,28.344116,25.489524,,,,,,
28.653419,34.088435,23.441223,,,,,,
24.875457,33.677619,24.154533,,,,,,
24.757459,22.277843,34.475995,,,,,,
28.605971,31.796147,28.806145,,,,,,
23.108821,34.803586,25.327377,,,,,,
39.509987,23.457448,28.608801,,,,,,
27.031889,33.054355,39.789932,,,,,,
34.130700,28.965338,32.526367,,,,,,
47.157938,28.701410,31.322860,,,,,,
24.610472,31.704989,23.572732,,,,,,
36.289337,53.709281,26.574482,,,,,,
42.801810,27.930181,27.512434,,,,,,
30.559570,26.842656,33.782325,,,,,,
27.327006,31.376991,28.746600,,,,,,
27.861952,27.481896,24.996703,,,,,,
48.870205,30.464986,46.751786,,,,,,
29.653455,26.430989,32.984360,,,,,,
34.197338,30.407295,30.554681,,,,,,
26.753805,36.617195,24.642811,,,,,,
24.965278,26.817906,23.308219,,,,,,
56.220070,28.345876,21.331576,,,,,,
33.055572,35.511348,23.702790,,,,,,
34.747689,28.787652,25.240758,,,,,,
27.446411,24.651543,29.131905,,,,,,
33.677928,27.410951,30.700402,,,,,,
28.977001,33.403398,24.561349,,,,,,
23.540576,25.654759,31.039024,,,,,,
31.221882,25.573301,36.694897,,,,,,
32.397630,28.812535,23.456948,,,,,,
26.831511,62.356166,43.455375,,,,,,
25.073204,38.920423,35.190415,,,,,,
29.089311,37.962009,23.816202,,,,,,
27.593712,26.036564,32.701239,,,,,,
30.890782,41.460993,30.759041,,,,,,
42.420193,27.240163,23.774938,,,,,,
34.382749,27.409070,20.713015,,,,,,
22.584308,32.078359,32.790790,,,,,,
28.516890,57.155247,26.215624,,,,,,
26.080655,27.530853,23.189773,,,,,,
28.823210,44.526911,26.689133,,,,,,
32.771651,30.288171,24.695412,,,,,,
32.307181,37.216788,21.934192,,,,,,
33.223320,25.875820,35.057860,,,,,,
30.809054,40.062399,27.672642,,,,,,
24.929926,42.279842,30.115658,,,,,,
45.010562,28.321926,26.002417,,,,,,
40.667718,38.557723,23.366994,,,,,,
28.558367,27.790657,26.631930,,,,,,
36.604851,32.168779,28.785286,,,,,,
29.063288,22.316514,22.493408,,,,,,
26.628093,25.764700,18.767584,,,,,,
41.003152,28.769555,34.020192,,,,,,
26.706530,36.424907,25.737421,,,,,,
31.778862,31.725510,26.446474,,,,,,
24.424885,42.422039,25.390601,,,,,,
23.829755,33.757210,28.259979,,,,,,
23.770121,34.641048,35.008530,,,,,,
26.397302,33.707759,29.366516,,,,,,
30.619183,23.457449,25.724360,,,,,,
25.535145,41.973931,26.891632,,,,,,
29.364299,25.177210,26.262118,,,,,,
30.714415,108.308310,25.881586,,,,,,
32.221144,28.963655,37.377300,,,,,,
29.467803,32.359734,27.512432,,,,,,
25.806946,27.040938,33.286138,,,,,,
25.948320,27.954804,29.396569,,,,,,
27.304367,24.380085,31.065927,,,,,,
23.829754,23.291840,33.309535,,,,,,
30.499723,38.825177,26.823276,,,,,,
32.984233,27.141875,25.833710,,,,,,
38.351544,27.067210,41.329003,,,,,,
41.132420,30.562168,77.484619,,,,,,
22.407337,35.310200,29.406570,,,,,,
39.531613,25.710915,24.522558,,,,,,
26.939119,25.873710,30.896490,,,,,,
39.924589,23.721168,39.625869,,,,,,
28.890196,29.598487,28.931748,,,,,,
22.865737,30.871737,25.662771,,,,,,
44.338248,28.634664,40.574848,,,,,,
24.574092,31.740392,39.484879,,,,,,
23.799975,30.677676,24.799948,,,,,,
44.947080,25.207505,26.709776,,,,,,
43.598666,25.064292,26.991748,,,,,,
24.082999,31.812361,24.642810,,,,,,
22.034230,22.387826,30.623104,,,,,,
37.293068,31.376987,29.656547,,,,,,
23.799975,21.754594,26.529075,,,,,,
32.344398,22.601848,32.465742,,,,,,
43.329399,29.886801,39.475440,,,,,,
24.965277,28.767847,25.213581,,,,,,
24.082998,37.360769,26.413027,,,,,,
35.509084,29.786747,24.561349,,,,,,
23.540574,21.832582,26.879669,,,,,,
28.694504,35.135621,28.619363,,,,,,
32.221144,31.869258,29.480421,,,,,,
25.586848,31.794748,28.580228,,,,,,
38.149386,38.557729,35.946005,,,,,,
40.962934,25.766827,24.761901,,,,,,
41.766865,30.525494,26.778712,,,,,,
33.849863,26.664485,44.087970,,,,,,
23.035764,30.814076,26.574480,,,,,,
29.754957,33.055649,25.098748,,,,,,
35.738137,23.524572,44.238777,,,,,,
28.977001,33.124600,24.865881,,,,,,
26.730188,23.652636,26.308449,,,,,,
19.700242,22.277844,27.554658,,,,,,
33.454451,26.992126,33.618553,,,,,,
28.762088,37.438191,29.312232,,,,,,
31.505406,25.321355,29.563801,,,,,,
47.749299,28.480025,35.851357,,,,,,
24.902721,27.554335,34.160138,,,,,,
31.790518,26.867357,25.989620,,,,,,
35.951231,25.820378,24.154533,,,,,,
44.061394,25.546032,25.377181,,,,,,
40.916526,29.390462,22.267152,,,,,,
27.833580,32.770870,21.209179,,,,,,
30.595698,28.592874,25.785656,,,,,,
29.174939,40.420527,26.709777,,,,,,
30.791253,34.166124,29.131907,,,,,,
34.729462,31.939260,37.172450,,,,,,
44.927823,26.247169,26.664831,,,,,,
31.169817,33.931984,22.760394,,,,,,
34.640978,30.249284,28.014123,,,,,,
23.731119,31.375553,20.954191,,,,,,
52.778716,20.791263,30.709572,,,,,,
44.547872,30.050202,32.594912,,,,,,
46.093743,33.157036,42.778306,,,,,,
24.638327,32.378084,28.157788,,,,,,
34.765899,27.719448,36.573716,,,,,,
30.457859,32.602819,28.219839,,,,,,
26.023353,21.162042,43.027869,,,,,,
30.708995,40.959686,21.439384,,,,,,
30.961420,29.743344,29.507279,,,,,,
31.807223,20.320849,21.527478,,,,,,
25.423206,43.855644,26.721892,,,,,,
24.693846,29.639102,26.215622,,,,,,
37.151591,28.368031,25.502827,,,,,,
27.401496,37.999049,40.792803,,,,,,
39.624400,24.622193,34.939206,,,,,,
40.199437,31.525348,27.512433,,,,,,
26.397303,25.793631,28.278394,,,,,,
31.556371,28.636385,31.322859,,,,,,
28.922643,31.543263,29.046025,,,,,,
28.041430,32.957538,23.189772,,,,,,
28.997102,33.220446,26.237018,,,,,,
26.130221,26.458482,28.959634,,,,,,
25.620408,25.434188,37.888585,,,,,,
41.086401,24.319996,25.440157,,,,,,
25.561023,24.133071,27.209672,,,,,,
28.849665,24.770549,25.440159,,,,,,
27.475585,27.091499,23.308219,,,,,,
28.448131,44.120011,27.661346,,,,,,
22.897995,24.799548,23.943635,,,,,,
43.232925,38.000038,29.755572,,,,,,
47.902990,34.397102,28.036142,,,,,,
36.272624,35.671620,19.724955,,,,,,
34.087146,32.288833,61.470021,,,,,,
37.843844,25.489147,28.540985,,,,,,
26.105461,25.926821,27.574027,,,,,,
22.034231,23.686951,36.385841,,,,,,
25.561023,35.062175,41.784864,,,,,,
31.668005,22.461486,30.125189,,,,,,
28.983086,56.155999,32.685050,,,,,,
26.477109,46.270968,34.605065,,,,,,
29.063290,26.561882,20.617810,,,,,,
22.227525,32.939825,30.169923,,,,,,
47.628915,45.522509,32.769049,,,,,,
30.421405,27.192063,32.806868,,,,,,
25.948318,30.523975,32.077825,,,,,,
43.359077,30.929188,28.480326,,,,,,
22.939881,26.637417,30.275062,,,,,,
26.808030,27.409070,32.970826,,,,,,
25.697367,29.390462,29.918827,,,,,,
26.730188,48.387835,25.989619,,,,,,
28.653419,23.090478,29.254736,,,,,,
29.109257,32.497938,36.218449,,,,,,
31.232365,28.344117,26.823276,,,,,,
22.329609,35.897514,36.257967,,,,,,
33.430213,32.602823,32.836586,,,,,,
42.423022,35.135623,21.420555,,,,,,
30.342677,24.590438,23.189773,,,,,,
37.859200,28.299699,31.105333,,,,,,
32.237405,25.818262,39.366882,,,,,,
47.584183,25.064290,39.385859,,,,,,
35.451356,25.656904,30.025727,,,,,,
38.458079,41.452287,31.680290,,,,,,
35.681151,28.232812,32.755343,,,,,,
27.475586,39.406751,25.737421,,,,,,
24.666117,25.875819,22.331526,,,,,,
39.655647,29.743342,25.662770,,,,,,
36.298284,30.966386,22.053992,,,,,,
24.693845,28.636385,23.887667,,,,,,
26.130219,23.157111,31.712153,,,,,,
18.920833,23.090480,39.423186,,,,,,
27.666777,35.925136,49.615685,,,,,,
35.751357,38.544790,32.288309,,,,,,
28.379041,27.190153,40.712595,,,,,,
20.765113,26.302867,28.569636,,,,,,
28.715001,42.802631,30.554680,,,,,,
26.808028,30.503325,22.855177,,,,,,
52.506120,34.213054,31.346654,,,,,,
39.602874,26.171424,39.087469,,,,,,
25.081332,25.902398,23.718172,,,,,,
56.173414,21.907075,32.828562,,,,,,
27.108011,27.649718,27.943383,,,,,,
31.370273,24.133072,28.106414,,,,,,
22.584309,38.336017,33.440020,,,,,,
28.802863,33.597654,34.605069,,,,,,
36.907520,28.614649,20.368554,,,,,,
30.463368,29.093849,47.754098,,,,,,
34.226202,26.637417,29.018308,,,,,,
29.403425,50.991521,26.676988,,,,,,
27.805151,26.994062,27.134673,,,,,,
53.979165,32.396420,25.894490,,,,,,
31.646054,29.093849,26.967988,,,,,,
23.770120,27.065281,22.916295,,,,,,
30.517868,24.194095,23.917937,,,,,,
38.728136,34.166127,42.384188,,,,,,
28.782490,25.849185,35.846643,,,,,,
31.318698,36.358729,27.608104,,,,,,
38.408884,25.207504,19.828907,,,,,,
24.875458,26.842655,25.662771,,,,,,
33.314877,23.721168,28.036141,,,,,,
37.404583,24.741481,25.440159,,,,,,
42.157487,30.404238,25.614073,,,,,,
35.588037,40.163797,25.565187,,,,,,
31.646055,27.456416,34.085090,,,,,,
29.817826,33.124598,28.764398,,,,,,
31.773800,24.712344,41.200975,,,,,,
21.258878,26.433009,34.718840,,,,,,
23.408701,24.287445,22.331525,,,,,,
27.615877,36.912368,28.321587,,,,,,
38.869576,29.262900,25.404008,,,,,,
32.740170,24.830769,25.176776,,,,,,
27.732815,34.167340,27.142913,,,,,,
26.753806,45.720691,23.572732,,,,,,
40.535472,36.789100,39.056870,,,,,,
24.757460,29.926636,27.554658,,,,,,
27.031890,26.117233,30.460794,,,,,,
25.973377,56.465686,26.956092,,,,,,
31.773798,27.385338,29.073690,,,,,,
32.792125,32.889193,20.113046,,,,,,
25.586847,27.507327,27.995359,,,,,,
33.445321,30.543083,21.369514,,,,,,
26.932073,31.832743,28.959632,,,,,,
51.136803,36.439394,31.769680,,,,,,
41.106406,24.130649,39.609334,,,,,,
36.340570,29.222887,29.600381,,,,,,
63.472292,29.620420,25.846661,,,,,,
48.179047,28.636387,38.834423,,,,,,
28.673975,40.675744,35.706060,,,,,,
28.802864,29.286983,22.777073,,,,,,
29.434750,31.921788,32.572906,,,,,,
26.908768,26.169364,23.846653,,,,,,
32.307182,20.406767,26.823276,,,,,,
32.339513,30.679178,16.689018,,,,,,
29.149070,26.536609,24.879857,,,,,,
24.902722,35.611072,24.982857,,,,,,
31.646055,38.434652,21.439385,,,,,,
34.673355,36.327464,23.514982,,,,,,
26.915828,58.423441,32.603052,,,,,,
26.932073,41.566822,29.935259,,,,,,
35.810890,31.022019,28.949319,,,,,,
23.868438,22.604609,20.861179,,,,,,
27.236235,27.190153,20.692840,,,,,,
28.203844,35.629576,29.928484,,,,,,
30.221019,33.693320,21.769294,,,,,,
30.281969,31.135605,31.631090,,,,,,
34.364128,33.039338,30.476642,,,,,,
33.299654,26.458481,39.094827,,,,,,
35.925074,23.559261,23.718172,,,,,,
31.573325,38.433694,21.987979,,,,,,
32.751159,24.917148,30.914595,,,,,,
30.809059,23.524570,37.406385,,,,,,
40.670804,30.716985,19.124297,,,,,,
40.525181,25.293539,29.553902,,,,,,
30.047999,38.656189,27.319065,,,,,,
28.762088,31.483758,26.923901,,,,,,
32.572208,29.969511,23.718171,,,,,,
38.141290,33.074530,31.517412,,,,,,
27.008757,33.287437,25.163126,,,,,,
28.694503,34.273822,32.752933,,,,,,
23.799976,20.958030,25.737422,,,,,,
27.160832,37.410730,20.617810,,,,,,
27.130974,32.687722,27.178078,,,,,,
29.905055,23.784319,40.336990,,,,,,
31.723530,24.622194,26.049675,,,,,,
29.634236,23.815769,29.801424,,,,,,
37.176059,22.316514,20.767331,,,,,,
24.216367,30.544597,27.416090,,,,,,
31.807222,44.472219,21.527478,,,,,,
22.114045,23.623279,20.934478,,,,,,
24.848133,31.431177,43.359863,,,,,,
27.206544,44.664825,28.025136,,,,,,
31.662911,24.472027,33.265035,,,,,,
28.427246,26.277093,34.237065,,,,,,
24.729875,25.489147,28.580227,,,,,,
27.593712,28.163823,36.158330,,,,,,
26.105462,35.076656,25.942144,,,,,,
31.037042,29.412704,30.363521,,,,,,
44.752984,33.979566,22.698431,,,,,,
44.403500,27.410950,24.303393,,,,,,
44.035273,22.674124,21.098999,,,,,,
27.206542,31.541842,23.189773,,,,,,
26.682829,21.944131,23.382820,,,,,,
30.961418,26.965710,31.373038,,,,,,
33.801114,26.587109,23.037563,,,,,,
27.615877,40.420524,34.884560,,,,,,
31.313487,34.010390,29.847134,,,,,,
28.605972,21.869890,33.270517,,,,,,
32.150997,26.689518,21.508803,,,,,,
30.505216,26.842654,24.372035,,,,,,
27.130974,28.024825,33.374903,,,,,,
25.108151,33.804043,44.382405,,,,,,
24.666117,24.380086,31.975768,,,,,,
40.064073,34.984950,27.416091,,,,,,
29.716753,29.724792,30.379474,,,,,,
33.815893,34.955816,24.084644,,,,,,
29.918220,35.512470,40.905826,,,,,,
24.424884,23.880896,52.211309,,,,,,
27.038884,21.869890,28.834271,,,,,,
25.423207,42.372500,25.327377,,,,,,
25.449310,23.556718,25.263834,,,,,,
24.992346,51.110054,30.382270,,,,,,
37.791938,22.130448,24.249075,,,,,,
29.194768,26.169362,28.339918,,,,,,
27.206544,34.041165,28.490984,,,,,,
26.292599,23.943209,28.844668,,,,,,
27.783289,25.434189,28.043859,,,,,,
31.646055,30.109268,26.215622,,,,,,
35.584004,36.521834,24.695412,,,,,,
27.549278,26.354265,21.664749,,,,,,
37.369456,24.102446,23.846653,,,,,,
26.932071,29.242083,24.879857,,,,,,
32.630965,27.456414,31.599062,,,,,,
39.148355,29.307737,26.843716,,,,,,
28.802865,23.291839,30.752624,,,,,,
27.453194,41.963820,30.354138,,,,,,
34.397030,24.888424,23.702790,,,,,,
30.750181,30.927712,27.067540,,,,,,
25.973379,29.390462,26.697651,,,,,,
28.427247,34.460798,22.760394,,,,,,
28.315984,53.103028,20.270079,,,,,,
25.594652,44.165719,21.439386,,,,,,
30.691075,23.291840,27.566043,,,,,,
19.213620,37.579478,39.941796,,,,,,
23.670985,35.135626,38.223689,,,,,,
46.601185,18.645880,43.613318,,,,,,
24.638330,41.054177,21.260993,,,,,,
36.259783,41.173451,29.490368,,,,,,
28.154867,26.062816,29.590506,,,,,,
31.204548,31.687254,38.784452,,,,,,
24.489902,26.842652,30.099425,,,,,,
30.361011,21.754595,25.846660,,,,,,
31.488382,53.608820,31.566969,,,,,,
29.942775,27.383454,33.690349,,,,,,
52.702159,29.200355,24.522558,,,,,,
31.353098,41.077831,23.382820,,,,,,
22.295684,45.050395,31.165118,,,,,,
39.137331,27.363451,54.491111,,,,,,
35.719678,32.045071,32.895851,,,,,,
23.479461,46.718180,25.176778,,,,,,
30.487057,21.481727,20.091648,,,,,,
30.152489,25.179437,27.276107,,,,,,
25.336610,35.657613,33.646852,,,,,,
25.806944,27.481895,34.057516,,,,,,
28.019935,24.102446,34.898765,,,,,,
21.096851,30.166552,34.395016,,,,,,
24.120873,31.078914,25.794781,,,,,,
26.501180,30.150072,25.846662,,,,,,
26.532470,37.515301,25.675894,,,,,,
45.249530,25.235509,33.964784,,,,,,
35.014359,29.744942,22.493407,,,,,,
34.711213,29.113212,24.347234,,,,,,
33.349881,24.194095,27.566041,,,,,,
26.831510,30.426549,27.962217,,,,,,
29.999185,25.149074,26.944188,,,,,,
29.905053,25.737836,29.359478,,,,,,
31.181937,30.907595,39.555784,,,,,,
28.782490,23.752786,50.914386,,,,,,
33.172706,30.853034,31.801364,,,,,,
32.302287,32.290187,23.113919,,,,,,
31.117580,32.973931,28.785286,,,,,,
23.701089,30.089602,35.285844,,,,,,
41.830717,24.472027,24.454759,,,,,,
23.540574,25.461697,24.945368,,,,,,
29.798817,26.892011,29.217284,,,,,,
48.795072,33.418090,34.865347,,,,,,
27.475585,27.190152,28.834271,,,,,,
22.617374,45.468803,35.376629,,,,,,
24.082998,25.543870,25.516114,,,,,,
34.779871,55.476022,29.433563,,,,,,
28.516888,27.530854,23.037563,,,,,,
32.514714,23.460012,23.846653,,,,,,
31.335907,29.116548,31.688907,,,,,,
23.927583,39.994814,51.266354,,,,,,
35.352942,36.178372,29.973811,,,,,,
28.069384,28.656374,27.142912,,,,,,
48.263344,21.082181,26.036925,,,,,,
25.019355,20.363897,26.156330,,,,,,
24.638326,37.137403,30.293920,,,,,,
32.766896,24.287445,28.350682,,,,,,
24.784984,32.874027,23.173681,,,,,,
53.834932,28.701409,36.802522,,,,,,
26.651889,25.600512,18.440154,,,,,,
31.955244,24.226896,26.203033,,,,,,
35.781755,24.560942,47.919308,,,,,,
34.877339,30.309116,27.523852,,,,,,
46.019653,29.865261,27.744765,,,,,,
19.743663,30.775014,26.308451,,,,,,
27.948706,35.741479,31.832985,,,,,,
32.906428,24.501737,28.036142,,,,,,
29.109258,32.704389,35.083883,,,,,,
32.719631,26.117233,42.479333,,,,,,
27.970312,42.422044,26.002417,,,,,,
25.362893,27.337747,24.318024,,,,,,
25.019356,25.149075,24.224021,,,,,,
32.371779,23.784320,26.676988,,,,,,
45.241270,28.658095,26.096764,,,,,,
23.275325,23.524571,39.961852,,,,,,
52.619278,23.327225,31.665625,,,,,,
25.509219,26.992124,25.440158,,,,,,
24.666117,31.375554,34.537028,,,,,,
29.260067,24.770547,20.861179,,,,,,
29.338765,65.983814,33.559521,,,,,,
38.935500,28.255141,25.340851,,,,,,
24.489903,35.178854,25.176776,,,,,,
30.714412,61.813886,27.512432,,,,,,
37.260278,24.560942,28.300004,,,,,,
43.436254,23.721169,26.109455,,,,,,
47.554312,33.484298,20.270078,,,,,,
31.129736,26.143323,24.813999,,,,,,
27.008757,31.286257,29.847134,,,,,,
34.580313,23.460013,29.964184,,,,,,
30.305942,34.970388,29.322297,,,,,,
25.054456,41.195287,32.210118,,,,,,
42.413628,33.040633,20.542229,,,,,,
32.286089,27.626396,23.037563,,,,,,
28.062894,35.728637,33.633851,,,,,,
33.495112,23.655157,26.516783,,,,,,
27.898830,22.461486,31.470301,,,,,,
28.062895,23.976698,25.440160,,,,,,
37.603981,43.996331,21.046385,,,,,,
28.133544,28.701409,31.290198,,,,,,
22.261657,44.854360,43.971039,,,,,,
33.990864,22.636666,34.304100,,,,,,
25.108151,30.641276,26.109454,,,,,,
34.612806,26.008171,24.761901,,,,,,
43.762538,60.424494,34.495635,,,,,,
33.044786,22.349402,24.628562,,,,,,
52.754442,29.222890,48.801859,,,,,,
46.269636,25.404433,36.943779,,,,,,
26.243646,24.287445,22.619240,,,,,,
33.854322,34.306529,25.807768,,,,,,
24.282506,24.038515,23.718171,,,,,,
26.236221,25.683940,29.056271,,,,,,
21.096851,27.385337,27.023778,,,,,,
33.024623,28.139562,30.354139,,,,,,
25.449309,28.810833,31.809913,,,,,,
38.385972,20.749969,24.761901,,,,,,
23.439482,27.838533,27.221346,,,,,,
48.818488,48.512278,25.377181,,,,,,
26.831512,29.326820,22.838610,,,,,,
27.761392,28.208669,36.948223,,,,,,
28.782490,19.774950,40.594285,,,,,,
25.362893,23.912093,32.108903,,,,,,
23.957045,28.703124,29.413587,,,,,,
25.143002,29.028898,26.262119,,,,,,
28.869945,27.091502,32.723066,,,,,,
23.957047,27.954806,25.098749,,,,,,
28.197417,31.940643,24.695412,,,,,,
26.421518,27.954803,28.619363,,,,,,
26.706530,29.051698,41.240180,,,,,,
24.207647,23.057017,24.575675,,,,,,
24.812447,29.202014,22.777073,,,,,,
26.784508,33.203013,33.309536,,,,,,
32.839176,22.780324,25.112469,,,,,,
34.454041,30.347851,29.683088,,,,,,
22.329610,25.546034,27.221350,,,,,,
21.730713,23.460012,24.469210,,,,,,
30.208115,30.503324,27.827689,,,,,,
26.525208,27.698085,28.608800,,,,,,
28.626596,25.629814,26.709776,,,,,,
36.517572,33.643681,28.401176,,,,,,
37.228560,40.499290,20.466089,,,,,,
34.505255,28.810834,34.651245,,,,,,
30.445157,32.565269,23.718171,,,,,,
27.855365,30.328495,25.098748,,,,,,
27.304368,31.172312,27.122923,,,,,,
53.008270,34.213053,26.631930,,,,,,
27.520260,43.827107,29.460506,,,,,,
36.132062,26.064895,31.305220,,,,,,
29.422949,31.378425,28.931750,,,,,,
24.784984,27.719448,24.813999,,,,,,
30.707348,29.763466,28.890365,,,,,,
31.539403,25.461698,40.968286,,,,,,
29.194769,41.839649,26.529075,,,,,,
41.773630,51.089059,37.445909,,,,,,
25.475363,22.054558,48.133482,,,,,,
31.988292,31.452057,26.778711,,,,,,
31.278998,33.236580,28.259981,,,,,,
30.403141,23.655158,36.423046,,,,,,
35.478215,29.328462,39.870628,,,,,,
44.164740,32.924706,22.267150,,,,,,
30.061037,19.447041,31.174019,,,,,,
24.638327,26.010259,23.382820,,,,,,
25.449309,30.388015,31.729345,,,,,,
24.546095,24.712344,31.560882,,,,,,
30.732307,37.217811,28.746600,,,,,,
44.164740,30.619277,32.125673,,,,,,
27.571513,29.222889,24.879856,,,,,,
22.363430,36.602849,23.630199,,,,,,
34.005476,24.317607,22.698431,,,,,,
23.936509,24.194094,28.117356,,,,,,
24.273831,24.974404,26.283438,,,,,,
39.159374,25.793631,30.363524,,,,,,
25.620408,30.757685,23.645675,,,,,,
27.998406,32.428989,25.785655,,,,,,
24.546094,43.146354,29.406574,,,,,,
28.358053,32.620902,33.286136,,,,,,
25.134913,23.880896,18.533818,,,,,,
31.466179,24.741481,34.488367,,,,,,
28.343402,34.429577,23.441222,,,,,,
27.783289,35.499460,41.420473,,,,,,
28.433570,33.089512,33.141049,,,,,,
41.365818,23.057016,43.891247,,,,,,
26.831510,33.021713,35.835187,,,,,,
33.883772,27.458288,24.522559,,,,,,
28.288519,24.859630,27.276109,,,,,,
28.337034,28.791060,33.489461,,,,,,
32.509883,30.871736,26.143681,,,,,,
24.149867,57.276056,26.096764,,,,,,
31.335907,26.407489,32.108906,,,,,,
36.382756,43.096923,41.823476,,,,,,
27.108011,26.716482,27.733528,,,,,,
27.304369,24.469669,22.636129,,,,,,
28.364407,32.874023,21.800303,,,,,,
29.659264,28.139562,37.056262,,,,,,
33.289027,26.169363,23.887669,,,,,,
35.557304,27.385339,25.453513,,,,,,
26.348737,35.967596,27.846679,,,,,,
32.615094,30.386486,26.413026,,,,,,
27.520258,27.977583,31.688906,,,,,,
28.788659,42.931738,23.308219,,,,,,
26.651892,41.525552,29.801426,,,,,,
22.339859,27.931989,47.799962,,,,,,
27.927069,21.439983,33.754252,,,,,,
26.985584,29.724792,22.556500,,,,,,
29.942775,26.273003,26.367063,,,,,,
31.790519,23.556717,30.188916,,,,,,
24.245134,23.159742,39.830319,,,,,,
26.348738,23.721168,25.034039,,,,,,
35.173522,28.567606,22.838610,,,,,,
35.755351,28.023026,26.002416,,,,,,
32.091985,53.666038,32.265885,,,,,,
31.544539,27.361563,29.312233,,,,,,
38.469498,35.353011,22.284578,,,,,,
28.653419,51.234674,32.302418,,,,,,
25.915603,39.651589,25.404007,,,,,,
29.095355,29.496465,37.201854,,,,,,
30.554097,39.937274,30.338160,,,,,,
23.898046,37.306593,37.890386,,,,,,
24.053842,26.536611,50.052176,,,,,,
21.848200,26.689518,31.873057,,,,,,
30.577644,33.693318,41.565700,,,,,,
39.705047,31.670915,28.834272,,,,,,
30.655170,28.458046,23.113920,,,,,,
45.033049,30.485689,22.777073,,,,,,
33.192688,28.186264,25.724360,,,,,,
26.706528,29.825261,25.516115,,,,,,
24.424884,27.264150,24.332637,,,,,,
40.036646,27.721287,23.292292,,,,,,
22.758550,29.946513,25.426790,,,,,,
32.360535,30.851551,30.613880,,,,,,
24.024618,25.710916,26.529074,,,,,,
31.539402,32.396418,33.096093,,,,,,
30.481557,29.453830,32.235110,,,,,,
24.207646,23.054363,22.838611,,,,,,
42.670404,35.497214,29.808258,,,,,,
34.835630,25.090375,28.076809,,,,,,
28.585316,25.766827,29.553903,,,,,,
24.024615,28.744596,29.646711,,,,,,
42.157494,26.766308,32.274189,,,,,,
36.272623,22.313680,24.293111,,,,,,
31.261729,25.235508,29.983433,,,,,,
24.396542,31.992944,22.119612,,,,,,
26.808030,33.757214,21.751031,,,,,,
23.540574,34.087219,40.564336,,,,,,
23.140405,27.434639,28.676299,,,,,,
23.770121,60.518156,24.931464,,,,,,
35.041895,28.853693,25.404010,,,,,,
28.605972,34.119069,26.549969,,,,,,
49.993370,36.274467,34.884556,,,,,,
32.334638,24.317609,34.070197,,,,,,
23.770121,26.687537,33.979774,,,,,,
27.130977,30.028896,32.717402,,,,,,
31.296254,26.639408,52.804536,,,,,,
29.358372,33.661908,37.054376,,,,,,
32.424921,29.202014,24.828035,,,,,,
29.697615,38.545737,21.970079,,,,,,
23.571011,28.591147,26.203033,,,,,,
33.314881,33.484299,31.014754,,,,,,
37.357356,29.865259,24.401114,,,,,,
29.299468,24.410020,35.758222,,,,,,
24.024617,46.508659,30.981438,,,,,,
37.516548,18.434472,33.440018,,,,,,
26.628091,62.883682,20.466088,,,,,,
28.433571,28.656374,26.778710,,,,,,
29.634234,25.434189,30.520356,,,,,,
42.599743,29.433280,36.064788,,,,,,
25.362892,45.486716,21.439384,,,,,,
32.290991,25.600511,32.156657,,,,,,
27.520258,33.694567,27.373437,,,,,,
37.054582,29.030574,36.471238,,,,,,
28.084322,30.326960,29.719374,,,,,,
28.626598,26.273003,26.308449,,,,,,
34.580313,28.681485,27.079339,,,,,,
23.108822,29.682811,23.514982,,,,,,
35.597343,28.253373,21.209179,,,,,,
35.415064,23.460013,29.114557,,,,,,
25.108151,22.848775,26.721893,,,,,,
29.899336,35.799382,29.775097,,,,,,
36.144995,40.184994,41.883229,,,,,,
45.085493,38.861538,30.691223,,,,,,
34.382752,31.760866,28.540984,,,,,,
26.580369,26.534604,36.330868,,,,,,
27.898830,32.099774,25.538699,,,,,,
24.518030,20.274182,25.675895,,,,,,
23.408701,22.566920,30.150913,,,,,,
23.571012,22.953368,25.894489,,,,,,
25.019356,23.591313,23.324126,,,,,,
33.776001,39.100656,27.373435,,,,,,
36.208322,33.368896,23.456948,,,,,,
27.349602,36.398037,25.300388,,,,,,
52.181657,36.275543,22.777073,,,,,,
25.781561,26.197407,26.203035,,,,,,
27.183708,24.133071,30.423467,,,,,,
22.939882,24.007647,27.427590,,,,,,
24.875457,27.387222,36.532276,,,,,,
27.593713,21.443053,43.876426,,,,,,
35.059799,29.763469,24.139706,,,,,,
32.578494,38.678117,33.774744,,,,,,
29.836811,29.349158,28.764398,,,,,,
29.063290,33.452491,39.661097,,,,,,
40.071419,27.626399,23.441222,,,,,,
28.653418,36.533064,27.447139,,,,,,
30.499722,36.912368,44.596583,,,,,,
23.927582,28.723018,27.838850,,,,,,
28.133546,26.842656,26.320940,,,,,,
25.781561,27.931989,32.357861,,,,,,
24.574093,28.070115,21.751030,,,,,,
24.546094,23.524570,27.921216,,,,,,
28.537643,46.733840,30.134714,,,,,,
23.035762,36.053293,25.916419,,,,,,
42.990094,28.430791,21.577775,,,,,,
26.421518,27.481896,30.134715,,,,,,
30.189596,32.045069,33.541059,,,,,,
25.249418,25.656905,22.137271,,,,,,
36.450289,28.345875,26.607523,,,,,,
37.679111,21.082181,36.800606,,,,,,
29.285742,26.195349,30.372898,,,,,,
31.845619,28.569337,22.556500,,,,,,
22.725895,57.060669,29.553901,,,,,,
22.261657,25.404432,21.118406,,,,,,
29.149070,26.195349,23.514982,,,,,,
38.898665,25.293538,44.008591,,,,,,
25.998390,25.546033,29.497343,,,,,,
26.706528,29.006063,25.942142,,,,,,
32.839177,23.912092,35.921214,,,,,,
39.195716,32.736345,49.537559,,,,,,
40.039837,37.553233,41.518572,,,,,,
40.185820,20.876599,42.927173,,,,,,
44.671827,31.041988,42.182411,,,,,,
28.910418,27.238260,33.278328,,,,,,
32.942301,26.612286,27.166368,,,,,,
28.154866,29.579754,27.650039,,,,,,
25.561022,28.070116,27.134673,,,,,,
28.019936,46.592827,32.790791,,,,,,
37.631456,31.450629,39.009166,,,,,,
26.023352,31.579028,25.047830,,,,,,
33.801114,25.179437,35.342040,,,,,,
30.541477,28.503710,34.977436,,,,,,
49.227771,23.591314,36.813377,,,,,,
24.902721,30.249284,26.766647,,,,,,
28.176157,29.682810,24.575675,,,,,,
25.423207,26.793116,28.430111,,,,,,
32.803074,29.135881,37.985351,,,,,,
36.559354,35.813272,26.746092,,,,,,
29.350635,27.792487,32.257574,,,,,,
23.829756,36.520771,32.170883,,,,,,
28.956871,27.954806,28.065834,,,,,,
27.833580,31.596882,23.382820,,,,,,
25.249417,23.057017,23.973765,,,,,,
28.475290,42.551901,25.227177,,,,,,
38.905417,25.710916,20.368555,,,,,,
49.804669,36.764854,27.861150,,,,,,
24.757459,23.359917,34.414748,,,,,,
38.344609,25.432006,29.104350,,,,,,
23.306460,28.024827,28.540984,,,,,,
32.323356,38.775966,21.007268,,,,,,
29.149068,24.622193,26.562232,,,,,,
28.231476,27.954804,27.943383,,,,,,
27.855364,43.990071,26.096763,,,,,,
27.593715,34.414541,26.367063,,,,,,
21.344586,25.293539,27.067541,,,,,,
23.035763,34.136791,36.372766,,,,,,
32.047686,24.680822,21.885521,,,,,,
37.855636,25.571142,27.011932,,,,,,
21.694889,27.409070,39.331130,,,,,,
24.453162,37.488957,36.300034,,,,,,
38.676223,29.905152,31.096393,,,,,,
31.988289,31.869257,38.671970,,,,,,
26.211663,29.009422,29.329351,,,,,,
31.392611,37.082586,27.276108,,,,,,
30.559571,33.724672,27.733528,,,,,,
34.729461,25.406621,29.443542,,,,,,
41.737792,28.791062,39.657251,,,,,,
32.766895,32.874023,23.324125,,,,,,
30.439645,24.133071,27.470078,,,,,,
31.001937,22.241892,23.702791,,,,,,
37.005306,27.190152,42.085926,,,,,,
30.768030,39.395280,23.324125,,,,,,
42.899361,30.890416,20.445422,,,,,,
25.161618,26.036564,34.590613,,,,,,
43.098653,27.042868,41.815059,,,,,,
27.153901,29.369824,29.856839,,,,,,
35.711666,47.696423,23.249147,,,,,,
26.055802,37.056656,19.828907,,,,,,
31.318698,35.325618,25.047831,,,,,,
35.868676,21.244430,27.512433,,,,,,
23.408700,26.741416,28.942077,,,,,,
23.244108,25.434189,46.550240,,,,,,
26.730188,23.623279,27.786289,,,,,,
25.915601,32.081099,28.823868,,,,,,
25.196322,24.007646,28.844670,,,,,,
19.928352,29.969510,28.668918,,,,,,
29.512520,27.167949,29.617166,,,,,,
26.831510,19.683414,21.800302,,,,,,
24.178791,31.003496,28.267577,,,,,,
28.626596,23.752786,20.270080,,,,,,
28.385384,21.323082,23.999343,,,,,,
30.318763,37.772705,24.996703,,,,,,
35.203664,28.767847,34.750395,,,,,,
26.955338,29.453831,26.262118,,,,,,
44.309859,31.395074,29.217283,,,,,,
48.542506,27.649718,31.656998,,,,,,
48.977525,37.489962,20.787361,,,,,,
25.998390,34.474598,24.454759,,,,,,
45.016385,25.822497,36.753275,,,,,,
30.867708,32.804017,23.189772,,,,,,
25.222898,28.940716,24.415630,,,,,,
26.549189,24.226894,26.342163,,,,,,
25.475360,27.838536,23.233138,,,,,,
26.187057,37.960042,27.838849,,,,,,
30.903121,29.765062,22.036199,,,,,,
25.475361,29.392098,20.934478,,,,,,
32.509880,29.620418,38.772948,,,,,,
38.134267,32.773507,25.440159,,,,,,
29.155085,24.917149,26.354619,,,,,,
36.936044,35.613304,20.113046,,,,,,
24.024615,30.307578,38.732041,,,,,,
29.003179,36.709955,25.034040,,,,,,
24.784984,20.663583,27.838850,,,,,,
41.343089,41.280759,23.324126,,,,,,
23.418029,36.384587,36.688471,,,,,,
28.585317,21.561696,28.190472,,,,,,
23.927582,23.943208,29.008033,,,,,,
24.120873,23.460013,30.829274,,,,,,
41.847098,28.277438,25.737421,,,,,,
28.782491,35.497214,28.862346,,,,,,
57.810191,38.837939,26.766647,,,,,,
31.878891,33.468400,33.458590,,,,,,
29.180945,32.063784,27.111162,,,,,,
28.112190,24.768248,28.668916,,,,,,
25.019356,48.108124,32.374376,,,,,,
25.998390,28.503710,29.302165,,,,,,
35.641306,33.322110,27.209672,,,,,,
30.104012,36.427044,47.689116,,,,,,
29.999187,34.290182,32.125674,,,,,,
29.003177,29.137544,30.529636,,,,,,
33.314878,25.207505,28.668917,,,,,,
39.286789,23.392517,32.265885,,,,,,
30.673134,27.792485,26.367062,,,,,,
28.605972,26.536611,24.415629,,,,,,
41.524305,39.626209,19.909990,,,,,,
45.238796,21.754595,24.931463,,,,,,
28.225059,42.881815,23.702791,,,,,,
33.499666,30.347850,28.577070,,,,,,
30.202516,24.590438,33.896399,,,,,,
35.321800,21.244431,27.393061,,,,,,
26.317008,20.317430,31.625023,,,,,,
20.932298,33.964127,28.949318,,,,,,
35.838426,23.258956,21.751030,,,,,,
22.329610,33.107063,23.324124,,,,,,
34.537886,29.198700,28.718301,,,,,,
29.980407,34.657063,28.530363,,,,,,
30.023610,25.120877,43.864293,,,,,,
27.304368,40.330500,31.856022,,,,,,
20.287796,40.531852,32.858237,,,,,,
19.612820,24.976666,25.453512,,,,,,
39.326191,25.516537,24.454761,,,,,,
33.712180,27.481896,23.514982,,,,,,
25.222899,22.780323,27.361890,,,,,,
26.932072,22.919505,29.406574,,,,,,
31.684840,24.038515,25.954985,,,,,,
27.948706,26.483905,25.489523,,,,,,
30.085366,28.321925,24.154533,,,,,,
28.570897,30.485687,22.619240,,,,,,
21.418473,38.823300,23.530610,,,,,,
33.091123,32.671048,40.710494,,,,,,
26.080655,33.467139,25.390602,,,,,,
36.119118,27.434639,29.094137,,,,,,
35.968238,41.110307,33.541057,,,,,,
28.041430,28.458045,41.311770,,,,,,
27.615875,33.124597,29.189889,,,,,,
34.673355,35.440573,29.169575,,,,,,
24.784983,40.107626,28.490985,,,,,,
26.260734,23.492336,27.995359,,,,,,
29.129176,34.351873,28.300005,,,,,,
26.030900,30.523976,19.724955,,,,,,
55.726948,35.086538,44.223731,,,,,,
43.686513,21.162042,22.636129,,,,,,
30.714411,26.089016,24.469211,,,,,,
56.280861,26.867356,22.476305,,,,,,
25.998389,34.166124,33.916716,,,,,,
31.988290,21.944130,20.466088,,,,,,
27.453195,24.133071,33.517979,,,,,,
27.571513,25.205283,21.350561,,,,,,
25.475360,26.967652,24.879856,,,,,,
26.651892,36.372198,19.888152,,,,,,
23.140405,35.236338,31.656997,,,,,,
23.610548,31.208936,24.522558,,,,,,
41.609329,25.062044,26.835291,,,,,,
28.343399,39.204318,27.501002,,,,,,
29.804573,27.042869,44.029571,,,,,,
37.228562,26.143324,29.104353,,,,,,
33.172706,25.981810,28.509100,,,,,,
24.546094,28.961971,37.020316,,,,,,
27.108012,25.739966,23.687388,,,,,,
27.615877,35.295904,34.461439,,,,,,
21.999389,29.200356,21.458181,,,,,,
35.209042,31.378428,30.675591,,,,,,
28.706915,25.005190,25.061605,,,,,,
41.754258,38.198343,23.702789,,,,,,
30.595698,28.636387,29.553903,,,,,,
30.476056,28.525618,25.929286,,,,,,
27.130976,29.926635,25.277375,,,,,,
39.784125,34.087221,22.899817,,,,,,
26.236221,24.069305,37.674644,,,,,,
30.281971,22.241891,25.833710,,,,,,
29.557103,21.561696,27.330647,,,,,,
32.766895,36.724218,33.272847,,,,,,
31.187190,32.531638,31.879027,,,,,,
27.304368,27.264150,39.992704,,,,,,
47.368258,32.008960,32.187584,,,,,,
24.053841,36.273390,34.745373,,,,,,
38.679632,29.412705,28.401178,,,,,,
33.238615,23.815770,28.569636,,,,,,
30.920798,26.691500,25.277376,,,,,,
32.461869,27.931992,32.335538,,,,,,
24.929928,38.739449,42.035067,,,,,,
31.966777,29.135878,24.508170,,,,,,
32.714860,32.461487,34.831871,,,,,,
38.630997,28.345876,26.979873,,,,,,
24.489902,18.747802,28.668917,,,,,,
34.519433,20.274183,21.577775,,,,,,
34.009892,30.926233,39.178420,,,,,,
32.719633,21.907073,29.396568,,,,,,
24.331023,27.359676,23.441221,,,,,,
25.019357,23.878420,32.769049,,,,,,
29.589884,22.639421,37.495823,,,,,,
24.784986,26.064894,23.774938,,,,,,
28.647193,25.849185,21.751030,,,,,,
32.922018,30.464986,31.543506,,,,,,
28.358052,28.299701,36.937441,,,,,,
33.117285,26.689517,29.964181,,,,,,
23.470184,49.159616,31.526115,,,,,,
23.927583,23.752786,26.354617,,,,,,
26.428838,26.716482,29.056271,,,,,,
32.064124,28.117046,26.516781,,,,,,
26.421518,25.293539,48.254896,,,,,,
35.681151,24.712346,31.784250,,,,,,
35.724905,30.268740,32.125672,,,,,,
24.396542,27.266050,33.016126,,,,,,
51.803428,36.990645,30.545416,,,,,,
27.108011,22.531885,41.498488,,,,,,
30.577644,26.062818,24.347233,,,,,,
36.882702,28.480024,25.675895,,,,,,
27.805154,33.676372,23.265134,,,,,,
32.615094,41.848195,24.029333,,,,,,
26.978565,42.311296,25.855743,,,,,,
31.878892,33.221722,36.712238,,,,,,
43.780179,38.680010,19.909989,,,,,,
32.216225,26.277093,23.514982,,,,,,
22.971931,25.434192,28.230695,,,,,,
29.254095,31.449201,25.724360,,,,,,
25.915601,26.741416,25.963991,,,,,,
23.108821,28.163824,26.676987,,,,,,
30.109651,24.007647,34.779020,,,,,,
26.675647,23.623279,25.772644,,,,,,
21.883524,29.409439,47.479768,,,,,,
28.427245,24.680821,27.932303,,,,,,
27.153901,46.558004,22.284577,,,,,,
22.474413,27.507330,32.714987,,,,,,
30.517871,33.465876,32.052592,,,,,,
50.889372,25.822497,23.483665,,,,,,
34.207409,49.695615,28.440806,,,,,,
32.286088,24.976666,29.517207,,,,,,
30.903120,25.376801,35.753486,,,,,,
22.034231,46.170909,27.703117,,,,,,
26.421518,27.093425,26.413025,,,,,,
27.423972,29.390463,25.881586,,,,,,
24.302460,27.337747,27.984319,,,,,,
24.053842,29.137545,35.952697,,,,,,
33.688310,30.544600,30.205052,,,,,,
25.449310,22.130448,30.700401,,,,,,
31.261728,19.959062,31.841516,,,,,,
26.341372,29.433280,29.189889,,,,,,
31.370273,29.176131,25.327377,,,,,,
22.584309,27.335856,23.958709,,,,,,
29.089313,26.326554,62.742338,,,,,,
25.019356,25.737836,32.366123,,,,,,
51.251582,45.643201,24.293112,,,,,,
35.981289,59.306681,36.109294,,,,,,
18.967892,36.911333,27.554658,,,,,,
29.961605,33.467136,23.759631,,,,,,
27.571514,24.888422,34.522518,,,,,,
26.341372,22.205822,24.865879,,,,,,
24.424884,25.349107,41.001252,,,,,,
20.246680,32.412038,34.791178,,,,,,
67.706288,34.164918,23.645674,,,,,,
27.401496,27.698087,25.313889,,,,,,
25.134914,22.604609,24.347233,,,,,,
32.075577,24.888421,29.627020,,,,,,
51.799035,52.220636,24.508169,,,,,,
21.381594,30.249283,30.205051,,,,,,
31.449111,50.711217,24.747791,,,,,,
29.260067,22.241892,41.663104,,,,,,
39.670629,24.501738,19.171466,,,,,,
30.122639,28.277438,23.588282,,,,,,
31.539402,27.603038,25.149463,,,,,,
38.225884,28.186263,30.795558,,,,,,
31.517271,26.865400,22.760393,,,,,,
26.978563,33.901016,28.036143,,,,,,
31.651156,29.537360,30.195569,,,,,,
29.194768,36.558684,23.189773,,,,,,
27.085008,39.324454,25.502826,,,,,,
28.294905,40.464959,31.665626,,,,,,
26.501180,30.622292,27.142912,,,,,,
29.999185,29.433280,24.968994,,,,,,
31.318698,29.306093,25.551949,,,,,,
31.646056,25.928922,39.272870,,,,,,
28.869943,57.236635,33.697971,,,,,,
22.971931,26.561882,22.777073,,,,,,
36.046407,28.024824,21.350562,,,,,,
27.497940,35.912433,26.131024,,,,,,
26.187057,26.892011,26.619732,,,,,,
35.000581,46.567534,26.835290,,,,,,
40.106119,35.194389,24.709582,,,,,,
35.087261,25.518705,41.917722,,,,,,
38.359558,24.501738,31.263680,,,,,,
22.865737,28.855389,34.387700,,,,,,
24.902722,31.023489,26.891634,,,,,,
32.751154,22.277844,27.577421,,,,,,
40.067256,31.378424,26.274650,,,,,,
33.830655,27.838536,35.076857,,,,,,
33.869053,41.829470,24.761900,,,,,,
21.221442,19.729288,24.099544,,,,,,
27.031890,34.042385,27.797485,,,,,,
24.757460,36.343097,25.894489,,,,,,
23.510058,43.572293,25.061605,,,,,,
29.493116,23.655157,26.354619,,,,,,
35.566625,34.687879,25.785655,,,,,,
26.268145,24.501737,29.008033,,,,,,
26.317007,,31.952905,,,,,,
30.546954,,24.154534,,,,,,
25.586845,,26.504478,,,,,,
26.105462,,31.975769,,,,,,
28.647192,,24.799947,,,,,,
22.114047,,21.970079,,,,,,
26.445690,,24.014347,,,,,,
26.651889,,38.876820,,,,,,
30.660608,,25.894489,,,,,,
24.812447,,34.358415,,,,,,
28.246246,,21.683158,,,,,,
22.897995,,36.541357,,,,,,
24.082998,,53.124788,,,,,,
41.182284,,25.149463,,,,,,
30.867709,,27.427591,,,,,,
25.362892,,29.689974,,,,,,
23.140404,,27.755996,,,,,,
21.611942,,28.487808,,,,,,
39.340408,,28.490983,,,,,,
27.258983,,24.372034,,,,,,
30.061039,,24.931464,,,,,,
32.424922,,26.991747,,,,,,
31.590261,,46.670517,,,,,,
32.216224,,27.264478,,,,,,
30.523356,,25.227176,,,,,,
31.778861,,41.115176,,,,,,
42.938821,,25.662770,,,,,,
25.310274,,26.923901,,,,,,
52.643678,,31.461565,,,,,,
24.396541,,25.989620,,,,,,
28.516888,,27.608104,,,,,,
28.379040,,29.656548,,,,,,
32.290991,,32.504269,,,,,,
30.908472,,28.509100,,,,,,
39.808679,,36.610542,,,,,,
26.080654,,25.163126,,,,,,
24.082998,,32.911828,,,,,,
36.045204,,33.088194,,,,,,
36.306032,,36.447159,,,,,,
23.540575,,28.036141,,,,,,
26.501183,,29.292089,,,,,,
25.134913,,27.608106,,,,,,
41.244022,,35.328188,,,,,,
24.120873,,32.701234,,,,,,
31.409744,,34.726012,,,,,,
28.133544,,22.167261,,,,,,
25.108152,,24.249075,,,,,,
36.816753,,31.856022,,,,,,
34.779869,,38.113831,,,,,,
21.455224,,22.184846,,,,,,
23.770122,,22.573483,,,,,,
30.098376,,51.551160,,,,,,
26.815141,,21.508802,,,,,,
37.029959,,31.032725,,,,,,
36.936046,,19.536383,,,,,,
27.644697,,35.192500,,,,,,
34.116193,,40.450981,,,,,,
27.920514,,32.882252,,,,,,
30.421405,,30.328761,,,,,,
33.445321,,38.463188,,,,,,
34.885734,,24.813999,,,,,,
34.881537,,23.425475,,,,,,
33.510158,,32.404887,,,,,,
40.057735,,29.433564,,,,,,
25.134914,,20.954190,,,,,,
28.956871,,31.405526,,,,,,
27.638005,,34.656294,,,,,,
21.539380,,42.825999,,,,,,
26.706529,,30.176588,,,,,,
28.062894,,34.483271,,,,,,
29.942776,,23.774939,,,,,,
33.801115,,31.809913,,,,,,
23.670986,,32.316513,,,,,,
26.080655,,27.703121,,,,,,
22.897995,,24.332636,,,,,,
27.571513,,27.330649,,,,,,
27.372164,,41.922650,,,,,,
43.500693,,28.969941,,,,,,
29.299469,,32.874251,,,,,,
30.655170,,53.774915,,,,,,
25.249419,,43.604215,,,,,,
29.614992,,27.910119,,,,,,
36.357214,,23.645674,,,,,,
34.789605,,26.049675,,,,,,
26.908767,,24.278451,,,,,,
28.890194,,24.575675,,,,,,
35.424456,,29.827707,,,,,,
30.390395,,28.844668,,,,,,
40.488078,,22.715203,,,,,,
25.948320,,26.923901,,,,,,
22.897996,,21.970079,,,,,,
45.058038,,33.148920,,,,,,
23.799977,,22.202401,,,,,,
34.005476,,37.045573,,,,,,
25.890431,,24.332637,,,,,,
25.108151,,37.584216,,,,,,
28.849665,,28.823866,,,,,,
25.671764,,25.881586,,,,,,
24.207646,,30.957079,,,,,,
25.948318,,25.989619,,,,,,
22.148528,,23.425475,,,,,,
24.910963,,31.599061,,,,,,
36.366131,,27.543264,,,,,,
27.349603,,37.085851,,,,,,
28.358053,,28.187225,,,,,,
29.653454,,38.853922,,,,,,
35.451356,,22.977089,,,,,,
25.222897,,34.685071,,,,,,
29.214570,,44.401293,,,,,,
22.261658,,28.883093,,,,,,
32.021268,,42.337434,,,,,,
25.475361,,33.207079,,,,,,
30.122638,,36.597630,,,,,,
39.438388,,25.807770,,,,,,
24.902723,,22.184845,,,,,,
27.085008,,36.096022,,,,,,
35.410993,,23.774939,,,,,,
31.517272,,31.074887,,,,,,
38.835998,,33.170167,,,,,,
22.617375,,25.404009,,,,,,
29.640054,,23.366994,,,,,,
40.161730,,23.530610,,,,,,
28.041430,,26.458834,,,,,,
28.176158,,27.596755,,,,,,
40.095620,,24.799947,,,,,,
26.573130,,28.959634,,,,,,
33.752224,,30.862919,,,,,,
35.728908,,21.439384,,,,,,
36.298283,,19.452147,,,,,,
23.829754,,27.827687,,,,,,
37.820238,,26.923901,,,,,,
28.829359,,41.183644,,,,,,
33.284415,,33.979772,,,,,,
22.584308,,41.746669,,,,,,
27.732815,,28.959632,,,,,,
24.929928,,36.819760,,,,,,
25.561022,,33.881334,,,,,,
41.564365,,32.866246,,,,,,
35.441975,,21.751030,,,,,,
29.168934,,33.937014,,,,,,
23.003891,,26.062413,,,,,,
25.671764,,32.723064,,,,,,
23.275326,,24.799946,,,,,,
27.327003,,30.623105,,,,,,
29.089312,,21.420555,,,,,,
29.149070,,31.156212,,,,,,
30.844605,,26.458833,,,,,,
25.586845,,29.359479,,,,,,
32.870471,,21.970079,,,,,,
32.599209,,33.497170,,,,,,
28.427246,,28.608801,,,,,,
49.404953,,28.921412,,,,,,
33.168066,,20.270079,,,,,,
24.091810,,24.209276,,,,,,
37.718355,,36.046816,,,,,,
26.292601,,22.693430,,,,,,
31.426852,,36.366227,,,,,,
26.831510,,30.009396,,,,,,
30.079717,,46.198670,,,,,,
27.258983,,24.828035,,,,,,
40.829534,,,,,,,,
26.317007,,,,,,,,
32.917302,,,,,,,,
33.334690,,,,,,,,
26.130221,,,,,,,,
42.263743,,,,,,,,
25.832280,,,,,,,,
28.427244,,,,,,,,
23.003890,,,,,,,,
29.582267,,,,,,,,
28.105721,,,,,,,,
29.880432,,,,,,,,
29.383877,,,,,,,,
32.922016,,,,,,,,
31.527558,,,,,,,,
44.112712,,,,,,,,
27.805151,,,,,,,,
30.673133,,,,,,,,
27.497940,,,,,,,,
21.539382,,,,,,,,
24.178791,,,,,,,,
23.244109,,,,,,,,
45.372170,,,,,,,,
25.586847,,,,,,,,
23.408700,,,,,,,,
27.401497,,,,,,,,
30.061039,,,,,,,,
31.735230,,,,,,,,
35.925072,,,,,,,,
32.004789,,,,,,,,
33.223319,,,,,,,,
30.926140,,,,,,,,
28.176159,,,,,,,,
34.683152,,,,,,,,
32.714858,,,,,,,,
33.839583,,,,,,,,
34.034664,,,,,,,,
25.275882,,,,,,,,
50.308517,,,,,,,,
39.659900,,,,,,,,
30.601157,,,,,,,,
26.525206,,,,,,,,
27.327007,,,,,,,,
31.204547,,,,,,,,
29.422947,,,,,,,,
21.999389,,,,,,,,
28.916530,,,,,,,,
39.111927,,,,,,,,
22.584308,,,,,,,,
42.841441,,,,,,,,
30.750178,,,,,,,,
30.499723,,,,,,,,
30.445157,,,,,,,,
24.024616,,,,,,,,
25.671765,,,,,,,,
23.701090,,,,,,,,
25.535147,,,,,,,,
46.898101,,,,,,,,
75.102578,,,,,,,,
27.497941,,,,,,,,
22.551146,,,,,,,,
48.036643,,,,,,,,
37.212687,,,,,,,,
25.890429,,,,,,,,
35.881800,,,,,,,,
29.194769,,,,,,,,
25.915601,,,,,,,,
46.826550,,,,,,,,
32.719632,,,,,,,,
37.216372,,,,,,,,
34.354150,,,,,,,,
27.571514,,,,,,,,
27.054986,,,,,,,,
29.653453,,,,,,,,
24.992345,,,,,,,,
35.361118,,,,,,,,
28.537645,,,,,,,,
28.105722,,,,,,,,
28.225059,,,,,,,,
31.634289,,,,,,,,
22.971930,,,,,,,,
28.537645,,,,,,,,
26.730188,,,,,,,,
24.784984,,,,,,,,
24.812448,,,,,,,,
29.487239,,,,,,,,
36.857854,,,,,,,,
24.368134,,,,,,,,
28.523175,,,,,,,,
31.790519,,,,,,,,
27.710837,,,,,,,,
29.614989,,,,,,,,
23.408701,,,,,,,,
29.942776,,,,,,,,
33.529735,,,,,,,,
27.542541,,,,,,,,
27.710837,,,,,,,,
24.453162,,,,,,,,
30.439642,,,,,,,,
31.072069,,,,,,,,
25.169690,,,,,,,,
26.105461,,,,,,,,
50.859353,,,,,,,,
31.037040,,,,,,,,
30.439643,,,,,,,,
36.588426,,,,,,,,
37.054583,,,,,,,,
30.737715,,,,,,,,
40.893284,,,,,,,,
31.129736,,,,,,,,
27.593713,,,,,,,,
23.829756,,,,,,,,
39.833200,,,,,,,,
35.654600,,,,,,,,
25.019360,,,,,,,,
27.497940,,,,,,,,
22.833390,,,,,,,,
44.156080,,,,,,,,
32.075580,,,,,,,,
35.768560,,,,,,,,
29.083270,,,,,,,,
26.955340,,,,,,,,
33.101880,,,,,,,,